cell_id,lat,lon,dist_to_drain_km,dist_to_incident_km,elevation_proxy,population_density,rainfall_mm
0,17.296138,78.423207,0.12808488351671785,6.852318961936862,21.132010945179864,4283,60.0
1,17.296138,78.427707,0.15953758382938574,6.473745949596614,17.71902209491088,4413,60.0
2,17.300638,78.414207,0.22581675476097293,7.389075439530344,24.740785117864455,4241,60.0
3,17.300638,78.418707,0.3905754429493364,6.974302274398596,25.03275454375505,4385,60.0
4,17.300638,78.423207,0.05596927674723275,6.568084794262263,16.1389938271672,4530,60.0
5,17.300638,78.427707,0.2631227200697574,6.172112507393341,17.586226131551854,4676,60.0
6,17.300638,78.432207,0.637783672211998,5.788488320392152,21.645686739012582,4822,60.0
7,17.305138,78.396207,0.5820164905636389,8.926239118456474,28.83329026602399,3877,60.0
8,17.305138,78.400707,0.4547307180723877,8.479082178168074,27.93260331741171,4018,60.0
9,17.305138,78.405207,0.23230889522838424,8.035440402847799,24.02048395600109,4165,60.0
10,17.305138,78.409707,0.09272060378089178,7.595929729447589,25.602733667632023,4316,60.0
11,17.305138,78.414207,0.14421832263753012,7.161310812191091,24.55717215071136,4472,60.0
12,17.305138,78.418707,0.40279752051116896,6.732531080771851,23.464760372598636,4632,60.0
13,17.305138,78.423207,0.5497268497986694,6.31078086073273,25.218797306289158,4795,60.0
14,17.305138,78.427707,0.6780906055063907,5.897568440275865,23.4303499565269,4959,60.0
15,17.305138,78.432207,0.9549238506659328,5.494820293961413,21.249414267062154,5124,60.0
16,17.305138,78.436707,0.8006201297992253,5.105013686592968,21.68057958926069,5287,60.0
17,17.305138,78.441207,0.46785838157966353,4.731348385194989,16.054390944442545,5447,60.0
18,17.305138,78.445707,0.3596526780822515,4.377959395690794,18.261702443553116,5602,60.0
19,17.305138,78.450207,0.30187042495976046,4.050157716278866,15.422803316378088,5749,60.0
20,17.305138,78.454707,0.634376755530246,3.7546510773786896,16.715715264874067,5886,60.0
21,17.305138,78.459207,0.744557689823322,3.4996299847195496,16.169580661865194,6010,60.0
22,17.305138,78.571707,0.9340159079261032,5.463673352352726,30.07378312337456,3752,60.0
23,17.305138,78.576207,1.078874750508788,5.671880724019378,26.963971318754368,3601,60.0
24,17.305138,78.580707,0.8676317877483063,5.911435529984684,23.89825060309403,3457,60.0
25,17.305138,78.585207,0.3986406596478278,6.178692720362733,20.000595375260097,3321,60.0
26,17.305138,78.589707,0.04145061566172363,6.470220403374771,18.44475436299626,3191,60.0
27,17.305138,78.594207,0.23124703099758645,6.782889873046585,18.16090731431121,3069,60.0
28,17.305138,78.598707,0.014201657321326434,7.113914015175591,15.992192844421599,2954,60.0
29,17.305138,78.603207,0.1371297825734323,7.460850140700483,15.963848079307887,2846,60.0
30,17.309638,78.387207,1.1970171347592788,9.684951254767224,38.898506922982506,3773,60.0
31,17.309638,78.391707,0.7492193925382848,9.225119366021474,30.754981675122096,3914,60.0
32,17.309638,78.396207,0.3253648844702926,8.767196857817703,27.411054825970282,4062,60.0
33,17.309638,78.400707,0.07258362935669613,8.311499328697726,24.492668901264487,4217,60.0
34,17.309638,78.405207,0.5388124561029983,7.858413857971235,29.16721984195538,4378,60.0
35,17.309638,78.409707,0.2502448473622787,7.408419707632211,27.32752721427375,4546,60.0
36,17.309638,78.414207,0.1344487851396516,6.962116323252391,22.897343547466562,4718,60.0
37,17.309638,78.418707,0.5351086879512269,6.520261633469133,22.52439885810116,4896,60.0
38,17.309638,78.423207,0.6749004292233705,6.083825012180544,22.03789309335681,5078,60.0
39,17.309638,78.427707,0.5190998605449568,5.654061259958927,22.708345796458342,5262,60.0
40,17.309638,78.432207,0.7304918510269882,5.232614798475379,22.87230043044474,5448,60.0
41,17.309638,78.436707,1.154018470256282,4.821667084622691,23.82038630808323,5633,60.0
42,17.309638,78.441207,0.7368839749538216,4.42414469369337,17.842768275506742,5815,60.0
43,17.309638,78.445707,0.30765753661032746,4.044008657094835,16.174829562936054,5991,60.0
44,17.309638,78.450207,0.22135136745594908,3.6866411163068347,14.736371429133996,6160,60.0
45,17.309638,78.454707,0.16802594341719787,3.359316355692004,14.151291464987752,6318,60.0
46,17.309638,78.459207,0.3529735826392509,3.0716537876904546,16.333020677183114,6462,60.0
47,17.309638,78.472707,0.041177489278295724,2.573598760803896,13.916584151349802,6782,60.0
48,17.309638,78.567207,0.4931986583312417,4.8197177092184935,27.772686777757468,4087,60.0
49,17.309638,78.571707,0.43635114504576855,5.009171887697613,24.950609438491927,3913,60.0
50,17.309638,78.576207,0.6942479355121017,5.235479983742154,25.611745624010393,3748,60.0
51,17.309638,78.580707,1.0362606716973284,5.494089712981814,26.990786509573663,3590,60.0
52,17.309638,78.585207,0.6798091033857312,5.78066746503803,19.333628128700436,3441,60.0
53,17.309638,78.589707,0.5297442699037561,6.09126705699105,19.42580910083568,3300,60.0
54,17.309638,78.594207,0.26222330725001497,6.422404209247435,16.337480532712604,3167,60.0
55,17.309638,78.598707,0.18375743723652013,6.771066440467775,14.486661371057446,3042,60.0
56,17.309638,78.603207,0.21535323769849218,7.134684933466586,14.533182671649836,2925,60.0
57,17.309638,78.607707,0.057738004845141876,7.5110878639560115,16.45775148955025,2816,60.0
58,17.309638,78.612207,0.11058045350863176,7.898447704382393,11.60561864776819,2714,60.0
59,17.314138,78.378207,1.4077115037706291,10.499722122692763,38.15672642803965,3658,60.0
60,17.314138,78.382707,1.0144188567680936,10.031760196776368,30.62404327087005,3796,60.0
61,17.314138,78.387207,0.7260352341077543,9.564759085715407,31.46370468978153,3943,60.0
62,17.314138,78.391707,0.5961652904245222,9.098866733020502,31.302451177735158,4096,60.0
63,17.314138,78.396207,0.1224929670481083,8.6342626218345,28.69093389195771,4258,60.0
64,17.314138,78.400707,0.24669047393009808,8.171166499648196,28.850511916660455,4427,60.0
65,17.314138,78.405207,0.7229448844929783,7.709850105931338,30.844471463855403,4604,60.0
66,17.314138,78.409707,0.4923852528891302,7.250653149871994,25.990179289744603,4788,60.0
67,17.314138,78.414207,0.48122769022742806,6.794005394474537,24.388557440977635,4979,60.0
68,17.314138,78.418707,0.8186911366874584,6.340457653882305,27.668183429573936,5177,60.0
69,17.314138,78.423207,0.43189335584604616,5.890726015063832,21.829418433606655,5379,60.0
70,17.314138,78.427707,0.039931536336263826,5.4457560058098515,15.901722863635587,5586,60.0
71,17.314138,78.432207,0.5108504781195079,5.00681732582664,17.662600359348353,5794,60.0
72,17.314138,78.436707,0.653644487085581,4.575646048946131,17.69892993044994,6003,60.0
73,17.314138,78.441207,0.8114223061251338,4.154661185965222,20.37237811530723,6210,60.0
74,17.314138,78.445707,0.7376448986200047,3.7472974462961393,18.2912105378987,6412,60.0
75,17.314138,78.450207,0.3424936753023288,3.3585149262037732,16.294820479523345,6606,60.0
76,17.314138,78.454707,0.04191990047105001,2.9955571513894372,11.765047882939207,6788,60.0
77,17.314138,78.459207,0.30416368644467445,2.6689808102319637,14.265850108813947,6955,60.0
78,17.314138,78.468207,0.3507182841823712,2.18922765988765,15.75396032466415,7229,60.0
79,17.314138,78.472707,0.14772487642510346,2.0765069254338266,13.17617673071139,7329,60.0
80,17.314138,78.477207,0.4633810916688506,2.070603790908335,17.341552537807,7401,60.0
81,17.314138,78.481707,0.8829212803674787,2.172389212245508,18.565845193175328,7441,60.0
82,17.314138,78.486207,1.341681761869909,2.3680172091451954,23.03534729688405,7449,60.0
83,17.314138,78.499707,1.553201210689085,3.3181820373994073,28.290410986130535,7279,60.0
84,17.314138,78.504207,1.6609476793239637,3.7045898248494056,28.727095352838646,7162,60.0
85,17.314138,78.553707,0.3947005372045147,4.015245126859425,30.056535250320565,4895,60.0
86,17.314138,78.558207,0.4140174933318988,4.076191258931134,27.404871894353438,4680,60.0
87,17.314138,78.562707,0.676621126237036,4.191036770210732,28.90013308060949,4472,60.0
88,17.314138,78.567207,0.20016757670161575,4.35552012024496,25.778164586827067,4272,60.0
89,17.314138,78.571707,0.07547774324008102,4.564278048544561,23.64501072821126,4081,60.0
90,17.314138,78.576207,0.5484015752517202,4.81155120184018,25.529388346572134,3899,60.0
91,17.314138,78.580707,1.0240695096097843,5.091731346714431,25.435434929357953,3727,60.0
92,17.314138,78.585207,1.1232132137846393,5.399698465696491,23.976996082117033,3564,60.0
93,17.314138,78.589707,0.7518372885484467,5.730974716937005,21.09412615745113,3411,60.0
94,17.314138,78.594207,0.3840875394433636,6.081752310169598,14.435877727402207,3267,60.0
95,17.314138,78.598707,0.29978351628723965,6.448849772358339,13.31919222128366,3132,60.0
96,17.314138,78.603207,0.05426658262974697,6.82963599880629,11.184086175355812,3006,60.0
97,17.314138,78.607707,0.4723455620495323,7.221946041668832,13.642541887285766,2889,60.0
98,17.314138,78.612207,0.26369551882115394,7.624001156947672,14.716315110860158,2779,60.0
99,17.314138,78.616707,0.22970749714039862,8.034338486150979,11.681201114101162,2678,60.0
100,17.314138,78.621207,0.36154716644907803,8.451751796636263,13.561012878499143,2583,60.0
101,17.318638,78.378207,1.0592611321024905,10.41301085082536,36.82073465930957,3814,60.0
102,17.318638,78.382707,0.7625510191582565,9.940979746008923,31.86040292372125,3964,60.0
103,17.318638,78.387207,0.32919314440670033,9.469514570130421,31.32030406915927,4121,60.0
104,17.318638,78.391707,0.20982939740265874,8.99870427531224,26.880040443793185,4288,60.0
105,17.318638,78.396207,0.534115070490814,8.528657317368229,29.658333548388654,4463,60.0
106,17.318638,78.400707,0.5728114992974559,8.059507255795161,27.555751417794262,4648,60.0
107,17.318638,78.405207,0.889629783652031,7.591420377376084,29.63856012032295,4841,60.0
108,17.318638,78.409707,0.9592687104097936,7.124606238989522,31.214117564158414,5044,60.0
109,17.318638,78.414207,0.9552687967998926,6.659332500615728,24.731828946311005,5254,60.0
110,17.318638,78.418707,0.6233671931185102,6.195946193190435,25.6615525947267,5473,60.0
111,17.318638,78.423207,0.32246138257049994,5.7349048544274845,22.02637768991367,5698,60.0
112,17.318638,78.427707,0.3032486362060583,5.2768231672164125,18.823369715238805,5929,60.0
113,17.318638,78.432207,0.3592312265897693,4.822544595734685,16.08990454111593,6164,60.0
114,17.318638,78.436707,0.15329130965830126,4.373254464492735,16.627634632532327,6400,60.0
115,17.318638,78.441207,0.48991534114692437,3.930663740435728,16.324480042365096,6635,60.0
116,17.318638,78.445707,0.9415234957966535,3.497316809697518,19.6183422103758,6866,60.0
117,17.318638,78.450207,0.6491274752027998,3.077121527336593,16.71210098296855,7089,60.0
118,17.318638,78.454707,0.4467668686647694,2.6762797913744856,18.161076711170825,7299,60.0
119,17.318638,78.459207,0.560548005918579,2.3049110073503822,14.914333352928942,7493,60.0
120,17.318638,78.463707,0.9119811360230252,1.9796718377744331,15.465026661822261,7666,60.0
121,17.318638,78.468207,0.7548447798918647,1.7268268653488887,17.19533709282983,7814,60.0
122,17.318638,78.472707,0.6464398006527682,1.5814885599219668,17.142489398041945,7932,60.0
123,17.318638,78.477207,0.8130588000786023,1.5737298727402256,21.168605194252052,8016,60.0
124,17.318638,78.481707,1.148680020617068,1.7054295542410811,23.089909328052748,8065,60.0
125,17.318638,78.486207,1.5341418304203929,1.9485119505147994,25.578756616834262,8075,60.0
126,17.318638,78.490707,1.957172325839509,2.2674329719605097,31.60259151995575,8046,60.0
127,17.318638,78.495207,1.9835841006345236,2.634796073103159,27.828822890576273,7980,60.0
128,17.318638,78.499707,2.038545657924781,3.0330501172651996,30.683282799842054,7876,60.0
129,17.318638,78.504207,1.7680905623036391,3.4515185472620447,29.92224648305584,7739,60.0
130,17.318638,78.508707,1.3154146080099915,3.883672508093987,29.677361972602785,7572,60.0
131,17.318638,78.549207,0.7129752284035542,3.5109921653030955,28.96449870615303,5400,60.0
132,17.318638,78.553707,0.2711743029982444,3.5162330061464693,29.69189609485388,5153,60.0
133,17.318638,78.558207,0.29840913798387225,3.5856692849551903,27.275536947245698,4913,60.0
134,17.318638,78.562707,0.7453213138674392,3.7157038347026745,26.4032234017792,4683,60.0
135,17.318638,78.567207,0.4126983938073659,3.9002803554934165,24.103864501248964,4463,60.0
136,17.318638,78.571707,0.31409456907666056,4.132096297641223,24.838125166039326,4253,60.0
137,17.318638,78.576207,0.6716751654941331,4.403697749708915,26.625355672628277,4054,60.0
138,17.318638,78.580707,1.122508567997215,4.70820443732264,30.210389264260968,3866,60.0
139,17.318638,78.585207,1.1460846857060036,5.0396552729274005,30.76567558685157,3690,60.0
140,17.318638,78.589707,0.7181744071410022,5.393084702468658,21.841514177422496,3523,60.0
141,17.318638,78.594207,0.41650355643290343,5.764451494787178,15.972314017117954,3368,60.0
142,17.318638,78.598707,0.13353018657557902,6.150507340940047,10.885123376807332,3223,60.0
143,17.318638,78.603207,0.1569595685181061,6.5486549115869215,14.903510826483743,3088,60.0
144,17.318638,78.607707,0.632245492327969,6.956818441883102,14.884629374107293,2962,60.0
145,17.318638,78.612207,0.7462591917138273,7.373334767573898,15.889918883991681,2845,60.0
146,17.318638,78.616707,0.7297485665279749,7.796865359359766,15.174062119915142,2736,60.0
147,17.323138,78.378207,0.5611453452904374,10.349791277774267,30.790618136835093,3978,60.0
148,17.323138,78.382707,0.6416658091366262,9.87475053879553,33.81551097980947,4139,60.0
149,17.323138,78.387207,0.36980470719534503,9.399976078992424,30.24158620324725,4310,60.0
150,17.323138,78.391707,0.25269669398033495,8.925510391294894,28.53358949179193,4489,60.0
151,17.323138,78.396207,0.5954022024855218,8.45140547995428,28.224800233536968,4679,60.0
152,17.323138,78.400707,0.9789859107490779,7.977725666796908,28.41999947298498,4880,60.0
153,17.323138,78.405207,1.2487759017294566,7.504551447854186,31.396747464345236,5091,60.0
154,17.323138,78.409707,1.4486905481669785,7.031984886725401,32.284964852569985,5312,60.0
155,17.323138,78.414207,1.0138365343031825,6.5601573044647825,32.02337532373848,5544,60.0
156,17.323138,78.418707,0.5424593580853903,6.089240484132684,24.546215546252725,5785,60.0
157,17.323138,78.423207,0.0962228732105257,5.619463399043876,22.166829271332052,6035,60.0
158,17.323138,78.427707,0.10006874150991672,5.151137886054253,17.831086039871142,6293,60.0
159,17.323138,78.432207,0.3372442380874775,4.684699303069655,16.545311545600036,6556,60.0
160,17.323138,78.436707,0.133598325109149,4.220773271906891,14.525995150218751,6823,60.0
161,17.323138,78.441207,0.4822804105645636,3.760289866668226,16.001184115903435,7090,60.0
162,17.323138,78.445707,0.9447109879575318,3.3046885129744914,23.56232097289858,7353,60.0
163,17.323138,78.450207,1.06708693467668,2.856306334033546,17.68162705946266,7609,60.0
164,17.323138,78.454707,0.9469401116561054,2.419160805126192,19.793973717692523,7853,60.0
165,17.323138,78.459207,1.010411390970948,2.0006312880414456,16.44987792912694,8078,60.0
166,17.323138,78.463707,0.8760216354102367,1.6152540121471743,19.322705129109565,8281,60.0
167,17.323138,78.468207,0.5039862181136859,1.2930193041926876,16.259341466369083,8455,60.0
168,17.323138,78.472707,0.44377733626674987,1.09136874748244,15.32046205754694,8594,60.0
169,17.323138,78.477207,0.6985744405100638,1.0800953614910809,17.813670016815447,8695,60.0
170,17.323138,78.481707,1.0446574015175287,1.2643020453317149,19.59824038445849,8753,60.0
171,17.323138,78.486207,1.35942077885555,1.5769105106158026,24.797863152297744,8766,60.0
172,17.323138,78.490707,1.6097749294962096,1.9573367823179748,25.744554055295772,8733,60.0
173,17.323138,78.495207,1.9048065269864645,2.373187987467387,27.31724768405197,8655,60.0
174,17.323138,78.499707,2.1239131454537765,2.8087735029455874,29.924623601554202,8534,60.0
175,17.323138,78.504207,1.6876837885698641,3.256183253309946,31.6141958474342,8373,60.0
176,17.323138,78.508707,1.2113295968433022,3.7111431644778636,32.93804413214957,8176,60.0
177,17.323138,78.540207,1.128417259452459,3.2194311691138786,34.92309157941315,6271,60.0
178,17.323138,78.544707,1.346784262200207,3.0804195958228453,35.52757355010094,5980,60.0
179,17.323138,78.549207,0.9603593678034048,3.0115648151947676,33.621198146136294,5697,60.0
180,17.323138,78.553707,0.6963549235238673,3.017672994586803,33.44529310341467,5421,60.0
181,17.323138,78.558207,0.7076414519940893,3.098300806043074,30.492498590744667,5156,60.0
182,17.323138,78.562707,0.984550682410945,3.2479032287397094,29.858391361423408,4902,60.0
183,17.323138,78.567207,0.8386688741696305,3.4575385460360506,30.828363020594107,4659,60.0
184,17.323138,78.571707,0.7969505032395032,3.7170633739777608,27.918017824340538,4430,60.0
185,17.323138,78.576207,0.9937875030544507,4.01681930994574,29.93443445477909,4213,60.0
186,17.323138,78.580707,1.340325239636865,4.348494512337172,27.90092555601541,4008,60.0
187,17.323138,78.585207,1.0204409261310567,4.705343939591677,21.774919010773488,3817,60.0
188,17.323138,78.589707,0.5500394499371551,5.082067351489789,17.335190912340195,3637,60.0
189,17.323138,78.594207,0.07945510925556097,5.474563493783318,19.32424884818161,3470,60.0
190,17.323138,78.598707,0.08358749460656785,5.879674500749662,18.41283975006867,3314,60.0
191,17.323138,78.603207,0.1605855110379068,6.294965363242311,14.165662164954638,3169,60.0
192,17.323138,78.607707,0.5951423457351369,6.718548616607356,15.670926006701226,3035,60.0
193,17.323138,78.612207,1.0664750238566645,7.1489504124445,21.723948112765804,2910,60.0
194,17.323138,78.616707,1.2298723712198198,7.58501011065946,17.348619537562072,2794,60.0
195,17.327638,78.378207,0.06086088071232747,10.31049553591003,25.870676363654592,4152,60.0
196,17.327638,78.382707,0.14700490204279434,9.833568646441401,29.58504691385002,4324,60.0
197,17.327638,78.387207,0.2210333634525963,9.356716766202112,27.835110534612607,4507,60.0
198,17.327638,78.391707,0.3267976563644198,8.879951979433113,28.894598134810572,4700,60.0
199,17.327638,78.396207,0.3379335026982313,8.40328911030176,28.066325877846054,4905,60.0
200,17.327638,78.400707,0.5680922618572489,7.926746545105312,29.665178533303592,5122,60.0
201,17.327638,78.405207,0.9397682824218909,7.450347368967299,33.07056241004813,5351,60.0
202,17.327638,78.409707,1.3724944558703833,6.974120966774717,31.919451685118787,5592,60.0
203,17.327638,78.414207,1.1725748141554169,6.498105325157963,30.59976647958237,5846,60.0
204,17.327638,78.418707,0.7744355245018322,6.022350421118228,21.52227609681428,6111,60.0
205,17.327638,78.423207,0.43047177831484795,5.546923345073669,22.12943081888379,6388,60.0
206,17.327638,78.427707,0.3762249384523913,5.07191628716691,18.894457940667976,6675,60.0
207,17.327638,78.432207,0.7168486615608141,4.597459437688636,18.920736470078733,6970,60.0
208,17.327638,78.436707,0.6339598200447999,4.12374271386446,17.933513858756207,7270,60.0
209,17.327638,78.441207,0.7874148154929482,3.6510542166805204,18.904022902251977,7573,60.0
210,17.327638,78.445707,1.1373846216067238,3.1798525205103054,22.632096592909413,7874,60.0
211,17.327638,78.450207,1.5298582070792697,2.710913028678558,19.825202186856387,8168,60.0
212,17.327638,78.454707,1.4467106090241555,2.2456533760263238,21.57975167212096,8450,60.0
213,17.327638,78.459207,1.2569796661998283,1.7869501845442517,19.18256648935086,8713,60.0
214,17.327638,78.463707,0.7810370889191178,1.3415457802233153,16.649527678813158,8951,60.0
215,17.327638,78.468207,0.3104457959688744,0.9287741604878853,16.734976409019684,9156,60.0
216,17.327638,78.472707,0.019327782216079024,0.6179158881487408,14.537610992622145,9322,60.0
217,17.327638,78.477207,0.38742708843777324,0.5977799692217189,19.038426703689368,9443,60.0
218,17.327638,78.481707,0.7097895512420384,0.8883602768774244,18.87506173866089,9513,60.0
219,17.327638,78.486207,0.9218170543220829,1.29512521185506,20.114596391784836,9529,60.0
220,17.327638,78.490707,1.2573304486221841,1.7383431449710036,24.252127401363737,9491,60.0
221,17.327638,78.495207,1.4639958811416334,2.196052528207247,27.697015790444837,9399,60.0
222,17.327638,78.499707,1.7523319182844468,2.6607853660790517,30.6181636390632,9256,60.0
223,17.327638,78.504207,1.4322676034361033,3.1294141722540476,27.506878399841025,9066,60.0
224,17.327638,78.513207,0.7503601273554974,4.072972915215298,28.280465707826423,8572,60.0
225,17.327638,78.517707,0.3326355612840323,4.339441327116197,27.152573195610955,8280,60.0
226,17.327638,78.535707,1.1767223278783607,2.989970904831051,39.41168633013579,6979,60.0
227,17.327638,78.540207,1.445498329010944,2.7582451994509696,39.84214288136042,6647,60.0
228,17.327638,78.544707,1.590392247972234,2.594645617435174,35.110776849562484,6321,60.0
229,17.327638,78.549207,1.3544736280940024,2.5125154549910875,34.451360122599894,6004,60.0
230,17.327638,78.553707,1.181639232466596,2.519833461759389,30.463677544048924,5698,60.0
231,17.327638,78.558207,1.1883146665170523,2.615849034320381,31.447048265122586,5405,60.0
232,17.327638,78.562707,1.371825893128507,2.7914244387694604,33.38091448987803,5125,60.0
233,17.327638,78.567207,1.3180157892430278,3.0327732120108113,33.71271333302341,4859,60.0
234,17.327638,78.571707,1.2931973689850473,3.3256059664346327,28.45845628965769,4609,60.0
235,17.327638,78.576207,1.4229667238938335,3.6575778135009682,28.081763091086877,4373,60.0
236,17.327638,78.580707,1.52871353487472,4.019001692923267,24.397236046758508,4152,60.0
237,17.327638,78.585207,1.0692258981036238,4.402630177537802,24.29235886189699,3945,60.0
238,17.327638,78.589707,0.6359212230142095,4.803145748090735,18.633923491952345,3752,60.0
239,17.327638,78.594207,0.3443193772163008,5.216660272375987,16.78992444205554,3572,60.0
240,17.327638,78.598707,0.41696937350880864,5.6403154555282935,15.50690971937686,3405,60.0
241,17.327638,78.603207,0.6283702365606134,6.071989064243897,17.485795735598174,3250,60.0
242,17.327638,78.607707,0.8523217533767251,6.510086225999735,14.844832037219318,3107,60.0
243,17.327638,78.612207,1.2305412131193956,6.953392902444718,17.256001782759668,2974,60.0
244,17.327638,78.616707,1.6603099497097327,7.400973027279088,26.820115256465193,2852,60.0
245,17.332138,78.400707,0.31674985885255463,7.907165682671718,24.412803744265634,5374,60.0
246,17.332138,78.405207,0.78479542435746,7.429523120658805,26.72328451777326,5621,60.0
247,17.332138,78.409707,1.2581716277477162,6.951882442681643,34.41589915891283,5883,60.0
248,17.332138,78.414207,1.4653723798569267,6.474244066014799,36.67719461481474,6160,60.0
249,17.332138,78.418707,1.1172360751491834,5.996608540861948,25.249849799407464,6451,60.0
250,17.332138,78.423207,0.8872444466989055,5.51897660786169,24.26253175899596,6756,60.0
251,17.332138,78.427707,0.553703153588863,5.041349288308475,22.477372809943418,7075,60.0
252,17.332138,78.432207,0.45304710624945255,4.563728030994273,23.493572799279725,7404,60.0
253,17.332138,78.436707,0.7494022934021946,4.086114962054488,18.773112391787606,7741,60.0
254,17.332138,78.441207,1.172287762904939,3.608513333174041,21.847260554855122,8084,60.0
255,17.332138,78.445707,1.4761438383859393,3.130928379989462,24.921041872715843,8428,60.0
256,17.332138,78.450207,1.8190501729011261,2.6533691073153225,25.676163187831023,8766,60.0
257,17.332138,78.454707,1.8277976294836578,2.1758524247564153,23.686984732837885,9093,60.0
258,17.332138,78.459207,1.3836775548619678,1.6984142562584894,21.29803182747322,9400,60.0
259,17.332138,78.463707,0.9719096660057349,1.2211466968835338,16.354050429810265,9680,60.0
260,17.332138,78.468207,0.6507193681586563,0.7443779842363767,16.926511254867993,9923,60.0
261,17.332138,78.472707,0.24804026217152128,0.27075629392475403,14.89024669852116,10121,60.0
262,17.332138,78.477207,0.06478677546099454,0.22097605621314978,15.420061221020411,10266,60.0
263,17.332138,78.481707,0.25461921741163784,0.6932985818464535,15.791836747993596,10351,60.0
264,17.332138,78.486207,0.579983921119951,1.1699600373410606,20.754984628704282,10373,60.0
265,17.332138,78.490707,0.7960781327298639,1.6471979580767164,24.20965520326798,10328,60.0
266,17.332138,78.495207,1.0606366847426327,2.124623918531859,25.241946469962432,10219,60.0
267,17.332138,78.499707,1.4185298804475515,2.602134418956121,28.98776806675997,10050,60.0
268,17.332138,78.504207,1.1145070468220273,3.0796901352569486,27.779569713240573,9825,60.0
269,17.332138,78.517707,0.7222122033717382,4.07116814134118,28.61746054948846,8904,60.0
270,17.332138,78.535707,1.4007013863796973,2.5853099431584785,33.6295156527774,7413,60.0
271,17.332138,78.540207,1.1734108807321335,2.3134067361259945,34.43216336283293,7039,60.0
272,17.332138,78.544707,1.0901753902891633,2.1156893666720147,32.97708327765402,6674,60.0
273,17.332138,78.549207,1.1870319081201897,2.0141250733683513,37.59677462224329,6321,60.0
274,17.332138,78.553707,1.4377409475652219,2.02324632008728,37.51585478256188,5982,60.0
275,17.332138,78.558207,1.3916477705878216,2.141639343576692,34.13317012944153,5658,60.0
276,17.332138,78.562707,1.3569796265001681,2.3528663433204793,30.734307260719945,5352,60.0
277,17.332138,78.567207,1.4804380183294112,2.634693250825442,29.750221685717186,5062,60.0
278,17.332138,78.571707,1.7193702763841476,2.9670700305921,34.664872620147534,4789,60.0
279,17.332138,78.576207,1.8875406263670618,3.3349165131945093,32.62751740426172,4533,60.0
280,17.332138,78.580707,1.712930799774312,3.7277472118300525,30.799957303896605,4295,60.0
281,17.332138,78.585207,1.3180232913238092,4.138453568772956,22.780514131146496,4072,60.0
282,17.332138,78.589707,0.9982835477459774,4.562210445055542,25.058527986235354,3865,60.0
283,17.332138,78.594207,0.8401763917935364,4.995697937777885,22.10627671125205,3673,60.0
284,17.332138,78.598707,0.9109926618007539,5.436588926916903,18.4680977193397,3495,60.0
285,17.332138,78.603207,1.0632364962412322,5.883219183974379,19.880355171588008,3330,60.0
286,17.332138,78.607707,1.2635002146195684,6.3343748154045025,21.95293354143114,3178,60.0
287,17.332138,78.612207,1.5440831567287445,6.789153714804962,22.813342785766316,3038,60.0
288,17.332138,78.616707,1.5386543863686826,7.246873777506046,21.90275099922833,2908,60.0
289,17.336638,78.400707,0.2364209310550605,7.919215986656551,25.639993584525875,5635,60.0
290,17.336638,78.405207,0.7097223175409435,7.4423589056069615,27.417582245422615,5901,60.0
291,17.336638,78.409707,1.1796602934528262,6.965610537498472,30.16268077456184,6184,60.0
292,17.336638,78.414207,1.6540185541774084,6.488994844177866,34.673264204895716,6484,60.0
293,17.336638,78.418707,1.2116684225139083,6.012543377505619,22.911075490932433,6802,60.0
294,17.336638,78.423207,0.7342444966472317,5.536298537759421,23.649338890698317,7137,60.0
295,17.336638,78.427707,0.25710398966683745,5.060318664791893,20.56553779555984,7489,60.0
296,17.336638,78.432207,0.15028998609074376,4.584686285805445,19.158912849114802,7855,60.0
297,17.336638,78.436707,0.6155732783067299,4.109522058800651,19.685535377136787,8234,60.0
298,17.336638,78.441207,1.0915884484358904,3.6350095775705973,18.94822271346573,8621,60.0
299,17.336638,78.445707,1.2965219828390935,3.1614423248049635,23.655558756710217,9012,60.0
300,17.336638,78.450207,1.4210776062820247,2.6893196882535553,26.66434247483193,9401,60.0
301,17.336638,78.454707,1.6717431793758883,2.219563711236558,21.2804536624609,9779,60.0
302,17.336638,78.459207,1.6576808061355526,1.75407685753731,25.809608654302075,10139,60.0
303,17.336638,78.463707,1.3310059622858457,1.2974621568203255,21.47248895464523,10469,60.0
304,17.336638,78.468207,0.9393717968231262,0.8639041310770612,19.853960262710157,10759,60.0
305,17.336638,78.472707,0.6158137560227055,0.5153178830592011,16.309215412276252,10997,60.0
306,17.336638,78.477207,0.3971363066167283,0.4909934494109944,16.984393523484698,11172,60.0
307,17.336638,78.481707,0.037982031843864936,0.8203026807217136,18.801650436651645,11277,60.0
308,17.336638,78.486207,0.1740831115693359,1.2494071723291815,19.016760516603693,11304,60.0
309,17.336638,78.490707,0.3692104740830059,1.7045351124830839,23.42329547499298,11252,60.0
310,17.336638,78.495207,0.727327267310511,2.169368915033992,25.471571199288242,11122,60.0
311,17.336638,78.499707,1.1040079662292779,2.63878436041595,27.30468018611111,10920,60.0
312,17.336638,78.504207,0.96573079778072,3.1107079872947163,30.140771148468257,10653,60.0
313,17.336638,78.526707,1.2867709341868399,2.993516477507548,33.69226870138095,8725,60.0
314,17.336638,78.540207,0.7176439805108076,1.8964544529292535,31.845404086258803,7444,60.0
315,17.336638,78.544707,0.5902303661147115,1.6495004500898511,28.720286337526293,7036,60.0
316,17.336638,78.549207,0.748591038859055,1.5170432870956223,30.098656212705954,6644,60.0
317,17.336638,78.553707,1.099166185467255,1.5291322024234988,30.199260269738765,6270,60.0
318,17.336638,78.558207,0.9114353556372409,1.682654631089272,31.8104489223983,5914,60.0
319,17.336638,78.562707,0.8601226816258849,1.9443930363399533,26.389386640106203,5579,60.0
320,17.336638,78.567207,1.0473529066867573,2.2773357918159935,30.54081574594329,5264,60.0
321,17.336638,78.571707,1.3153354108675155,2.6548274319662055,29.22246231442996,4968,60.0
322,17.336638,78.576207,1.662723072076835,3.0604273285341206,32.99502774567164,4693,60.0
323,17.336638,78.580707,2.0067419613301984,3.4843332972870558,33.160978401367295,4436,60.0
324,17.336638,78.585207,1.6822889488477775,3.920611938462947,32.30872612913178,4197,60.0
325,17.336638,78.589707,1.4446733654084996,4.365555379077286,27.704288638353336,3976,60.0
326,17.336638,78.594207,1.3393996899440557,4.81676301180147,21.546383448877563,3771,60.0
327,17.336638,78.598707,1.3957960670292657,5.272626897664486,24.08241851482029,3582,60.0
328,17.336638,78.603207,1.5153145418976148,5.732036220714004,21.911274403822766,3408,60.0
329,17.336638,78.607707,1.4490995227317194,6.194202160888155,22.299575209705903,3247,60.0
330,17.336638,78.612207,1.20859834831579,6.6585507373625585,24.566866859247416,3099,60.0
331,17.336638,78.616707,1.0512572990411166,7.124655203487364,21.71112737351969,2963,60.0
332,17.341138,78.400707,0.16442067002294042,7.962753852821619,23.21530785720146,5904,60.0
333,17.341138,78.405207,0.6370770933723413,7.488681643431564,24.794983222780484,6189,60.0
334,17.341138,78.409707,1.1171064152708743,7.0150941012177785,29.044532372031632,6493,60.0
335,17.341138,78.414207,1.5368074513431424,6.542096483633051,28.26687423945045,6817,60.0
336,17.341138,78.418707,1.2440880629155693,6.069826704024418,26.756422590221547,7162,60.0
337,17.341138,78.423207,0.7693041733552188,5.598468960290963,25.00855184337811,7528,60.0
338,17.341138,78.427707,0.3035995866076547,5.128274744157913,23.042936198363208,7914,60.0
339,17.341138,78.432207,0.22087666716911425,4.6595962997132805,20.630701959242423,8320,60.0
340,17.341138,78.436707,0.6794632370481624,4.192941947616421,16.821108157868014,8743,60.0
341,17.341138,78.441207,0.8560856175887734,3.7290716476284587,22.39751825646676,9179,60.0
342,17.341138,78.445707,0.7999722745925933,3.269170721992116,21.029709100366816,9623,60.0
343,17.341138,78.450207,0.9847147940528282,2.8151852065145224,22.381892621855933,10070,60.0
344,17.341138,78.454707,1.2590196144885424,2.3705161815558897,26.13307015074248,10509,60.0
345,17.341138,78.459207,1.2686941498759123,1.9415753580278032,18.683296941526557,10930,60.0
346,17.341138,78.463707,1.445779774990568,1.5415483967911083,22.696333712567085,11321,60.0
347,17.341138,78.468207,1.3075583909214143,1.199715272062073,24.39225398197486,11667,60.0
348,17.341138,78.472707,1.0247111430047784,0.9790560221607792,18.661164155535293,11954,60.0
349,17.341138,78.477207,0.7271026283893433,0.9664746977743819,23.441312031181557,12168,60.0
350,17.341138,78.481707,0.45654160108449154,1.168710689076175,20.17862634245772,12297,60.0
351,17.341138,78.486207,0.3081845636679181,1.501327643874089,20.927349772661714,12333,60.0
352,17.341138,78.490707,0.04178255051437791,1.8969379007903553,17.260788389478208,12272,60.0
353,17.341138,78.495207,0.4680372182648197,2.323585761188966,23.414351433900514,12116,60.0
354,17.341138,78.499707,0.8704641259251054,2.766950824232325,27.19795302717325,11873,60.0
355,17.341138,78.504207,1.0582779611717485,3.220135341963971,27.518500750252446,11553,60.0
356,17.341138,78.522207,1.0479572393490593,3.2260036664734746,30.428625349992473,9796,60.0
357,17.341138,78.526707,0.8722245128232343,2.776049840012817,29.945449317349915,9304,60.0
358,17.341138,78.531207,0.934396620736519,2.3371031077338595,28.415651241018814,8812,60.0
359,17.341138,78.535707,0.7914818738434288,1.9167405466443326,29.207773420254636,8327,60.0
360,17.341138,78.540207,0.3483677575458711,1.5303538401762813,26.60346629436638,7856,60.0
361,17.341138,78.544707,0.09251028789383296,1.2109156022903078,26.04882752075604,7402,60.0
362,17.341138,78.549207,0.4330018549520927,1.02317910593567,29.080569919315927,6969,60.0
363,17.341138,78.553707,0.8651469959300135,1.0410185095518405,27.167797786617964,6557,60.0
364,17.341138,78.558207,0.4748683202049818,1.2557024962419865,26.171970059908368,6169,60.0
365,17.341138,78.562707,0.3728042011650908,1.5893719350964466,28.13585892157021,5804,60.0
366,17.341138,78.567207,0.6266914998740526,1.9828420773514157,24.477565782729563,5463,60.0
367,17.341138,78.571707,0.9853940307669096,2.4069622816394136,25.66969184161666,5145,60.0
368,17.341138,78.576207,1.4161627012463407,2.8480725608030952,29.45535401553669,4849,60.0
369,17.341138,78.580707,1.8672017534213892,3.2993654483175243,32.57979045005378,4574,60.0
370,17.341138,78.585207,2.103273980832049,3.7571734819614075,31.474437358515562,4319,60.0
371,17.341138,78.589707,1.917789288090985,4.219376487806467,32.17847311404579,4084,60.0
372,17.341138,78.594207,1.8392502042439636,4.68467378548489,30.00895902860332,3867,60.0
373,17.341138,78.598707,1.8811331153656392,5.152227107084055,29.564903066754727,3667,60.0
374,17.341138,78.603207,1.4836478801822168,5.621473561529807,26.04922069119211,3483,60.0
375,17.341138,78.607707,1.0986719590244338,6.0920219134303215,26.859061550263377,3313,60.0
376,17.341138,78.612207,0.7638541271971064,6.563592166802779,19.498944852296045,3158,60.0
377,17.341138,78.616707,0.5873277397091778,7.035978852650058,14.708509716415783,3015,60.0
378,17.345638,78.400707,0.053777613487737144,8.037267593227616,26.238832886419473,6180,60.0
379,17.345638,78.405207,0.4399515449971262,7.567876441301587,23.96408170035187,6483,60.0
380,17.345638,78.409707,0.8782608742520757,7.0995855346179475,27.184837370141558,6808,60.0
381,17.345638,78.414207,1.1410405485690323,6.632627923117488,30.56968018946123,7155,60.0
382,17.345638,78.418707,0.8695616345913223,6.167306465860219,22.486326578020886,7528,60.0
383,17.345638,78.423207,0.802535869193076,5.704021598710541,22.13923772113491,7925,60.0
384,17.345638,78.427707,0.6703133994561706,5.243313192410639,20.006062379610665,8348,60.0
385,17.345638,78.432207,0.6371302148608305,4.78592536005623,20.806946115195146,8795,60.0
386,17.345638,78.436707,0.5776287558795977,4.332909802437765,22.349310982026843,9264,60.0
387,17.345638,78.441207,0.4400891106357524,3.8857960121502986,21.189490820751022,9753,60.0
388,17.345638,78.445707,0.3137716777072204,3.4468814064323623,19.512836912322996,10257,60.0
389,17.345638,78.450207,0.6039729009101616,3.019743317519608,17.54747063571881,10767,60.0
390,17.345638,78.454707,0.7705421917672558,2.6101696248822006,16.5287607639751,11276,60.0
391,17.345638,78.459207,0.7862500401605577,2.227868652349042,21.24073463516625,11770,60.0
392,17.345638,78.463707,1.048270788185012,1.8894680439514449,21.765268621397478,12233,60.0
393,17.345638,78.468207,1.2220830221551262,1.6226699425316518,24.790839512355873,12649,60.0
394,17.345638,78.472707,1.1790719868324344,1.4670731040015905,25.25009843148642,12998,60.0
395,17.345638,78.477207,1.1394884866323474,1.4587072151872098,24.221675362380612,13262,60.0
396,17.345638,78.481707,0.9144197493540734,1.5998835844755441,24.544988194393596,13423,60.0
397,17.345638,78.486207,0.45320134814690827,1.8567998613078478,21.2253233938809,13469,60.0
398,17.345638,78.490707,0.15228201097340222,2.189077765268444,20.594087220716855,13396,60.0
399,17.345638,78.495207,0.2744264487431829,2.5372138560607924,19.474633918327505,13208,60.0
400,17.345638,78.499707,0.7514512967425407,2.8561572327756775,24.02870360924499,12913,60.0
401,17.345638,78.504207,1.1026513331837449,3.154405275416221,27.534378514695554,12529,60.0
402,17.345638,78.508707,1.0523409019054855,3.2619742893866093,29.10875886702324,12073,60.0
403,17.345638,78.513207,0.933726982111978,3.433198997588556,26.559996577635925,11565,60.0
404,17.345638,78.517707,1.0417293244634256,3.6591542626981455,29.572898718622852,11024,60.0
405,17.345638,78.522207,0.6930185399298584,3.106943806671611,26.36801430301886,10465,60.0
406,17.345638,78.526707,0.3822653328426095,2.636763001129823,25.172893058196358,9900,60.0
407,17.345638,78.531207,0.5073894034624066,2.1698323442913887,28.089930714683796,9342,60.0
408,17.345638,78.535707,0.839929955421789,1.7088182038037218,24.60275752931472,8797,60.0
409,17.345638,78.540207,0.42012346108601745,1.2602304864883935,23.525149863127595,8271,60.0
410,17.345638,78.544707,0.3101687830691044,0.8441185220807668,22.42581096539978,7769,60.0
411,17.345638,78.549207,0.526540523924765,0.5414104310739681,21.838958595700305,7292,60.0
412,17.345638,78.553707,0.7779936336059575,0.5744113560594557,26.368010612887403,6842,60.0
413,17.345638,78.558207,0.3059549291366777,0.9071965236829908,26.002039049149424,6420,60.0
414,17.345638,78.562707,0.0423262110937399,1.3312763178414182,21.87630277764296,6025,60.0
415,17.345638,78.567207,0.35214473348011166,1.7826445834862277,24.15440125463643,5657,60.0
416,17.345638,78.571707,0.8257604962449245,2.2449010583056372,28.179604672160515,5316,60.0
417,17.345638,78.576207,1.3023050917649317,2.712484799046955,30.882644929001767,4999,60.0
418,17.345638,78.580707,1.779426980070291,3.1830489754654634,30.30520414183982,4707,60.0
419,17.345638,78.585207,2.0975312844636904,3.65544275642465,34.4202851183544,4436,60.0
420,17.345638,78.589707,1.8651932489772713,4.129038226895523,29.892524947513266,4187,60.0
421,17.345638,78.603207,1.2607131927131912,5.553957622172544,22.932269007204116,3554,60.0
422,17.345638,78.607707,0.8146795177347548,6.029765837354087,20.42298251825815,3376,60.0
423,17.350138,78.400707,0.080648409808718,7.984239154834279,19.223998179884187,6463,60.0
424,17.350138,78.405207,0.19595977698158526,7.554413909958121,20.80670527739606,6783,60.0
425,17.350138,78.409707,0.5203497998878923,7.130666954464619,23.473842549135206,7126,60.0
426,17.350138,78.414207,0.6577199336793957,6.714149235945533,26.247326899210684,7497,60.0
427,17.350138,78.418707,0.45466219229933624,6.306293346121223,26.466990511124678,7895,60.0
428,17.350138,78.423207,0.3232844974299376,5.850608908211493,19.066849803381736,8324,60.0
429,17.350138,78.427707,0.3884510650121232,5.40242715227716,22.605401060359803,8783,60.0
430,17.350138,78.432207,0.7267453306709941,4.959745957852799,21.382468185756828,9272,60.0
431,17.350138,78.436707,0.2497112989341049,4.52418026737557,21.193772095148624,9791,60.0
432,17.350138,78.441207,0.013136908619090736,4.097999574636616,18.24630077960061,10336,60.0
433,17.350138,78.445707,0.04986172245496717,3.684462000686934,14.801295846043585,10904,60.0
434,17.350138,78.450207,0.25914560982023327,3.2883409579616636,21.369017329322734,11486,60.0
435,17.350138,78.454707,0.3210837477167085,2.9167410888109364,18.53366018163827,12074,60.0
436,17.350138,78.459207,0.35713866971072517,2.5802785132240835,18.8223333918366,12652,60.0
437,17.350138,78.463707,0.7798838086553479,2.2944633657515494,20.29003317575982,13203,60.0
438,17.350138,78.468207,0.7539016993576725,1.9864693494451124,21.040707869524212,13705,60.0
439,17.350138,78.472707,0.6833310072170218,1.7114504000879738,22.927512242737016,14132,60.0
440,17.350138,78.477207,0.9007821963677336,1.5389131761260435,23.20936911716209,14459,60.0
441,17.350138,78.481707,0.8798643714719044,1.5045379196546134,24.389800858086385,14662,60.0
442,17.350138,78.486207,0.4341207652576754,1.6171593106708266,22.10196315162428,14724,60.0
443,17.350138,78.490707,0.03769751211454424,1.8501252435163424,22.000642282686705,14636,60.0
444,17.350138,78.495207,0.5112568837536235,2.1649276877188797,21.902852656538215,14405,60.0
445,17.350138,78.499707,0.879835288897064,2.531215056937842,22.249411013935305,14045,60.0
446,17.350138,78.504207,0.6485150779292151,2.6610542963248562,26.355333518978316,13579,60.0
447,17.350138,78.508707,0.5587091173998938,2.7877224842761015,23.41410323981534,13033,60.0
448,17.350138,78.513207,0.8063274498701434,2.9862598016265935,28.163580142476054,12431,60.0
449,17.350138,78.517707,0.7720794120171806,3.243495464430764,26.83183838932317,11798,60.0
450,17.350138,78.522207,0.4806168257807751,3.065918225456992,24.343919421951888,11151,60.0
451,17.350138,78.526707,0.14673356179071362,2.5883083531109703,23.534674254123054,10507,60.0
452,17.350138,78.531207,0.15493051004636937,2.110698574993845,26.959330069141885,9876,60.0
453,17.350138,78.535707,0.5582946151893913,1.6330889741526229,29.733699174192427,9266,60.0
454,17.350138,78.540207,0.8535156694282537,1.1554797708448103,27.520019073603194,8682,60.0
455,17.350138,78.544707,0.8091846094571871,0.677871805870928,27.3928122233011,8129,60.0
456,17.350138,78.549207,0.9303067226978163,0.20027394008700955,29.8371571087711,7607,60.0
457,17.350138,78.553707,0.4989810628114598,0.2773660013575144,23.222965703060357,7118,60.0
458,17.350138,78.558207,0.18340925515485665,0.7549681636119171,23.442509412258293,6661,60.0
459,17.350138,78.562707,0.30788627117130124,1.2325764637075374,23.172863676603555,6237,60.0
460,17.350138,78.567207,0.5520445212146518,1.7101857591026892,24.97421065420953,5843,60.0
461,17.350138,78.571707,0.9287701280063847,2.1877953977829114,24.563450268291213,5479,60.0
462,17.350138,78.576207,1.3583458598558344,2.665405195016571,25.23069958026224,5142,60.0
463,17.350138,78.580707,1.686682366768855,3.143015078322554,25.82768552638275,4832,60.0
464,17.350138,78.585207,1.709216441591001,3.6206250134261935,27.47261932881959,4547,60.0
465,17.354638,78.400707,0.45844765173421004,7.785245126077168,22.473068752875836,6751,60.0
466,17.354638,78.405207,0.1166937840471131,7.343793318652478,20.642966110820282,7086,60.0
467,17.354638,78.409707,0.16129337453518536,6.907148093971393,25.243762917479003,7447,60.0
468,17.354638,78.414207,0.25292709018528303,6.476281736567436,23.99046857355176,7838,60.0
469,17.354638,78.418707,0.39396453686064536,6.052428547973082,20.551472243825103,8262,60.0
470,17.354638,78.423207,0.2317862747512107,5.637170689779519,22.045335047983347,8720,60.0
471,17.354638,78.427707,0.3517089166436642,5.23255495014258,21.103949099653075,9214,60.0
472,17.354638,78.432207,0.7840172876389985,4.841250364561719,23.798088502056643,9745,60.0
473,17.354638,78.436707,0.540195436923148,4.466756624914799,23.140295394962624,10314,60.0
474,17.354638,78.441207,0.4936822871370613,4.113667496250961,23.60990277308723,10917,60.0
475,17.354638,78.445707,0.2891465893946224,3.787973292477849,20.365906397704276,11553,60.0
476,17.354638,78.450207,0.13882128497591842,3.365406981353437,22.19256206124546,12214,60.0
477,17.354638,78.454707,0.1061633090437811,2.9127785229422716,17.532240452924928,12890,60.0
478,17.354638,78.459207,0.318903262098401,2.469569070083545,21.078964741255223,13566,60.0
479,17.354638,78.463707,0.7604478976026541,2.0419211924225884,28.91200495631597,14221,60.0
480,17.354638,78.468207,0.3794776085575976,1.6420386771376008,21.9054357650566,14828,60.0
481,17.354638,78.472707,0.21077572196523509,1.2958850165762184,23.36835293453574,15356,60.0
482,17.354638,78.477207,0.6236066474097852,1.0576024931533805,23.24145460507154,15766,60.0
483,17.354638,78.481707,0.7202988881204879,1.0069290886367992,24.901703464915038,16026,60.0
484,17.354638,78.486207,0.2427338472129884,1.1685321751231446,20.881568661354688,16109,60.0
485,17.354638,78.490707,0.13742608048968774,1.4741800424640832,20.157754084902887,16003,60.0
486,17.354638,78.495207,0.3337574810438486,1.853948286495328,20.263407154390563,15716,60.0
487,17.354638,78.499707,0.659153280808387,2.11633769855302,24.78698562031807,15270,60.0
488,17.354638,78.504207,0.2174081238690484,2.170921905034211,19.72539583641747,14700,60.0
489,17.354638,78.508707,0.12202620261232142,2.3244508285986507,22.335899955906683,14042,60.0
490,17.354638,78.513207,0.5747687981712285,2.559178474507074,26.03150233896981,13329,60.0
491,17.354638,78.517707,0.6092422234107759,2.855148042844055,24.92725197633625,12589,60.0
492,17.354638,78.522207,0.13197790403831175,3.106020588828062,20.86711809598876,11845,60.0
493,17.354638,78.526707,0.02209351146523881,2.6357002360296042,21.776322247897447,11112,60.0
494,17.354638,78.531207,0.1093810028977701,2.1685661513137955,20.839075216667087,10403,60.0
495,17.354638,78.535707,0.5837604795626652,1.7072358228126503,26.212243264793436,9724,60.0
496,17.354638,78.540207,1.0517188677029132,1.2581099878044875,23.497441089898732,9080,60.0
497,17.354638,78.544707,1.3077569706718863,0.8409749779247264,28.00915727034267,8475,60.0
498,17.354638,78.549207,0.9656568276519649,0.5365153040043233,22.603094055466048,7908,60.0
499,17.354638,78.553707,0.5237086651922174,0.5697982234503952,20.874302232879806,7380,60.0
500,17.354638,78.558207,0.21554470898318603,0.9042692881681913,24.651224175864105,6890,60.0
501,17.354638,78.562707,0.3212187709236623,1.3292657602579159,24.23560918573808,6436,60.0
502,17.354638,78.567207,0.608842631543,1.7811242411832344,22.60298149045249,6017,60.0
503,17.354638,78.571707,0.6774804224155513,2.2436736055341187,21.30715543289287,5631,60.0
504,17.354638,78.576207,1.0013101268256266,2.711448048051408,20.1764862812986,5276,60.0
505,17.354638,78.580707,1.4149944286611384,3.182144146421685,27.347905738227173,4949,60.0
506,17.354638,78.585207,1.392533882649905,3.6546331964514116,32.98998993840943,4649,60.0
507,17.359138,78.409707,0.036787885821315154,6.7135484530138525,20.81282460435899,7767,60.0
508,17.359138,78.414207,0.31191842033915473,6.269402267067351,20.571936292311175,8176,60.0
509,17.359138,78.418707,0.5158315460104899,5.830540403530747,23.94779178726713,8622,60.0
510,17.359138,78.423207,0.05783674283713264,5.398251815777011,17.25331722931361,9106,60.0
511,17.359138,78.427707,0.31397573483292496,4.974250556316124,21.42208089671263,9634,60.0
512,17.359138,78.432207,0.7059015902942379,4.5608485165604735,24.66760395483568,10205,60.0
513,17.359138,78.436707,1.0109505978981912,4.16120588900994,26.21957142774718,10822,60.0
514,17.359138,78.441207,0.6420126612045256,3.7796897198136925,25.84205088504345,11485,60.0
515,17.359138,78.445707,0.2769553420387418,3.4223674517353424,22.828483443932228,12191,60.0
516,17.359138,78.450207,0.02806127928416198,3.0976229986923434,22.036150904708844,12935,60.0
517,17.359138,78.454707,0.20153299751412354,2.8167467371476915,20.4000926295302,13707,60.0
518,17.359138,78.459207,0.540274532227097,2.312936016547239,25.623083328320586,14493,60.0
519,17.359138,78.463707,0.848144559917732,1.8494299519910018,28.931783780748837,15271,60.0
520,17.359138,78.468207,0.37311820036894117,1.3954483779328162,20.86378564319884,16008,60.0
521,17.359138,78.472707,0.09423318809239346,0.9645351740204947,19.317447491807684,16664,60.0
522,17.359138,78.477207,0.5691280138839862,0.607903715411208,26.558797670181313,17187,60.0
523,17.359138,78.481707,0.8684986373044037,0.5147160883963532,25.23051955687583,17525,60.0
524,17.359138,78.486207,0.4422747461954623,0.7851657629493595,25.780265118910904,17639,60.0
525,17.359138,78.490707,0.01443081336934707,1.1934005186784573,19.426938585929747,17507,60.0
526,17.359138,78.495207,0.40150251892094346,1.6832909817448891,25.443698592167475,17144,60.0
527,17.359138,78.499707,0.7291604719208552,1.6159633578158485,24.657668084045085,16585,60.0
528,17.359138,78.504207,0.3509287704962084,1.686816080928465,22.536267536521613,15882,60.0
529,17.359138,78.508707,0.2708194435076737,1.8802928708907491,24.565864837401115,15086,60.0
530,17.359138,78.513207,0.5934517763230094,2.1637458126479223,22.552047237951186,14240,60.0
531,17.359138,78.517707,0.6535383678424029,2.5068371455964034,21.66644200426999,13379,60.0
532,17.359138,78.522207,0.22277048178737285,2.8883924383304276,19.991566788878448,12527,60.0
533,17.359138,78.526707,0.12425972609165853,2.774030629678522,21.141388611793047,11700,60.0
534,17.359138,78.531207,0.32259086316707497,2.3347514721618023,18.25072130300517,10909,60.0
535,17.359138,78.535707,0.6504917639644041,1.9139183172849201,24.59799732662409,10160,60.0
536,17.359138,78.540207,1.0908513285583188,1.5268603737147248,24.879818868381232,9457,60.0
537,17.359138,78.544707,1.553370210855376,1.2065331591888229,31.039240338588378,8800,60.0
538,17.359138,78.549207,1.2037772857185942,1.0180089959987237,21.887308731588078,8189,60.0
539,17.359138,78.553707,0.8846487558902433,1.0359356911433126,23.235368135545052,7623,60.0
540,17.359138,78.558207,0.6551522858691892,1.251472566600033,20.122162775087748,7101,60.0
541,17.359138,78.562707,0.6288127889783853,1.586002774893611,21.76226368575935,6619,60.0
542,17.359138,78.567207,0.17116272035820448,1.9801076755347213,21.253387427094637,6176,60.0
543,17.359138,78.571707,0.342466572601364,2.4046722018630566,21.52534843634855,5770,60.0
544,17.359138,78.576207,0.8126415002370505,2.846097464255606,24.301544448388345,5397,60.0
545,17.359138,78.580707,1.2882798796287835,3.297619374388185,27.44939115130302,5055,60.0
546,17.363638,78.409707,0.0972973747037161,6.552520532759223,20.042650161211725,8084,60.0
547,17.363638,78.414207,0.48553666982566074,6.0966662141933226,20.280199481150177,8507,60.0
548,17.363638,78.418707,0.6496227331871254,5.644401294556312,25.047352246230776,8971,60.0
549,17.363638,78.423207,0.32492542534854485,5.19666301343748,23.371199303602257,9478,60.0
550,17.363638,78.427707,0.08969368213357541,4.754730321869313,21.761838840940133,10034,60.0
551,17.363638,78.432207,0.5536928807724397,4.32038515086393,25.231454074945045,10642,60.0
552,17.363638,78.436707,0.6758503266624165,3.8961659014632897,25.761068628473538,11305,60.0
553,17.363638,78.441207,0.32767039535598813,3.4857715179511755,27.430232244512133,12024,60.0
554,17.363638,78.445707,0.027387397561441935,3.0947069141344867,21.620086081382727,12799,60.0
555,17.363638,78.450207,0.3353402123926174,2.7312876377676334,23.211043699900078,13627,60.0
556,17.363638,78.454707,0.054224279373765526,2.4080628945331606,20.75608997550551,14501,60.0
557,17.363638,78.459207,0.2857857941428793,2.1432953871809803,21.65000411466278,15409,60.0
558,17.363638,78.463707,0.508444101508331,1.7810375486915508,22.55893171476441,16327,60.0
559,17.363638,78.468207,0.6027291875318884,1.303463060874172,23.76885207094586,17221,60.0
560,17.363638,78.472707,0.5326187194205529,0.8258891264384628,24.854918358212256,18041,60.0
561,17.363638,78.477207,0.7737582101442844,0.34831802237877346,26.924020534716536,18716,60.0
562,17.363638,78.481707,0.9360425956041897,0.12928162287019912,27.091618517038633,19168,60.0
563,17.363638,78.486207,0.5074182849882878,0.6068424252792544,22.602348024146135,19327,60.0
564,17.363638,78.490707,0.09399266494015551,1.0844157034293715,23.13387853709286,19160,60.0
565,17.363638,78.495207,0.3511588110343699,1.2110615250563888,24.011109897637144,18688,60.0
566,17.363638,78.499707,0.8202630276111483,1.115591555008551,24.669647926269313,17976,60.0
567,17.363638,78.504207,0.8077835673156344,1.215956285132922,23.24809339491424,17102,60.0
568,17.363638,78.508707,0.7660542506914263,1.47264575733208,25.049723880002226,16138,60.0
569,17.363638,78.513207,0.9328885845149992,1.8207009735057784,24.999931263092822,15140,60.0
570,17.363638,78.517707,0.8726479628105773,2.217509686955342,21.067847285748424,14144,60.0
571,17.363638,78.522207,0.5671487002891021,2.6411885688352412,21.737801893918007,13177,60.0
572,17.363638,78.526707,0.5770387536300204,2.9907073964778434,22.2492407080148,12253,60.0
573,17.363638,78.531207,0.5750863961581176,2.588475289990869,19.762260785092238,11379,60.0
574,17.363638,78.535707,0.8331802793867554,2.216363487591705,23.399130126138786,10561,60.0
575,17.363638,78.540207,1.230364809050751,1.8922259587721288,22.46610252120184,9800,60.0
576,17.363638,78.544707,1.207002115186411,1.644676332101139,27.94597386793848,9094,60.0
577,17.363638,78.549207,1.2797043519639486,1.5118169811810385,28.307349904501134,8442,60.0
578,17.363638,78.553707,1.305134861386991,1.5239455767579215,25.6209535869537,7841,60.0
579,17.363638,78.558207,0.8355085231123024,1.6779209893053044,24.252181387043347,7289,60.0
580,17.363638,78.562707,0.3695472012284339,1.940262034008102,16.174777344586666,6782,60.0
581,17.363638,78.567207,0.04809249742465725,2.2737642496924515,17.057821632509796,6317,60.0
582,17.363638,78.571707,0.32772593584879184,2.6517126830194817,20.79504785189698,5892,60.0
583,17.363638,78.576207,0.7243969567454939,3.0576699674591223,21.971516369521154,5503,60.0
584,17.368138,78.409707,0.06477622392071314,6.379168592750217,20.229929894481756,8397,60.0
585,17.368138,78.414207,0.27115296700786456,6.1532132338072065,24.589946518229677,8829,60.0
586,17.368138,78.418707,0.33009525022459935,5.497643591455428,19.185066327106323,9305,60.0
587,17.368138,78.423207,0.37500046142169574,5.036888405729789,20.736379920217306,9829,60.0
588,17.368138,78.427707,0.4057264874329412,4.5795749602267835,23.664927163653807,10408,60.0
589,17.368138,78.432207,0.5892391018853964,4.126847595289647,28.09115898098121,11046,60.0
590,17.368138,78.436707,0.378732469153346,3.680399107325309,21.691870217560428,11748,60.0
591,17.368138,78.441207,0.004339407177765369,3.2428238252474664,22.858826718245187,12517,60.0
592,17.368138,78.445707,0.24360879827418347,2.818257864995047,27.834021681168725,13356,60.0
593,17.368138,78.450207,0.6554452350731018,2.413576327080483,23.66577141938786,14265,60.0
594,17.368138,78.454707,0.28841258823171917,2.04064358521516,22.413681459964558,15241,60.0
595,17.368138,78.459207,0.024292319798358223,1.7202337225563684,22.647745528624238,16274,60.0
596,17.368138,78.463707,0.05218931491290878,1.486702439069105,22.616802800948157,17347,60.0
597,17.368138,78.468207,0.10926316524676176,1.3847261421050527,25.513183572607662,18425,60.0
598,17.368138,78.472707,0.2457048700787834,0.9667534421586829,24.97306157450262,19452,60.0
599,17.368138,78.477207,0.3450661060301972,0.6114397648443105,21.22165723396039,20337,60.0
600,17.368138,78.481707,0.4990766440590704,0.5188925212565297,26.324854849645742,20959,60.0
601,17.368138,78.486207,0.3733927830191255,0.787898981932452,22.908937311520127,21192,60.0
602,17.368138,78.490707,0.1071541109504961,1.1308694165335351,24.480634525990823,20970,60.0
603,17.368138,78.495207,0.5007766435449124,0.7750007284650676,22.461812257154225,20338,60.0
604,17.368138,78.499707,0.8860467411853086,0.6152284825363429,24.155872229176264,19411,60.0
605,17.368138,78.504207,1.2966170401988433,0.7826273105265628,28.371637105544803,18318,60.0
606,17.368138,78.508707,1.262596408476961,1.1413257174743134,28.02379614389973,17156,60.0
607,17.368138,78.513207,1.257093706596307,1.5648842589467329,26.808639994460346,15987,60.0
608,17.368138,78.517707,1.0382389023406615,2.0127644070162076,20.728305575392035,14851,60.0
609,17.368138,78.522207,0.7981425619712983,2.4717802967161715,23.30400252727618,13767,60.0
610,17.368138,78.526707,0.3284800089487623,2.9367149289687666,16.993103781659176,12747,60.0
611,17.368138,78.531207,0.15276918970845407,2.9069053687760653,18.223771319294638,11796,60.0
612,17.368138,78.535707,0.6219280606517108,2.581124852921284,17.56868517411015,10914,60.0
613,17.368138,78.540207,0.8786802713181372,2.308785433102491,22.804423031668822,10099,60.0
614,17.368138,78.544707,0.7073434938391778,2.110675918503437,19.33425186244461,9349,60.0
615,17.368138,78.549207,0.8252996422706892,2.0088786616892174,19.260130990060194,8659,60.0
616,17.368138,78.553707,1.1480512272972514,2.018021830816992,25.460785881628826,8028,60.0
617,17.368138,78.558207,0.7738885531250546,2.1366817099701607,22.634952155816645,7449,60.0
618,17.368138,78.562707,0.30238741351154597,2.34831499959513,18.53870853485216,6920,60.0
619,17.368138,78.567207,0.07659919306245506,2.6305771100529984,21.8244616996136,6437,60.0
620,17.368138,78.571707,0.29795924145731284,2.963353929720713,19.92881099436028,5996,60.0
621,17.368138,78.576207,0.7168612504394812,3.331542447404802,23.979184876695903,5593,60.0
622,17.372638,78.387207,0.15286630919371333,6.919257750733164,16.922319756540062,7022,60.0
623,17.372638,78.391707,0.2336802127283939,6.76501230898793,15.849946329149276,7310,60.0
624,17.372638,78.396207,0.19075237302326412,6.6415827169895785,18.13324360396811,7617,60.0
625,17.372638,78.409707,0.03904931301090518,5.951768925006294,16.99155785841556,8703,60.0
626,17.372638,78.414207,0.04388829439895134,5.708928457653769,18.026205426194984,9138,60.0
627,17.372638,78.418707,0.13304384629012836,5.496923987108866,22.917371406578475,9619,60.0
628,17.372638,78.423207,0.06187742946749942,4.9230008811879555,18.511173428095294,10154,60.0
629,17.372638,78.427707,0.0448481516659053,4.454021524971418,16.484723407835848,10748,60.0
630,17.372638,78.432207,0.144358364912149,3.9870752262577707,25.915689804847045,11407,60.0
631,17.372638,78.436707,0.04903221046535479,3.522970482867751,27.94792860435803,12139,60.0
632,17.372638,78.441207,0.23017325642513775,3.0629992224555975,23.770432958358338,12948,60.0
633,17.372638,78.445707,0.5911990704606217,2.609348290730995,23.41490463927561,13840,60.0
634,17.372638,78.450207,0.9317484161318772,2.165992571845566,29.13146921635072,14819,60.0
635,17.372638,78.454707,0.6405459844962355,1.740815956610179,27.718853675382537,15887,60.0
636,17.372638,78.459207,0.4990713439544825,1.3510912714323218,27.204953772169773,17041,60.0
637,17.372638,78.463707,0.1240460612551167,1.0375673996497454,23.101896431147157,18270,60.0
638,17.372638,78.468207,0.2895156981049109,0.8852884560539532,27.32650155293639,19549,60.0
639,17.372638,78.472707,0.2539748469051293,0.9731475986311792,26.705883749694706,20827,60.0
640,17.372638,78.477207,0.12584122355399602,1.0616714892886967,21.468442178707825,22000,60.0
641,17.372638,78.481707,0.06561522197349036,1.0112070922747574,24.943849074100907,22888,60.0
642,17.372638,78.486207,0.40876290191275416,1.172205828829869,29.05742811219047,23249,60.0
643,17.372638,78.490707,0.15021636943239106,0.9558031744488351,23.011651318930735,22936,60.0
644,17.372638,78.495207,0.211069409443421,0.48511531018102233,21.56807222037042,22048,60.0
645,17.372638,78.499707,0.598618574036896,0.11498816528719423,23.46233775145968,20823,60.0
646,17.372638,78.504207,1.0300361602203982,0.49720815596904666,26.73869329154397,19460,60.0
647,17.372638,78.508707,1.1448087623223604,0.9681517859626849,21.930517498475353,18076,60.0
648,17.372638,78.513207,0.842490406689953,1.4434431296987307,23.149502789547753,16732,60.0
649,17.372638,78.517707,0.5766656420965868,1.9198558575511409,19.759809228539027,15458,60.0
650,17.372638,78.522207,0.4289108694851361,2.3967213469799376,22.75915166610399,14266,60.0
651,17.372638,78.526707,0.3161417667014522,2.873814220063942,17.561250803970523,13161,60.0
652,17.372638,78.531207,0.020396105120020422,3.271199768455125,19.122445384153085,12140,60.0
653,17.372638,78.535707,0.4081060768495046,2.985447791698134,15.697094467929654,11202,60.0
654,17.372638,78.540207,0.551675289805126,2.7534007866613788,19.878985824044687,10342,60.0
655,17.372638,78.544707,0.21111644841970537,2.5895366479264093,17.387209786935284,9555,60.0
656,17.372638,78.549207,0.47471085324643064,2.507259658341121,16.82517375405375,8835,60.0
657,17.372638,78.553707,0.858763743071318,2.5145911640638783,21.594129831134982,8178,60.0
658,17.372638,78.558207,0.5909083418776021,2.610776366344578,22.555442053684054,7578,60.0
659,17.372638,78.562707,0.24869088817089752,2.7866296008085922,18.038064488546496,7031,60.0
660,17.372638,78.567207,0.24472628618502118,3.028303586660229,15.977168495600846,6532,60.0
661,17.372638,78.571707,0.7340384268858193,3.3214616476679564,23.029165700566566,6078,60.0
662,17.372638,78.576207,0.5604962409144931,3.680951394910184,21.028813702455526,5664,60.0
663,17.372638,78.580707,0.11499255153385833,3.910569866426823,20.303681166790334,5288,60.0
664,17.377138,78.378207,0.37135417927510467,6.873089817964035,16.45555857527358,6810,60.0
665,17.377138,78.382707,0.4532476677562533,6.649569179694421,13.60544221608194,7074,60.0
666,17.377138,78.387207,0.5912312425920149,6.453691301260191,14.704253439116535,7346,60.0
667,17.377138,78.391707,0.7065789953157696,6.2880400011840285,19.864044815634188,7631,60.0
668,17.377138,78.396207,0.530620597648611,6.155056231285117,17.243513111554904,7934,60.0
669,17.377138,78.400707,0.44207002622250857,6.056892096963646,13.231111052299761,8259,60.0
670,17.377138,78.405207,0.5255612824642589,5.8259485107669535,21.17286794566521,8612,60.0
671,17.377138,78.409707,0.537961892731258,5.536611718436013,21.078671493890123,9001,60.0
672,17.377138,78.414207,0.066374872141265,5.274699021012717,17.220053654002506,9432,60.0
673,17.377138,78.418707,0.29404253746396014,5.044483856286373,18.38010379859466,9911,60.0
674,17.377138,78.423207,0.5448070607861835,4.85048164249733,25.214172406420772,10447,60.0
675,17.377138,78.427707,0.4466707032847676,4.38233536135957,24.66780054405687,11046,60.0
676,17.377138,78.432207,0.27763333451933686,3.9068428695147714,28.69378709586809,11716,60.0
677,17.377138,78.436707,0.3678091219044941,3.431917690387707,26.210605477211963,12465,60.0
678,17.377138,78.441207,0.5854159320463923,2.9578331090299734,28.249649578345092,13300,60.0
679,17.377138,78.445707,0.922920936215958,2.4850702627080996,29.835777189836694,14229,60.0
680,17.377138,78.450207,1.2642253066040816,2.0145598934169695,34.37169523455863,15260,60.0
681,17.377138,78.454707,1.098315069042062,1.5483567943969672,33.34703653492178,16399,60.0
682,17.377138,78.459207,0.81271817392835,1.0919916699654808,33.06297405349233,17651,60.0
683,17.377138,78.463707,0.6110229066140133,0.6660050288026126,28.299306335070362,19016,60.0
684,17.377138,78.468207,0.7364028681180569,0.38827752511863317,29.032616322352755,20487,60.0
685,17.377138,78.472707,0.7406705564749967,0.5603891699536415,28.60279523901586,22034,60.0
686,17.377138,78.477207,0.43540914714119955,0.9661223805344757,28.7776578047031,23576,60.0
687,17.377138,78.481707,0.03463046688931173,1.2347152232713992,27.10664431628281,24895,60.0
688,17.377138,78.486207,0.05504785395949017,1.1043951666559466,22.507144465677836,25519,60.0
689,17.377138,78.490707,0.2822731911295366,1.0242111110190766,23.031063089453152,25021,60.0
690,17.377138,78.495207,0.029469359538501064,0.6089353189170645,22.013708309729818,23700,60.0
691,17.377138,78.499707,0.39433761874104767,0.38560743626597394,22.065949248280933,22076,60.0
692,17.377138,78.504207,0.8491090110290039,0.6186121700187786,26.166730601322012,20414,60.0
693,17.377138,78.508707,0.7864140546429756,1.0357441713436795,18.38630675798951,18814,60.0
694,17.377138,78.513207,0.4633868162813912,1.4896133757627457,18.360783187288597,17313,60.0
695,17.377138,78.517707,0.1626936754429377,1.954795917380617,15.79707795534944,15922,60.0
696,17.377138,78.522207,0.061792805801202284,2.4247893095384287,11.384455480700595,14642,60.0
697,17.377138,78.526707,0.1485471644238172,2.8972532438953893,14.027496220963151,13469,60.0
698,17.377138,78.531207,0.023690248981144593,3.371149146513987,12.943910378095914,12395,60.0
699,17.377138,78.535707,0.23525057586446663,3.4153105482357877,15.383417747952244,11415,60.0
700,17.377138,78.540207,0.5364065374008696,3.214451154815356,19.74232387028225,10520,60.0
701,17.377138,78.544707,0.2448416725232861,3.0752563944138784,15.384958906646691,9705,60.0
702,17.377138,78.549207,0.2775547805261765,3.006303899383762,14.298564517923912,8962,60.0
703,17.377138,78.553707,0.38632428748079256,2.9326647834726822,17.359155856638942,8286,60.0
704,17.377138,78.558207,0.39210844633846215,2.839631574577608,20.22292383872506,7671,60.0
705,17.377138,78.562707,0.01222093226108275,2.8253349194780197,14.64676071035463,7110,60.0
706,17.377138,78.567207,0.187353515191829,2.8909431879435536,16.69402584040998,6601,60.0
707,17.377138,78.571707,0.6417802178118068,3.0312724729426246,23.308837360048965,6137,60.0
708,17.377138,78.576207,0.4737093152500634,3.2366183393577055,21.743850161040974,5716,60.0
709,17.377138,78.580707,0.16760260498531998,3.495541291925494,22.670035417380213,5332,60.0
710,17.381638,78.382707,0.4906864205991418,6.204149040260395,16.30176000143191,7425,60.0
711,17.381638,78.387207,0.913875019923623,5.993737531999891,20.37698022396522,7693,60.0
712,17.381638,78.391707,0.9860085760552861,5.815002767029619,17.652107887422275,7970,60.0
713,17.381638,78.396207,0.5404773410123178,5.670940667040265,17.54085471676482,8263,60.0
714,17.381638,78.400707,0.26008533369693904,5.564244981038893,16.160705114392876,8576,60.0
715,17.381638,78.405207,0.5433586945459176,5.497091927645614,16.710222616210736,8916,60.0
716,17.381638,78.409707,0.48765501296091956,5.136666223037157,16.674173754237827,9292,60.0
717,17.381638,78.414207,0.020311186205178116,4.85322469948522,19.46288250643333,9709,60.0
718,17.381638,78.418707,0.28658420014184927,4.601979577979404,20.147045705482064,10178,60.0
719,17.381638,78.423207,0.7242644928724624,4.388464201235554,22.61852951278226,10704,60.0
720,17.381638,78.427707,0.9170685713830578,4.218411550918506,26.8053551672086,11297,60.0
721,17.381638,78.432207,0.7754939755955186,3.889836515390811,29.53378457048602,11965,60.0
722,17.381638,78.436707,0.8394772495556475,3.4125579292543615,24.144838597162362,12716,60.0
723,17.381638,78.441207,0.9903787502504018,2.9353609239620777,27.54454415208577,13559,60.0
724,17.381638,78.445707,1.2762474389103646,2.45829300905575,31.184864815990906,14504,60.0
725,17.381638,78.450207,1.4195708708659225,1.9814474293468654,37.41691943761665,15560,60.0
726,17.381638,78.454707,1.504149448376646,1.5050355297399505,35.97805364133525,16738,60.0
727,17.381638,78.459207,1.2325664135264705,1.029659463521913,35.522450022427535,18048,60.0
728,17.381638,78.463707,1.1099843169163008,0.5579730379303692,30.963416968109115,19500,60.0
729,17.381638,78.468207,1.1836389750882896,0.13615376197018478,31.225269995284222,21104,60.0
730,17.381638,78.472707,0.9398369051238772,0.4263923293237359,32.470242485527855,22863,60.0
731,17.381638,78.477207,0.5212280335099075,0.8950707378702976,28.56080166224926,24763,60.0
732,17.381638,78.481707,0.30330215522236775,0.8201200392211062,27.44366409790684,26707,60.0
733,17.381638,78.486207,0.1471947834109137,0.6064415673611327,24.097430014405763,28017,60.0
734,17.381638,78.490707,0.18468545833502936,0.7204154288551154,24.201243798433314,27002,60.0
735,17.381638,78.495207,0.042694730533546686,0.9545296747234763,21.974518399289543,24980,60.0
736,17.381638,78.499707,0.2043274516375757,0.8546347716836689,23.003573685566817,22940,60.0
737,17.381638,78.504207,0.4509961935706737,1.0028564976641956,23.35485447626132,21031,60.0
738,17.381638,78.508707,0.4442757076918693,1.3072753026033332,17.304743734109778,19275,60.0
739,17.381638,78.513207,0.12126429427560206,1.6897107934877753,13.024395293507858,17668,60.0
740,17.381638,78.517707,0.23424466609266478,2.1112466110462282,19.216498571071934,16202,60.0
741,17.381638,78.522207,0.509576610405289,2.552584528861138,20.39211211944913,14867,60.0
742,17.381638,78.526707,0.4567981715900175,3.0050123356634155,14.973289105707437,13652,60.0
743,17.381638,78.531207,0.11503593133256566,3.464187687291292,10.743864968672517,12546,60.0
744,17.381638,78.535707,0.03828052297507826,3.568720555264709,13.901847355925725,11540,60.0
745,17.381638,78.540207,0.09623178722705204,3.2209794311596815,15.824805200146983,10625,60.0
746,17.381638,78.544707,0.1834464430601954,2.9102688112567114,18.20697327226187,9793,60.0
747,17.381638,78.549207,0.07749455979597947,2.649648009848914,15.343708760743212,9037,60.0
748,17.381638,78.553707,0.09951346450307376,2.455120885763557,14.233681443538128,8350,60.0
749,17.381638,78.558207,0.13311857365697638,2.34320646063782,14.107967833213376,7725,60.0
750,17.381638,78.562707,0.3951355891474007,2.3258607947975714,18.363193985047225,7157,60.0
751,17.381638,78.567207,0.4255461456563749,2.4051308327328567,18.928422272983077,6641,60.0
752,17.381638,78.571707,0.2941145426967118,2.5720991766119377,17.810211670622788,6172,60.0
753,17.381638,78.576207,0.02715197146392122,2.8111826677771,23.50024922463306,5745,60.0
754,17.381638,78.580707,0.3856665772594753,3.1057713653306593,26.312891436365444,5358,60.0
755,17.386138,78.382707,0.3775929769716856,5.76774782225162,17.224014752968532,7807,60.0
756,17.386138,78.391707,0.6243145720782663,5.346945100986653,15.056312244672984,8331,60.0
757,17.386138,78.396207,0.431752728022612,5.189910741335981,18.023113898838005,8607,60.0
758,17.386138,78.400707,0.05361096286005456,5.07311119174761,16.096751286958792,8901,60.0
759,17.386138,78.405207,0.39502463524317294,4.999367249564113,18.702199595352916,9220,60.0
760,17.386138,78.409707,0.30623654767952185,4.755771760205491,20.88195880900411,9574,60.0
761,17.386138,78.414207,0.1682733680108532,4.448132731705034,20.035473265842004,9970,60.0
762,17.386138,78.418707,0.45934020848171664,4.172573462440627,23.273581165060794,10417,60.0
763,17.386138,78.423207,0.9101499206160426,3.9358377174700068,27.085744723192512,10923,60.0
764,17.386138,78.427707,1.3740471720321668,3.7452947168844912,30.57907689002352,11498,60.0
765,17.386138,78.432207,1.2736326172135033,3.6082698394733606,26.976543323800946,12149,60.0
766,17.386138,78.436707,1.3163848113075276,3.5309991069401088,32.12250950693337,12885,60.0
767,17.386138,78.441207,1.1862705402610652,2.997443143065796,31.08609547722134,13717,60.0
768,17.386138,78.445707,0.9554110392267072,2.532111653476085,29.113362396689222,14653,60.0
769,17.386138,78.450207,0.9253833326667085,2.0723346434862573,35.52427762562722,15703,60.0
770,17.386138,78.454707,1.1208147404725515,1.6228400241125158,37.24545694576018,16879,60.0
771,17.386138,78.459207,1.4517961596335487,1.1952849176573432,38.71781905570211,18192,60.0
772,17.386138,78.463707,1.2941630311808596,0.824536079754171,35.554515243778766,19656,60.0
773,17.386138,78.468207,1.144205197936539,0.4765565123296521,36.600893896194954,21282,60.0
774,17.386138,78.472707,1.1745373040602616,0.34005979968362454,33.633744638191715,23085,60.0
775,17.386138,78.477207,0.9244083643450219,0.6783890281147076,31.83041241055007,25079,60.0
776,17.386138,78.481707,0.7244245737601942,0.56694505723267,27.163980162397376,27263,60.0
777,17.386138,78.486207,0.6470429394398243,0.12887470427506303,28.644919041780426,29333,60.0
778,17.386138,78.490707,0.6849882091849611,0.409673023609117,27.035444855769224,27653,60.0
779,17.386138,78.495207,0.37874797614091354,0.5546687603485974,21.217363711505758,25311,60.0
780,17.386138,78.499707,0.061956276535869464,0.35628018602762157,20.514869496945018,23150,60.0
781,17.386138,78.504207,0.04011390918352023,0.6342313162695157,19.01416277283574,21179,60.0
782,17.386138,78.508707,0.06606786381660516,1.0647059726984733,21.64635989429782,19385,60.0
783,17.386138,78.513207,0.1724438003955291,1.5234775705068275,19.275590331926118,17754,60.0
784,17.386138,78.517707,0.5201036792292311,1.9910812792305426,18.508313291970403,16271,60.0
785,17.386138,78.522207,0.9309870685270893,2.4624908254407876,20.510372254507402,14922,60.0
786,17.386138,78.526707,0.5647940413180997,2.9358734852384027,17.14622134521901,13697,60.0
787,17.386138,78.531207,0.2314565658263582,3.410407721507453,14.098671000721415,12583,60.0
788,17.386138,78.535707,0.18894439375764224,3.2654941211853643,11.753746583817053,11571,60.0
789,17.386138,78.540207,0.30123467371842927,2.881397581807337,14.192551569632453,10652,60.0
790,17.386138,78.544707,0.02700364326558983,2.5293190665327443,11.49567945424813,9816,60.0
791,17.386138,78.549207,0.43244414666944675,2.224513565750306,13.290310145582696,9056,60.0
792,17.386138,78.553707,0.5392338498860489,1.9888360960317903,18.044391406438834,8366,60.0
793,17.386138,78.558207,0.2748375796181036,1.8489132426629957,17.00914079627205,7739,60.0
794,17.386138,78.562707,0.008587027005418009,1.8268809732839715,12.021946831536955,7169,60.0
795,17.386138,78.567207,0.03404422816629616,1.9267876769071546,16.61297966962436,6651,60.0
796,17.386138,78.571707,0.17497760655690286,2.1315558080174246,20.91371117745253,6181,60.0
797,17.386138,78.576207,0.14629355337354832,2.4146536651285646,22.155757691593205,5753,60.0
798,17.386138,78.580707,0.23188194355016814,2.752013304956397,23.916777540426473,5365,60.0
799,17.386138,78.585207,0.23385182482814698,3.126116582300913,23.253702745202848,5012,60.0
800,17.390638,78.382707,0.34236557465104517,5.342576078776897,12.588209623329904,8224,60.0
801,17.390638,78.396207,0.042612768632547066,4.71291136900711,11.414077283437882,8970,60.0
802,17.390638,78.400707,0.3438574159547588,4.583977174759914,16.90030058188326,9237,60.0
803,17.390638,78.405207,0.18108565562838616,4.50223064204428,17.004263385001934,9527,60.0
804,17.390638,78.409707,0.08932557479612686,4.470261247272091,19.43746740731453,9850,60.0
805,17.390638,78.414207,0.08396851403672338,4.064324569690829,20.316973496659294,10214,60.0
806,17.390638,78.418707,0.3106449687605703,3.760754866554033,20.57609063523394,10629,60.0
807,17.390638,78.423207,0.7780336123342568,3.4962513700258016,22.55300928083304,11104,60.0
808,17.390638,78.427707,1.2530727000626345,3.280277981689218,28.637923906293988,11647,60.0
809,17.390638,78.432207,1.100839581995571,3.1229196517606166,30.124886405476488,12266,60.0
810,17.390638,78.436707,1.0043735697529563,3.0333124114673304,29.935450170465256,12971,60.0
811,17.390638,78.441207,0.8327521588901348,3.017498092805313,29.242712267675735,13770,60.0
812,17.390638,78.445707,0.5035047920039579,2.6528678768536573,29.842845860018336,14672,60.0
813,17.390638,78.450207,0.4452435193537417,2.2860346898782566,28.689565052084472,15684,60.0
814,17.390638,78.454707,0.7712664095715667,1.7973242485104548,30.88042859307572,16816,60.0
815,17.390638,78.459207,1.2020645756634658,1.323191618666836,35.5845641063768,18075,60.0
816,17.390638,78.463707,0.8869605742149421,0.8528322789395392,32.256958744147575,19467,60.0
817,17.390638,78.468207,0.6510583228772933,0.3997936514190445,31.873575495532183,20993,60.0
818,17.390638,78.472707,0.7031448197122097,0.21993695270922028,31.742463479994374,22640,60.0
819,17.390638,78.477207,1.0044804259548286,0.6268451119834141,29.99792966761145,24356,60.0
820,17.390638,78.481707,1.1969675284836836,0.6863025135787426,31.539995861151727,25955,60.0
821,17.390638,78.486207,1.1473523656702682,0.40767711300668846,33.9791839826332,26814,60.0
822,17.390638,78.490707,0.8973875548366381,0.5634005733761904,26.042181592507276,26125,60.0
823,17.390638,78.495207,0.6318098137408014,0.4527058548857635,21.205707943402473,24479,60.0
824,17.390638,78.499707,0.4692738998337864,0.15564438070932152,19.35299742872035,22629,60.0
825,17.390638,78.504207,0.008438026636441836,0.5472953437951914,18.974343741498824,20823,60.0
826,17.390638,78.508707,0.41603939284042923,1.0153145577495857,20.064676754334293,19127,60.0
827,17.390638,78.513207,0.5805420163984872,1.4893688416085202,19.476314465531836,17560,60.0
828,17.390638,78.517707,0.8697627393282862,1.9650953865450345,22.718792410880216,16121,60.0
829,17.390638,78.522207,0.8614725018336165,2.441516873966316,13.89779655381868,14804,60.0
830,17.390638,78.526707,0.8316492617525232,2.918292968180956,19.050652003278387,13602,60.0
831,17.390638,78.531207,0.6486446437248597,3.395274286948635,19.69539102933902,12506,60.0
832,17.390638,78.535707,0.3730791303228646,3.0152764224059903,12.311825533982677,11508,60.0
833,17.390638,78.540207,0.24017931971121256,2.594407477004899,12.906513594611429,10599,60.0
834,17.390638,78.544707,0.3772247969436442,2.1968158635885264,13.12998300412144,9772,60.0
835,17.390638,78.549207,0.45544282144283205,1.8376727809683084,13.710217364723587,9020,60.0
836,17.390638,78.553707,0.1716932901810719,1.5440447181744732,13.77146402346268,8335,60.0
837,17.390638,78.558207,0.13827446431834933,1.3590800066587037,17.91948408910214,7713,60.0
838,17.390638,78.562707,0.06272401175982781,1.3289523575116067,19.31330912902901,7147,60.0
839,17.390638,78.567207,0.2657626207563293,1.4632572582687935,17.365304926191396,6632,60.0
840,17.390638,78.571707,0.33133196619868555,1.723983982036001,23.536084468600205,6164,60.0
841,17.390638,78.576207,0.2074207725657805,2.0637614366476424,20.422106454904004,5739,60.0
842,17.390638,78.580707,0.11558985204548548,2.4499169974522856,24.70468027300754,5353,60.0
843,17.395138,78.396207,0.4645084190816418,4.241302660308122,15.745151891059134,9356,60.0
844,17.395138,78.400707,0.5655429991728447,4.097559143401303,17.644528665184133,9587,60.0
845,17.395138,78.405207,0.34233746881678795,4.00590105162761,17.81281123468475,9838,60.0
846,17.395138,78.409707,0.09907112778839162,3.9699376773488533,23.17931763087883,10120,60.0
847,17.395138,78.414207,0.058881263324527394,3.7084145143813116,19.60429782864961,10442,60.0
848,17.395138,78.418707,0.3534152104071939,3.3729719294233287,19.654873237275574,10814,60.0
849,17.395138,78.423207,0.8306719873678512,3.0753021571821786,27.30537406768332,11246,60.0
850,17.395138,78.427707,1.05664186410815,2.8273608498773726,27.421580957081858,11745,60.0
851,17.395138,78.432207,0.6763343185796079,2.643179466064904,26.247611808396574,12319,60.0
852,17.395138,78.436707,0.5043328163370256,2.536684509700569,29.27361518790885,12977,60.0
853,17.395138,78.441207,0.6706998773783114,2.517753207028775,29.63493700724491,13724,60.0
854,17.395138,78.445707,0.1932144287935607,2.3902719888917647,28.203867274445162,14568,60.0
855,17.395138,78.450207,0.15086852316363072,1.9752699548547867,28.14984697284073,15513,60.0
856,17.395138,78.454707,0.628246953522607,1.595605601133218,32.155360555764865,16564,60.0
857,17.395138,78.459207,1.0959368584119815,1.2830423613691684,35.38509481024866,17720,60.0
858,17.395138,78.463707,0.6296476228462115,1.0965458472647942,27.85312941278613,18977,60.0
859,17.395138,78.468207,0.19538848179559729,0.7702716675186977,30.187430736454846,20317,60.0
860,17.395138,78.472707,0.3246000610677693,0.6941602720031139,27.150068968498736,21695,60.0
861,17.395138,78.477207,0.7695894180388473,0.9090723503692538,28.152430020425424,23012,60.0
862,17.395138,78.481707,1.0614682298963556,0.793274219879353,31.717032453741744,24060,60.0
863,17.395138,78.486207,0.9011366727402921,0.41094363634357384,29.90879147386903,24502,60.0
864,17.395138,78.490707,0.5769877235591531,0.4055325184625573,25.137844136074058,24096,60.0
865,17.395138,78.495207,0.21065038779419756,0.6944657047884238,24.618845578934078,23006,60.0
866,17.395138,78.499707,0.015484766932559374,0.649822591052613,17.676685854912648,21580,60.0
867,17.395138,78.504207,0.04112405097644416,0.835206350141149,18.267568540297678,20056,60.0
868,17.395138,78.508707,0.45745822423012306,1.1953589896857084,19.013950463917308,18550,60.0
869,17.395138,78.513207,0.9217310078117946,1.6174701852442757,21.563152791951993,17115,60.0
870,17.395138,78.517707,0.7336537901245794,2.063867656722099,19.897765458640954,15770,60.0
871,17.395138,78.522207,0.38632514225469994,2.521686504352926,14.216014731495477,14524,60.0
872,17.395138,78.526707,0.3368681947840594,2.985677337611235,16.55601935491831,13375,60.0
873,17.395138,78.531207,0.5128309327835429,3.2921042670996425,15.685031723747638,12320,60.0
874,17.395138,78.535707,0.29071975146983914,2.8321522815047806,10.081188849453163,11354,60.0
875,17.395138,78.540207,0.11583419930562934,2.379118091401729,8.791905371249289,10471,60.0
876,17.395138,78.544707,0.33096378807837457,1.937859527503978,14.126593262797915,9664,60.0
877,17.395138,78.549207,0.4972432342008357,1.5186759078915686,15.11149477555752,8928,60.0
878,17.395138,78.553707,0.29459346524757013,1.1460513898787343,14.775295150357268,8258,60.0
879,17.395138,78.558207,0.30746262897423776,0.8811761310823782,15.867244862000893,7647,60.0
880,17.395138,78.562707,0.0774991769537928,0.833959993490331,16.049749436061802,7090,60.0
881,17.395138,78.567207,0.13305177217705919,1.0346436480969456,19.03969022791301,6584,60.0
882,17.395138,78.571707,0.12434222795162726,1.3789365457480227,16.200437316840386,6123,60.0
883,17.395138,78.576207,0.15361024124614764,1.785616091503369,17.659900718724145,5703,60.0
884,17.399638,78.391707,1.0183154502172593,3.9901182639353223,16.489085434372296,9588,60.0
885,17.399638,78.396207,0.7131958908156221,3.777104387715261,18.0421204130701,9769,60.0
886,17.399638,78.400707,0.629358135814137,3.61495363022716,20.290633447895896,9954,60.0
887,17.399638,78.405207,0.784994208922052,3.5107207721239986,18.904435518022915,10156,60.0
888,17.399638,78.409707,0.49164849914051345,3.469629566611934,14.195916146704155,10386,60.0
889,17.399638,78.414207,0.40415027630250844,3.389202975171512,16.57980736099523,10655,60.0
890,17.399638,78.418707,0.3975734358767405,3.0185023953226957,19.674474535865908,10974,60.0
891,17.399638,78.423207,0.6809050519534338,2.6817806929253427,23.351059053521485,11351,60.0
892,17.399638,78.427707,0.9288760726292031,2.39342217987486,26.551230946968175,11795,60.0
893,17.399638,78.432207,0.45140121750669165,2.172768475903043,25.93599344382741,12311,60.0
894,17.399638,78.436707,0.026297071382481857,2.041888107069648,23.938587354074844,12907,60.0
895,17.399638,78.441207,0.47872146850586117,2.0183216560205897,30.486864944399166,13587,60.0
896,17.399638,78.445707,0.5292878824192665,2.105675342031407,28.272877162654567,14354,60.0
897,17.399638,78.450207,0.15504101305697066,1.7544750778462117,26.37973219468767,15210,60.0
898,17.399638,78.454707,0.4259887063675144,1.3124336196444266,31.180928267180953,16153,60.0
899,17.399638,78.459207,0.8750300011706863,0.907052709374837,30.091515005921202,17176,60.0
900,17.399638,78.463707,0.6790151302653893,0.6156059081253014,32.75579010648313,18265,60.0
901,17.399638,78.468207,0.2695057631227453,0.625427898177681,29.458809148748827,19386,60.0
902,17.399638,78.472707,0.33218699816723124,0.9269913066884682,28.82249678492522,20484,60.0
903,17.399638,78.477207,0.7601630396532968,1.210226998698034,34.11917834198434,21457,60.0
904,17.399638,78.481707,0.6161945407085758,0.7404534811131753,27.885580629787682,22157,60.0
905,17.399638,78.486207,0.40862564127410445,0.29643443157689864,30.8808099658645,22411,60.0
906,17.399638,78.490707,0.31778886106290677,0.28888653867446895,24.500743946593282,22122,60.0
907,17.399638,78.495207,0.11221209648419236,0.29517782411289967,19.802139439992295,21353,60.0
908,17.399638,78.499707,0.358559754919505,0.2634535956381075,22.55774462411753,20270,60.0
909,17.399638,78.504207,0.04064352044045906,0.7125016850365287,16.932952007943577,19030,60.0
910,17.399638,78.508707,0.41360813777675404,1.184011195041873,18.43218430754464,17743,60.0
911,17.399638,78.513207,0.8418763853702159,1.6589392312469062,21.99410437126921,16473,60.0
912,17.399638,78.517707,0.6187236449652853,2.1350056766668053,19.791460793009904,15255,60.0
913,17.399638,78.522207,0.15840396151692307,2.611588043368659,13.655816939472889,14105,60.0
914,17.399638,78.526707,0.10774610998037708,3.0884475029268277,15.748289433662928,13031,60.0
915,17.399638,78.531207,0.3872187323013991,3.204345551879112,17.16468882502849,12036,60.0
916,17.399638,78.535707,0.3336168714492895,2.7296585467494268,17.041516906579268,11117,60.0
917,17.399638,78.540207,0.12003353001011922,2.2561494260650456,13.840189261832291,10272,60.0
918,17.399638,78.544707,0.32500546502081584,1.7847559412416916,16.88852521951485,9497,60.0
919,17.399638,78.549207,0.2666620619306195,1.3177505052561416,10.45214669361994,8787,60.0
920,17.399638,78.553707,0.34990741440690254,0.8622923555504084,14.718207103907508,8137,60.0
921,17.399638,78.558207,0.5837451740087671,0.45453152516022066,15.88180307691811,7544,60.0
922,17.399638,78.562707,0.3893107910891263,0.35442742157940094,17.73663913766726,7002,60.0
923,17.399638,78.567207,0.3405251786814885,0.7075364131227758,17.267873428242936,6508,60.0
924,17.399638,78.571707,0.18362884208765468,1.1539349389551317,18.459747957553603,6057,60.0
925,17.399638,78.576207,0.2492634253837284,1.6181758245149116,24.347523445644846,5646,60.0
926,17.399638,78.580707,0.0691070168268539,2.0883939384851065,20.589580436358606,5272,60.0
927,17.404138,78.391707,0.801658713182422,3.5636535923031647,18.487679900162142,10084,60.0
928,17.404138,78.396207,0.34333020332654923,3.3234231554520077,15.041174208798026,10213,60.0
929,17.404138,78.400707,0.1623105304092777,3.1379202003520303,15.378395615120755,10340,60.0
930,17.404138,78.405207,0.5227295424869608,3.0172557179218993,18.39458785519687,10480,60.0
931,17.404138,78.409707,0.216245493474189,2.9693447292758903,18.586978156745445,10647,60.0
932,17.404138,78.414207,0.07920571251372226,2.9976776587506175,20.461942453548634,10853,60.0
933,17.404138,78.418707,0.11375565770522278,2.710448005031642,22.972388851887935,11109,60.0
934,17.404138,78.423207,0.5523555019127983,2.329628001063132,24.299885904274078,11422,60.0
935,17.404138,78.427707,0.7742217496911314,1.9909105214059153,27.550539833229646,11800,60.0
936,17.404138,78.432207,0.5575308623752494,1.7193611114312475,24.073399246289558,12248,60.0
937,17.404138,78.436707,0.11231319826669325,1.5506774021928311,24.73399093976613,12771,60.0
938,17.404138,78.441207,0.02590484098134116,1.5195124307008947,27.34092347515374,13371,60.0
939,17.404138,78.445707,0.1501358138722012,1.6337550292821084,28.835302234976815,14049,60.0
940,17.404138,78.450207,0.25470223868627695,1.6599484377594174,28.851196939017612,14802,60.0
941,17.404138,78.454707,0.4702636246365795,1.183115123797429,31.968398259582408,15623,60.0
942,17.404138,78.459207,0.6900642169669515,0.7071394179230646,32.73193772107095,16501,60.0
943,17.404138,78.463707,0.9029495839176069,0.23724058925205427,35.41841982021414,17413,60.0
944,17.404138,78.468207,0.7232728213086457,0.26167196797685627,32.26297642331193,18324,60.0
945,17.404138,78.472707,0.5441676366895385,0.7325390919810787,29.405417839569907,19177,60.0
946,17.404138,78.477207,0.32331045297810196,1.2085971224119054,28.749141500305257,19892,60.0
947,17.404138,78.481707,0.218000461948181,0.9838766943262922,20.671876124836867,20371,60.0
948,17.404138,78.486207,0.040039007110272876,0.7124792602378505,25.149698039436714,20519,60.0
949,17.404138,78.490707,0.07954320437499339,0.7093721625592104,16.108862980152743,20291,60.0
950,17.404138,78.495207,0.3644357897412302,0.439012419655284,20.358228998089974,19716,60.0
951,17.404138,78.499707,0.6482380706699736,0.4183421925276145,25.04931907680511,18879,60.0
952,17.404138,78.504207,0.23304845113073752,0.783102966813883,21.23923175845936,17878,60.0
953,17.404138,78.508707,0.2128284962776091,1.2277834109173882,16.503524773931975,16798,60.0
954,17.404138,78.513207,0.5617833507160281,1.6904483819460583,18.242556657213946,15699,60.0
955,17.404138,78.517707,0.7325723789642803,2.1595696653721737,22.296910132308962,14617,60.0
956,17.404138,78.522207,0.39188625183267956,2.6316968529509728,15.564364700244425,13578,60.0
957,17.404138,78.526707,0.4680240352460545,3.1054592719109664,20.68382949103668,12593,60.0
958,17.404138,78.531207,0.7044364457407262,3.1935035476337257,17.034952226160648,11670,60.0
959,17.404138,78.535707,0.42131745413495175,2.71693570261518,15.810736414011624,10809,60.0
960,17.404138,78.540207,0.15952649825862222,2.2407525915267854,16.555671900314774,10012,60.0
961,17.404138,78.544707,0.3628510995393772,1.7652655899020189,14.94864415494192,9276,60.0
962,17.404138,78.549207,0.12816180534606914,1.2912439322562566,11.660523584709825,8599,60.0
963,17.404138,78.553707,0.3061393740070075,0.8212289853108935,15.129920478133306,7977,60.0
964,17.404138,78.558207,0.7381309083377365,0.37078439102006494,18.696028360026748,7406,60.0
965,17.404138,78.562707,0.4753600044101908,0.23770348716402998,15.470005366801958,6884,60.0
966,17.404138,78.567207,0.32893147015163493,0.6568734245784058,17.968457560875784,6406,60.0
967,17.404138,78.571707,0.2794146937900205,1.1235747900080286,17.97072415126475,5969,60.0
968,17.404138,78.576207,0.06982419641596962,1.5966576921242,21.390146752983682,5570,60.0
969,17.404138,78.580707,0.07192660630579507,2.0717550836061376,20.99549009950623,5206,60.0
970,17.408638,78.391707,0.8306402401955627,3.1589499362946314,17.78372604026504,10626,60.0
971,17.408638,78.396207,0.3876835012816778,2.885224427982973,16.03187425604596,10690,60.0
972,17.408638,78.400707,0.22345222194822695,2.669447740437868,16.454276380871107,10746,60.0
973,17.408638,78.405207,0.024496209868399333,2.526511115740915,16.969419438328153,10812,60.0
974,17.408638,78.409707,0.03736060781134341,2.4690973122477753,14.877584696120614,10905,60.0
975,17.408638,78.414207,0.11409354555411114,2.5030981996809736,16.42641855409169,11037,60.0
976,17.408638,78.418707,0.2514817893831133,2.466263300808123,22.785747637250402,11220,60.0
977,17.408638,78.423207,0.5251228044569657,2.0403774584968244,22.666159039006043,11460,60.0
978,17.408638,78.427707,0.2740038842066554,1.6430868190100671,20.41204317372869,11765,60.0
979,17.408638,78.432207,0.5332792878719477,1.3008601134253877,26.898858051184632,12137,60.0
980,17.408638,78.436707,0.548421851036167,1.0680114200670827,28.147831720762625,12580,60.0
981,17.408638,78.441207,0.4701754165777586,1.0222369447363946,24.682180382587244,13093,60.0
982,17.408638,78.445707,0.2935073965815031,1.1854100421902067,27.975502871718742,13673,60.0
983,17.408638,78.450207,0.1531405643089879,1.4904140981689977,28.792466202951918,14317,60.0
984,17.408638,78.454707,0.07228911154718744,1.2561032620466193,28.02504566335169,15013,60.0
985,17.408638,78.459207,0.2389625307817264,0.8234696821726621,29.759257406281407,15746,60.0
986,17.408638,78.463707,0.4676994863761184,0.484097288118906,27.049982990652623,16492,60.0
987,17.408638,78.468207,0.35982580366510986,0.49652694376661655,29.636285380187296,17217,60.0
988,17.408638,78.472707,0.18483492915800045,0.8453808502770763,26.861727730367267,17871,60.0
989,17.408638,78.477207,0.13122262023757927,1.280132615199643,25.51697826963654,18396,60.0
990,17.408638,78.481707,0.24283057525120466,1.374230680694791,28.04655518679354,18727,60.0
991,17.408638,78.486207,0.19766301284105642,1.195045875431475,27.989558830414396,18809,60.0
992,17.408638,78.490707,0.26051286166035065,1.1281667958096664,27.869177198946193,18616,60.0
993,17.408638,78.495207,0.7344363349258368,0.8939174936303812,28.538116856778316,18165,60.0
994,17.408638,78.499707,0.8677724540453711,0.8839497763782332,25.225042879992383,17502,60.0
995,17.408638,78.504207,0.4703908986901901,1.104353423682586,22.493969239708267,16690,60.0
996,17.408638,78.508707,0.12846016676038907,1.453883185438224,20.032302581430297,15789,60.0
997,17.408638,78.513207,0.25039816584491686,1.8611573560992105,18.307770672498766,14847,60.0
998,17.408638,78.517707,0.6837975960463883,2.295645365784652,19.87352729524992,13901,60.0
999,17.408638,78.522207,0.8206394126227128,2.7444524298577324,21.17185270466006,12975,60.0
1000,17.408638,78.526707,0.8572541811252512,3.2015623039130356,18.891238021472386,12085,60.0
1001,17.408638,78.531207,0.8930804353844325,3.2603456847643453,17.230151814575958,11240,60.0
1002,17.408638,78.535707,0.5702734017386369,2.7952098376583225,15.602419485836986,10445,60.0
1003,17.408638,78.540207,0.09798429843719988,2.335056471252185,14.770807939328275,9702,60.0
1004,17.408638,78.544707,0.32182250853896743,1.8835408271716167,14.986291456196241,9012,60.0
1005,17.408638,78.549207,0.6284339075960973,1.4487615430664254,17.859274684125932,8373,60.0
1006,17.408638,78.553707,0.7216855877776154,1.0516846522916572,19.65040139274635,7782,60.0
1007,17.408638,78.558207,0.529395219772128,0.7543989963996642,17.173213629544534,7239,60.0
1008,17.408638,78.562707,0.1567593275388565,0.6986713982055699,18.135726888645614,6739,60.0
1009,17.408638,78.567207,0.10419701362516164,0.9290383407675347,18.141195315380493,6281,60.0
1010,17.413138,78.342207,0.5862798415473742,3.544209515997559,21.36571219159349,7288,60.0
1011,17.413138,78.364707,0.02663209075509156,3.649342174745396,18.30812979289048,9913,60.0
1012,17.413138,78.369207,0.4884100147665813,3.8518115301164024,16.52373975769213,10343,60.0
1013,17.413138,78.391707,0.9172051609078331,2.7855084064553526,16.288228299913804,11220,60.0
1014,17.413138,78.396207,0.44481969082742645,2.4707596290623965,15.165894186862827,11202,60.0
1015,17.413138,78.400707,0.06251080746921985,2.2149749240450665,13.586819556044613,11170,60.0
1016,17.413138,78.405207,0.27136322104897354,2.040450781497643,17.80651324316932,11149,60.0
1017,17.413138,78.409707,0.4596314376089474,1.9689158381508176,19.23107687635232,11155,60.0
1018,17.413138,78.414207,0.29582415193154976,2.0113886925022255,19.16553184568044,11204,60.0
1019,17.413138,78.418707,0.10767580328022204,2.161158040364917,21.05552034287345,11306,60.0
1020,17.413138,78.423207,0.21806763233314583,1.843873188253781,22.290846311237654,11467,60.0
1021,17.413138,78.427707,0.164730391866492,1.391581295791528,23.046015391333174,11692,60.0
1022,17.413138,78.432207,0.1798824441507029,0.9638599791854893,24.401273545317967,11984,60.0
1023,17.413138,78.436707,0.09355279721305028,0.614370413479874,25.291836187103623,12342,60.0
1024,17.413138,78.441207,0.02925252406112002,0.5308232658337714,20.340749025100052,12764,60.0
1025,17.413138,78.445707,0.1689007694078895,0.8012446962706586,25.406993066880077,13247,60.0
1026,17.413138,78.450207,0.2092049104825678,1.2075223294070834,22.59307844456627,13781,60.0
1027,17.413138,78.454707,0.3664606321434256,1.4017094257030347,28.360830940137536,14355,60.0
1028,17.413138,78.459207,0.11841351943668697,1.1648661299971337,26.986058530123266,14953,60.0
1029,17.413138,78.463707,0.12020175741926876,0.955600280265955,29.088934796177664,15551,60.0
1030,17.413138,78.468207,0.1546924452663263,0.9619565567125693,29.3690842184308,16118,60.0
1031,17.413138,78.472707,0.17116014665005297,1.1804569729047836,27.091175439696066,16615,60.0
1032,17.413138,78.477207,0.3756758922678017,1.522342484141742,26.32215512104732,16999,60.0
1033,17.413138,78.481707,0.12841466107185742,1.8192749105247257,26.05600268434595,17226,60.0
1034,17.413138,78.486207,0.1636877773818856,1.6880157631293777,23.348419301872806,17262,60.0
1035,17.413138,78.490707,0.281744512478123,1.5426794417888896,24.10616720387774,17092,60.0
1036,17.413138,78.495207,0.719330287495979,1.3806519077115607,27.624949723210918,16724,60.0
1037,17.413138,78.499707,1.1394129949386367,1.374219359631001,25.93264845247242,16187,60.0
1038,17.413138,78.504207,0.8035614101561295,1.5253515445559314,25.512615718563605,15521,60.0
1039,17.413138,78.508707,0.3619693660369582,1.7946741064359586,21.50441687739922,14767,60.0
1040,17.413138,78.513207,0.033062445560416646,2.1379785521336707,15.229839582879137,13964,60.0
1041,17.413138,78.517707,0.44776821034031683,2.5252700364430565,20.637539381181163,13143,60.0
1042,17.413138,78.522207,0.34710472476360155,2.939211552444813,18.674145156854422,12326,60.0
1043,17.413138,78.526707,0.4269592430365338,3.3699969832852146,17.30651561839689,11530,60.0
1044,17.413138,78.531207,0.423236433204379,3.4002937582043544,15.078601858952936,10765,60.0
1045,17.413138,78.535707,0.7758676749887851,2.9572641165495894,16.715359145596214,10038,60.0
1046,17.413138,78.540207,0.5136976809800311,2.526808238715572,15.70119184794795,9353,60.0
1047,17.413138,78.544707,0.6000725618112442,2.1166114674137355,18.499473650183717,8712,60.0
1048,17.413138,78.549207,0.7003144774404129,1.7410524812138237,16.42389502006256,8114,60.0
1049,17.413138,78.553707,0.38894135211141023,1.4277320445703485,17.850909993952087,7559,60.0
1050,17.413138,78.558207,0.3388433481265022,1.2253608655403276,14.873888626447233,7046,60.0
1051,17.413138,78.562707,0.11062766564895511,1.1918620397295756,16.413153443694483,6572,60.0
1052,17.417638,78.324207,0.6569337223988146,4.1254463275932824,27.868143915293278,5626,60.0
1053,17.417638,78.328707,0.23004301715460304,3.799424944795551,29.233937924614477,6073,60.0
1054,17.417638,78.333207,0.29457820818984287,3.5082437133932336,21.136675096782533,6559,60.0
1055,17.417638,78.337707,0.05170281751785851,3.2612481548229484,24.46987409268154,7084,60.0
1056,17.417638,78.342207,0.09960394983572583,3.0691247345732795,21.165447356879802,7645,60.0
1057,17.417638,78.346707,0.5350154868500168,2.942640868394147,23.344422095702143,8237,60.0
1058,17.417638,78.351207,0.6259807227509482,2.890426518642974,22.370643562999362,8852,60.0
1059,17.417638,78.355707,0.37513350443880455,2.9164734139938675,20.636805135874727,9475,60.0
1060,17.417638,78.360207,0.018021835371538262,3.018756436818994,16.49669134878884,10085,60.0
1061,17.417638,78.364707,0.316502859093827,3.1899506595313167,20.80919125751524,10653,60.0
1062,17.417638,78.369207,0.6334881949617599,3.4197224346685298,18.325387265843496,11148,60.0
1063,17.417638,78.373707,0.8828017759888319,3.2096525145780426,22.58143635144599,11536,60.0
1064,17.417638,78.378207,1.018871026569547,2.951987336067964,19.5883163980291,11797,60.0
1065,17.417638,78.382707,1.1476670850805872,2.753618992338352,21.442185745266688,11926,60.0
1066,17.417638,78.387207,0.9708793970312249,2.6280095572390265,18.442910816506515,11938,60.0
1067,17.417638,78.391707,0.9549921092515754,2.457621629377652,21.655699953219,11865,60.0
1068,17.417638,78.396207,0.5545004596743612,2.0941683085454406,21.648150615722162,11743,60.0
1069,17.417638,78.400707,0.3272910798955044,1.7852258146892852,17.802765847990827,11606,60.0
1070,17.417638,78.405207,0.5809339083825857,1.563449707724899,19.777852567528324,11482,60.0
1071,17.417638,78.409707,0.6392364128931941,1.4688676735469477,19.09157719356193,11392,60.0
1072,17.417638,78.414207,0.29286744082968014,1.525327168514508,19.66463764588749,11349,60.0
1073,17.417638,78.418707,0.3315621584156948,1.7180009238479481,18.10322662512453,11364,60.0
1074,17.417638,78.423207,0.02890756010027455,1.7712569285662463,18.603192321565945,11442,60.0
1075,17.417638,78.427707,0.2642085443016069,1.2938382156283363,23.242131064952545,11585,60.0
1076,17.417638,78.432207,0.3521933046271323,0.8164372026212631,26.8634166847282,11794,60.0
1077,17.417638,78.436707,0.4014337718576732,0.3391286486978091,30.979925881167404,12067,60.0
1078,17.417638,78.441207,0.5039437141815564,0.1390429147880504,25.54864874010011,12400,60.0
1079,17.417638,78.445707,0.5988051246541484,0.6160712468805211,30.78734567484813,12785,60.0
1080,17.417638,78.450207,0.5893278735581878,0.8811968393519141,28.83342781855605,13215,60.0
1081,17.417638,78.454707,0.6949131138288132,0.9208350349621218,29.00755776742566,13677,60.0
1082,17.417638,78.459207,0.2576600587129851,1.172703475781422,27.716236997426947,14153,60.0
1083,17.417638,78.463707,0.059336528776829794,1.4466334128003886,25.778031990786868,14622,60.0
1084,17.417638,78.468207,0.2652506398223986,1.450839912662351,26.932369207328165,15058,60.0
1085,17.417638,78.472707,0.34183313226357087,1.6040708119888034,26.010857477194694,15431,60.0
1086,17.417638,78.477207,0.5422645347762007,1.8700450218853601,24.73600197951236,15708,60.0
1087,17.417638,78.481707,0.38342589448207043,2.208395819066238,22.855794279863535,15859,60.0
1088,17.417638,78.486207,0.2875772483692594,2.184356750357759,25.920599449482275,15862,60.0
1089,17.417638,78.490707,0.17562583587477895,1.996926143642927,22.541818191835155,15707,60.0
1090,17.417638,78.495207,0.6527305718468545,1.8745840923150396,23.852521134275353,15398,60.0
1091,17.417638,78.499707,1.1301133174200837,1.8698516288002394,26.976399982438828,14954,60.0
1092,17.417638,78.504207,0.955530275035051,1.9835707214196872,26.546373753142124,14400,60.0
1093,17.417638,78.508707,0.48022338740669596,2.1974277231255264,21.535110896108204,13766,60.0
1094,17.417638,78.513207,0.02261899212427644,2.485709654744449,16.241518107135565,13082,60.0
1095,17.417638,78.517707,0.4167697802705836,2.8257290163996536,21.579423911078365,12372,60.0
1096,17.417638,78.522207,0.24103887743363928,3.201041167597307,20.548144553531824,11655,60.0
1097,17.417638,78.526707,0.16185471029865403,3.6006267140656054,17.352177638974663,10948,60.0
1098,17.417638,78.531207,0.20086317991139271,3.6048433922316967,18.141736545387182,10261,60.0
1099,17.417638,78.535707,0.6770408336210304,3.190357137941806,21.294600879931565,9602,60.0
1100,17.417638,78.540207,1.0056895094374494,2.796030334303955,22.971668781742387,8976,60.0
1101,17.417638,78.544707,0.7422559646420995,2.4316901060761027,20.45995372561189,8385,60.0
1102,17.417638,78.549207,0.40149250519636065,2.112906077800838,18.653484577289802,7831,60.0
1103,17.417638,78.553707,0.058443742245806556,1.863210024661119,16.867452304162292,7313,60.0
1104,17.417638,78.558207,0.09849053232201722,1.7130835588821112,14.449504610849456,6832,60.0
1105,17.417638,78.562707,0.299550441840359,1.6892848028218075,19.955284031394463,6386,60.0
1106,17.422138,78.315207,1.7246241871839234,4.573033858530749,31.406570669621185,4956,60.0
1107,17.422138,78.319707,1.2976663242302844,4.173416381359596,29.58821486563173,5351,60.0
1108,17.422138,78.324207,0.8419007597559939,3.791830719406364,30.561327354298914,5787,60.0
1109,17.422138,78.328707,0.39858782057304676,3.4342927088812196,26.39233991864193,6267,60.0
1110,17.422138,78.333207,0.2254863549971609,3.109109665245758,25.990690081437656,6793,60.0
1111,17.422138,78.337707,0.4046882650619127,2.827467012465654,22.83662381535492,7366,60.0
1112,17.422138,78.342207,0.011327497146109306,2.6035335218432496,17.973421377350355,7986,60.0
1113,17.422138,78.346707,0.3789336816479717,2.453164117939319,21.254008692309643,8649,60.0
1114,17.422138,78.351207,0.13658714065132227,2.3902828028391476,19.753600773923942,9347,60.0
1115,17.422138,78.355707,0.10345270781795905,2.4217142406862497,18.81847987888375,10066,60.0
1116,17.422138,78.360207,0.10304845529178588,2.5439650444619195,20.298548385049884,10780,60.0
1117,17.422138,78.364707,0.23856444577923155,2.7449274542169086,17.57844908848908,11455,60.0
1118,17.422138,78.369207,0.5833436438174587,3.008871151672814,20.63159194109439,12042,60.0
1119,17.422138,78.373707,0.3832569079329078,2.8221331631452755,16.423044224949024,12489,60.0
1120,17.422138,78.378207,0.6362255752318113,2.525239532636506,20.61803575847538,12756,60.0
1121,17.422138,78.382707,0.7358825994300422,2.2902076153509863,20.25333129890279,12834,60.0
1122,17.422138,78.387207,0.4866303731583242,2.137541640251413,17.31842985365007,12750,60.0
1123,17.422138,78.391707,0.47405582959446324,2.085409965632513,18.469943715102126,12555,60.0
1124,17.422138,78.396207,0.6144097049433149,1.7796581917789678,19.74047486083429,12304,60.0
1125,17.422138,78.400707,0.8275002099496899,1.4031048160363162,21.28776242690042,12042,60.0
1126,17.422138,78.405207,0.9592999553984024,1.107278288677396,26.703619307965706,11801,60.0
1127,17.422138,78.409707,0.5975635112619634,0.9691591878330369,21.419538623817733,11605,60.0
1128,17.422138,78.414207,0.20921956215276163,1.0527659252159998,19.48810911960644,11466,60.0
1129,17.422138,78.418707,0.2204922342830376,1.316512398075304,16.579511140662163,11391,60.0
1130,17.422138,78.423207,0.014758977830990852,1.6774790412965725,18.500199269174022,11384,60.0
1131,17.422138,78.427707,0.10820984052063781,1.3828560196476727,21.065308291247593,11445,60.0
1132,17.422138,78.432207,0.5621926493283375,0.9512454855333469,23.655337812349337,11573,60.0
1133,17.422138,78.436707,0.4300652622042241,0.5944073515855397,27.65594377879299,11762,60.0
1134,17.422138,78.441207,0.10774836364410571,0.5075895477565457,23.21229020798144,12008,60.0
1135,17.422138,78.445707,0.12361369260140945,0.7381329986324267,26.70421794083592,12303,60.0
1136,17.422138,78.450207,0.18258937311328272,0.4005147955855371,24.985165387709024,12636,60.0
1137,17.422138,78.454707,0.6483585153552114,0.48149728247827983,27.989702829392233,12996,60.0
1138,17.422138,78.459207,0.6963608839320764,0.8712766026263579,28.15448327892676,13365,60.0
1139,17.422138,78.463707,0.5565909358515264,1.3199477099259618,27.49564007513513,13725,60.0
1140,17.422138,78.468207,0.4669219235938944,1.7836077899750715,30.248165646303878,14053,60.0
1141,17.422138,78.472707,0.22068041511872363,2.06236812839017,20.424904581541636,14327,60.0
1142,17.422138,78.477207,0.5790015618120501,2.275382329865395,22.821110287040653,14522,60.0
1143,17.422138,78.481707,0.39832583707680796,1.9989735641978517,24.155701150679693,14617,60.0
1144,17.422138,78.486207,0.03040095968070786,1.8025151629501155,22.473286284505914,14595,60.0
1145,17.422138,78.490707,0.3585088153774435,1.7198987975872868,25.1297380051054,14450,60.0
1146,17.422138,78.495207,0.7721902895572113,1.7671638844079829,26.462792950316842,14184,60.0
1147,17.422138,78.499707,1.2203356771860063,1.9348152040481654,26.693452162140176,13809,60.0
1148,17.422138,78.504207,1.075357440903054,2.1954445818501735,27.882093562849708,13343,60.0
1149,17.422138,78.508707,0.6463879077266411,2.52037086720273,24.60216193364066,12807,60.0
1150,17.422138,78.513207,0.227374936097743,2.8787683649575087,19.71057873912816,12222,60.0
1151,17.422138,78.517707,0.3384797248528363,3.1769883218144583,21.314505942023317,11607,60.0
1152,17.422138,78.522207,0.6880506781215479,3.5149849444392287,21.497365862759704,10981,60.0
1153,17.422138,78.526707,0.53866372670445,3.405164361235294,18.500878647425218,10356,60.0
1154,17.422138,78.531207,0.5540167883355661,3.2849128168771284,20.796276183347562,9743,60.0
1155,17.422138,78.535707,0.8561469583246816,3.2314008604944378,21.246106397830268,9149,60.0
1156,17.422138,78.540207,1.0394091316964753,3.122749748099775,22.071459035926345,8580,60.0
1157,17.422138,78.544707,0.5620832283741525,2.801239734764788,22.229725706163283,8040,60.0
1158,17.422138,78.549207,0.08583747924493415,2.529473277674318,11.735710415694685,7529,60.0
1159,17.422138,78.553707,0.08812799579873382,2.324960004511761,14.152234468406048,7050,60.0
1160,17.422138,78.558207,0.06030919522252274,2.206480440092709,14.897378493766512,6603,60.0
1161,17.422138,78.562707,0.5355086169922008,2.1880552535434634,19.946880753192687,6185,60.0
1162,17.426638,78.283707,2.6088543128773236,7.483335856935792,37.10844333174793,3125,60.0
1163,17.426638,78.306207,1.7676111616374768,5.208608112090748,30.460083479450383,4343,60.0
1164,17.426638,78.310707,1.640684023442735,4.766849292136472,30.655113567797045,4677,60.0
1165,17.426638,78.315207,1.4060129200612352,4.332655644118145,29.318105443470557,5050,60.0
1166,17.426638,78.319707,1.1954822281371629,3.908549185727151,34.429705902847246,5464,60.0
1167,17.426638,78.324207,0.8365199754585205,3.4982006226167797,30.627146176807685,5925,60.0
1168,17.426638,78.328707,0.4007875788781885,3.1070657393592334,23.18357513856257,6434,60.0
1169,17.426638,78.333207,0.2527283120213451,2.743375015655067,21.93758179500217,6998,60.0
1170,17.426638,78.337707,0.32311101582057167,2.4195360093902725,20.297559495064927,7617,60.0
1171,17.426638,78.342207,0.13076126255461934,2.153602001824776,17.113291907903125,8295,60.0
1172,17.426638,78.346707,0.2733813269241393,1.9691743756669258,21.034511662723396,9030,60.0
1173,17.426638,78.351207,0.11521946110692241,1.8902626589211382,17.81861659629266,9817,60.0
1174,17.426638,78.355707,0.11813062974300449,1.9298541852220892,19.18544427360445,10644,60.0
1175,17.426638,78.360207,0.16250731080319938,2.0811968891056734,15.988091084563164,11487,60.0
1176,17.426638,78.364707,0.34598901429591333,2.3225466334142286,18.390269259487752,12303,60.0
1177,17.426638,78.369207,0.45093053390774357,2.6292326437800333,20.535797349568753,13024,60.0
1178,17.426638,78.373707,0.11116816307634432,2.4754305738921834,18.70678050845295,13564,60.0
1179,17.426638,78.378207,0.5184255014476498,2.1307732817105483,21.11424812530294,13846,60.0
1180,17.426638,78.382707,0.389528234695802,1.8461957936490137,16.817826554540193,13850,60.0
1181,17.426638,78.387207,0.05005787360107783,1.6530241734734994,19.177245226813795,13628,60.0
1182,17.426638,78.391707,0.010629371864774731,1.585037793628573,15.768295396442992,13271,60.0
1183,17.426638,78.396207,0.26478412718582994,1.5651135005980519,20.383863536268414,12859,60.0
1184,17.426638,78.400707,0.721946056802169,1.1185390740614727,22.14417247456002,12452,60.0
1185,17.426638,78.405207,1.1932292555711308,0.7130989073671,22.614701007369373,12085,60.0
1186,17.426638,78.409707,0.7601515689648288,0.4708730663682552,22.568842420370405,11778,60.0
1187,17.426638,78.414207,0.3106257558548913,0.6251110614827209,21.710972922292186,11541,60.0
1188,17.426638,78.418707,0.2233042185626778,1.0077882889102663,22.186957951439663,11378,60.0
1189,17.426638,78.423207,0.3579639749865701,1.4478748677004738,22.003960867851227,11289,60.0
1190,17.426638,78.427707,0.5746167730851774,1.6282870850569597,27.161898087666543,11271,60.0
1191,17.426638,78.432207,0.7994818158870785,1.28215477351452,27.954015091663546,11321,60.0
1192,17.426638,78.436707,0.5418632839976927,1.045172991764249,24.334532789265047,11433,60.0
1193,17.426638,78.441207,0.0992501900280591,0.9983566447253422,24.095372444695716,11598,60.0
1194,17.426638,78.445707,0.2779439759063751,0.6553546395693848,27.873231670018335,11810,60.0
1195,17.426638,78.450207,0.3890993910321506,0.21229921687818576,28.85635328236566,12056,60.0
1196,17.426638,78.454707,0.7491654616783173,0.3413161706769265,24.818549382167614,12325,60.0
1197,17.426638,78.459207,0.5815420768884727,0.8023509308285355,24.504696518521666,12601,60.0
1198,17.426638,78.463707,0.4291243456233505,1.2754927756361392,28.409358765842956,12870,60.0
1199,17.426638,78.468207,0.2723909127679994,1.7703998855160081,22.286254958878473,13111,60.0
1200,17.426638,78.472707,0.10213368786631986,2.097716474646386,20.550431355036036,13306,60.0
1201,17.426638,78.477207,0.4065129076451286,1.931049407559302,23.7801864286822,13437,60.0
1202,17.426638,78.481707,0.21292728612864692,1.589440690984528,24.087544985296766,13487,60.0
1203,17.426638,78.486207,0.2543903546976478,1.3339811565060216,22.883466575906628,13447,60.0
1204,17.426638,78.490707,0.5260965067599238,1.2200425656982998,22.95929002245421,13309,60.0
1205,17.426638,78.495207,0.9648257107690887,1.285813407508166,25.050620026758946,13076,60.0
1206,17.426638,78.499707,1.4277493947078947,1.5079597130756,27.238451762814584,12755,60.0
1207,17.426638,78.504207,1.300914929935946,1.8304051447049805,25.626516330959575,12358,60.0
1208,17.426638,78.508707,0.9180827857082158,2.20966911795594,29.148794774128916,11900,60.0
1209,17.426638,78.513207,0.6707365908980476,2.62120322498262,23.22328378899853,11397,60.0
1210,17.426638,78.517707,0.7160692615678966,3.0101736757253432,24.24569908722264,10865,60.0
1211,17.426638,78.522207,0.7079933313178981,3.142353702698352,21.076439557400285,10318,60.0
1212,17.426638,78.526707,0.2859530624172363,2.934984555671539,18.852181996092934,9767,60.0
1213,17.426638,78.531207,0.3307367467949433,2.7945772613228392,17.847942818287247,9222,60.0
1214,17.426638,78.535707,0.7650406092723426,2.7314776176494253,16.44725742878942,8690,60.0
1215,17.426638,78.540207,0.9509795922253146,2.751010370913934,20.071843501610658,8176,60.0
1216,17.426638,78.544707,0.503757516753963,2.8514779194153466,16.577842506572246,7684,60.0
1217,17.426638,78.549207,0.0811103165194687,2.972011549258014,13.309412916722252,7217,60.0
1218,17.426638,78.553707,0.27331937635355025,2.8000144768979207,16.803823578017557,6776,60.0
1219,17.426638,78.558207,0.26074807522991217,2.7024454128060174,22.080348224438293,6362,60.0
1220,17.426638,78.562707,0.6394840805301691,2.6874231271408773,21.994260493921846,5974,60.0
1221,17.431138,78.279207,2.717572629761141,7.842243467279011,39.69511687519115,2968,60.0
1222,17.431138,78.283707,2.3038502392161084,7.372883981957208,35.665799092442214,3143,60.0
1223,17.431138,78.288207,1.9199067268621894,6.904624653882018,34.28448691149827,3340,60.0
1224,17.431138,78.292707,1.58749763598636,6.437705554197503,29.06354427990898,3560,60.0
1225,17.431138,78.297207,1.3421523145912937,5.972441024362341,30.538281514181072,3807,60.0
1226,17.431138,78.301707,1.2377636957283393,5.509250273408268,30.3721413489133,4083,60.0
1227,17.431138,78.306207,1.2701154997122583,5.048704107209051,27.958108714619677,4391,60.0
1228,17.431138,78.310707,1.2620484425789857,4.591598365875286,30.136492544771006,4736,60.0
1229,17.431138,78.315207,0.9590477891540942,4.139073054627354,28.239498604937,5121,60.0
1230,17.431138,78.319707,0.753356530389276,3.692812445611233,24.637871818288026,5552,60.0
1231,17.431138,78.324207,0.6138673970748841,3.2553939202778226,22.479187708294297,6032,60.0
1232,17.431138,78.328707,0.5191248406914821,2.8309191451561015,21.579040642587703,6567,60.0
1233,17.431138,78.333207,0.12755579712999407,2.4261913878652854,21.535020389719254,7162,60.0
1234,17.431138,78.337707,0.16177885960958388,2.052923259598698,21.966213565392824,7822,60.0
1235,17.431138,78.342207,0.2285885223439937,1.7315804876115324,19.86181086463197,8551,60.0
1236,17.431138,78.346707,0.008005994435095911,1.4960066433873678,19.90791460786808,9354,60.0
1237,17.431138,78.351207,0.07684594725452085,1.3904994017131571,21.146480052734294,10229,60.0
1238,17.431138,78.355707,0.09235839732907386,1.4438591041247535,21.08720832798067,11170,60.0
1239,17.431138,78.360207,0.17540870434265152,1.640657629176204,23.227961419317822,12160,60.0
1240,17.431138,78.364707,0.021461996213358935,1.9376722159992417,21.559549251204643,13156,60.0
1241,17.431138,78.369207,0.401244008224362,2.2963400430740255,19.12305647400863,14074,60.0
1242,17.431138,78.373707,0.6072342525092914,2.189025370169427,25.6115320125625,14771,60.0
1243,17.431138,78.378207,0.7923055923345035,1.790058511582878,22.220820243005704,15087,60.0
1244,17.431138,78.382707,0.44641910262262074,1.4396463163549007,23.272719362763315,14970,60.0
1245,17.431138,78.387207,0.10969208978396609,1.181798712039224,19.322429172675307,14542,60.0
1246,17.431138,78.391707,0.09933800471214715,1.0846702328442899,18.3714312783492,13968,60.0
1247,17.431138,78.396207,0.4047374644951978,1.1883456866744053,17.529378988659246,13367,60.0
1248,17.431138,78.400707,0.6548551752409566,1.0170107254532632,22.460474021173614,12803,60.0
1249,17.431138,78.405207,0.800911140463381,0.5401013959623481,20.755665183857833,12307,60.0
1250,17.431138,78.409707,0.9925303631354451,0.07019958832325467,27.183322464769525,11892,60.0
1251,17.431138,78.414207,0.6982674836727764,0.41709256608686307,26.76413654413157,11562,60.0
1252,17.431138,78.418707,0.6612673313399083,0.8937696556039837,22.176966075115374,11317,60.0
1253,17.431138,78.423207,0.8327194913356812,1.3709492870412932,25.672039873974615,11152,60.0
1254,17.431138,78.427707,0.9707419330212089,1.8482422620323158,24.711727924262004,11062,60.0
1255,17.431138,78.432207,0.9167627830759607,1.6981544023787922,24.837020955482227,11041,60.0
1256,17.431138,78.436707,0.7368265053815404,1.527156733819432,26.79954175582786,11082,60.0
1257,17.431138,78.441207,0.453989432866762,1.2865209880904258,23.685826658887763,11175,60.0
1258,17.431138,78.445707,0.5291429748499853,0.9027146316327571,27.868922061228833,11312,60.0
1259,17.431138,78.450207,0.6232169105520909,0.6561131287330355,24.126153842924378,11482,60.0
1260,17.431138,78.454707,0.6879757240018982,0.708454972181027,27.57072895865331,11672,60.0
1261,17.431138,78.459207,0.21835711180288087,0.906499213040433,22.995390118350734,11870,60.0
1262,17.431138,78.463707,0.08852969297571942,1.0845324028609071,23.611214084009966,12062,60.0
1263,17.431138,78.468207,0.38870640063748374,1.4094250966536752,22.876365603579746,12231,60.0
1264,17.431138,78.472707,0.4390348284173099,1.8034817807372805,23.87701657922411,12364,60.0
1265,17.431138,78.477207,0.26450627609438127,1.6613558250224525,22.558086836918513,12444,60.0
1266,17.431138,78.481707,0.30530397485353733,1.2479994911791261,21.183036934249238,12461,60.0
1267,17.431138,78.486207,0.34389804920259004,0.9003916715866754,24.199092674115697,12406,60.0
1268,17.431138,78.490707,0.6735746203969167,0.720909477387594,25.915478016760392,12274,60.0
1269,17.431138,78.495207,1.1381043869842478,0.8273564329356213,28.332726640897572,12065,60.0
1270,17.431138,78.499707,1.4875433514754763,1.1424227500231354,32.04939818615677,11786,60.0
1271,17.431138,78.504207,1.6095442495102494,1.5432250944666162,32.33775539730776,11444,60.0
1272,17.431138,78.508707,1.319776174321663,1.9783226541171717,26.689212095155163,11050,60.0
1273,17.431138,78.513207,1.1613915839911308,2.356682254559424,26.989038395152598,10616,60.0
1274,17.431138,78.517707,1.1881483386015417,2.5736105005628787,24.933852812129587,10155,60.0
1275,17.431138,78.522207,0.7362736522221036,2.7192095067608806,23.3247236633644,9676,60.0
1276,17.431138,78.526707,0.3491594804490732,2.4766669086786095,19.60086044968149,9191,60.0
1277,17.431138,78.531207,0.3866973311928752,2.3085550778223176,24.15259024905175,8708,60.0
1278,17.431138,78.535707,0.7913270587542833,2.2317578395710034,23.999975052700155,8232,60.0
1279,17.431138,78.540207,0.7512071998097672,2.2556215325670625,22.575825599415023,7770,60.0
1280,17.431138,78.544707,0.2943594776666219,2.3771165050038525,22.686377893637438,7325,60.0
1281,17.431138,78.549207,0.12381949516903161,2.58249998929652,15.01041638862008,6899,60.0
1282,17.431138,78.553707,0.41640884962441366,2.8537166023776535,17.19968006188955,6495,60.0
1283,17.431138,78.558207,0.738291792009753,3.199784541147054,24.91261750195897,6114,60.0
1284,17.431138,78.562707,0.7812718264540862,3.187107616670635,23.89734314811994,5755,60.0
1285,17.431138,78.567207,0.3724468742449414,3.2453935496708906,22.051379045456624,5419,60.0
1286,17.431138,78.571707,0.1415385797465204,3.3709633794473253,17.761382500393275,5106,60.0
1287,17.431138,78.576207,0.4946392542654448,3.556697822385905,22.749507183236616,4814,60.0
1288,17.435638,78.274707,3.0199785502846237,8.243629557577028,42.151442737488736,2818,60.0
1289,17.435638,78.279207,2.5271583715489463,7.769199670019376,36.846162565895746,2976,60.0
1290,17.435638,78.283707,2.0760166597644916,7.2951542330379056,32.8394617257344,3154,60.0
1291,17.435638,78.288207,1.6396467758792577,6.8215733962261,29.011436995129106,3353,60.0
1292,17.435638,78.292707,1.2339275558514353,6.348561133452122,26.672129870551203,3576,60.0
1293,17.435638,78.297207,0.9013837271082564,5.8762547496244935,21.21179813384187,3826,60.0
1294,17.435638,78.301707,0.7379353238341217,5.4048392996691375,25.006965767072327,4107,60.0
1295,17.435638,78.306207,0.7763325129617656,4.934570131874304,26.41314534402287,4421,60.0
1296,17.435638,78.310707,0.9901343943902675,4.46580938673159,22.851788873915417,4773,60.0
1297,17.435638,78.315207,0.5744248664227095,3.9990875377223856,22.181963160050174,5167,60.0
1298,17.435638,78.319707,0.3086277873027987,3.535212208034593,19.589229652728342,5609,60.0
1299,17.435638,78.324207,0.11863965324380787,3.075471694707597,18.825979241731094,6103,60.0
1300,17.435638,78.328707,0.5152063025843728,2.622041857676308,23.234047281971712,6656,60.0
1301,17.435638,78.333207,0.5974649028773423,2.1788660887296385,19.441675536191198,7274,60.0
1302,17.435638,78.337707,0.34533959199456477,1.7537354229685105,23.315282948744493,7965,60.0
1303,17.435638,78.342207,0.37330002052267924,1.3636330180070904,23.750753732738193,8735,60.0
1304,17.435638,78.346707,0.2983092321398866,1.0484172143619217,21.27932783118515,9591,60.0
1305,17.435638,78.351207,0.2941828187082148,0.8914251942285231,16.784060569421044,10540,60.0
1306,17.435638,78.355707,0.29635579467558393,0.9725613978430484,19.75501520752558,11585,60.0
1307,17.435638,78.360207,0.28026520390238563,1.2461496869536448,24.107428297991724,12720,60.0
1308,17.435638,78.364707,0.35936345836909955,1.617306089064879,16.551832341616905,13922,60.0
1309,17.435638,78.369207,0.5842644923177256,2.033284412542079,22.755349861960436,15116,60.0
1310,17.435638,78.373707,0.5686307788535934,1.98913605009263,20.991545770045427,16099,60.0
1311,17.435638,78.378207,0.4994387988198396,1.5392136913712315,24.542435397504125,16496,60.0
1312,17.435638,78.382707,0.6471772370526419,1.1124202194002641,22.46844348332801,16152,60.0
1313,17.435638,78.387207,0.17063623895762492,0.7493744703926603,21.768360079388977,15404,60.0
1314,17.435638,78.391707,0.029445201999777522,0.5843191295175614,21.247300794984977,14561,60.0
1315,17.435638,78.396207,0.48532579454392843,0.7596571525253196,26.529137499935175,13759,60.0
1316,17.435638,78.400707,0.15503671998098167,1.1262826153013072,20.475875678477323,13045,60.0
1317,17.435638,78.405207,0.47247720393604636,0.7587249879060337,23.546865295194856,12432,60.0
1318,17.435638,78.409707,0.9341513894670638,0.5374840872714448,22.60438010230787,11924,60.0
1319,17.435638,78.414207,0.7076568458009604,0.6767002303725069,26.607003178299596,11515,60.0
1320,17.435638,78.418707,0.667561763092274,1.0405603203692828,22.475878772033493,11199,60.0
1321,17.435638,78.423207,0.7894284109146789,1.470855832279309,23.618152760312654,10969,60.0
1322,17.435638,78.427707,0.5121451929305527,1.9235063031482067,23.042931058153105,10817,60.0
1323,17.435638,78.432207,0.42582510792458694,2.150416356654342,19.454731988459415,10734,60.0
1324,17.435638,78.436707,0.6816942281854023,2.01811382742166,24.5834244115659,10712,60.0
1325,17.435638,78.441207,0.680284191922963,1.594137433930442,26.061371461210605,10742,60.0
1326,17.435638,78.445707,0.25074718134975776,1.3042439692583907,22.142653813280965,10815,60.0
1327,17.435638,78.450207,0.1402742153438807,0.9127586986441297,17.722032507060074,10918,60.0
1328,17.435638,78.454707,0.22741747220292188,0.5253705091253343,21.179067829451768,11042,60.0
1329,17.435638,78.459207,0.4510879383125285,0.41795636136116693,24.254757012690106,11175,60.0
1330,17.435638,78.463707,0.3436183689570318,0.7274259319258458,18.369820699208816,11303,60.0
1331,17.435638,78.468207,0.197082319288953,1.1573232353029255,19.09489549464383,11414,60.0
1332,17.435638,78.472707,0.3578284959093398,1.5604138407816064,23.957836142563544,11496,60.0
1333,17.435638,78.477207,0.07067379061287225,1.5139382931020384,21.015988966505624,11537,60.0
1334,17.435638,78.481707,0.03522512810167285,1.0437616441690312,21.07935433197454,11527,60.0
1335,17.435638,78.486207,0.13437455826823785,0.5853710120190666,24.560178701956424,11461,60.0
1336,17.435638,78.490707,0.45137312527813295,0.2273141248482302,23.670038324892687,11333,60.0
1337,17.435638,78.495207,0.8157393516722209,0.46526964110193836,26.22386049799789,11145,60.0
1338,17.435638,78.499707,1.258138182427505,0.914916173399895,32.97248185256302,10899,60.0
1339,17.435638,78.504207,1.7093513639007516,1.3832783549456047,29.819104256954354,10601,60.0
1340,17.435638,78.508707,1.7724268452541052,1.733009802982769,29.018147791069737,10259,60.0
1341,17.435638,78.513207,1.657868472634184,1.9018563831606585,30.771570119021234,9883,60.0
1342,17.435638,78.517707,1.3981214560242727,2.164844353736718,29.22590075805667,9481,60.0
1343,17.435638,78.522207,1.038476325300106,2.326922539488537,25.128359286438755,9063,60.0
1344,17.435638,78.526707,0.8094616924716405,2.0382291899006506,22.73623590118247,8636,60.0
1345,17.435638,78.531207,0.8266032852997203,1.830285673874374,29.518697120432858,8207,60.0
1346,17.435638,78.535707,1.0782394892785863,1.7324176048231699,27.05959973384045,7783,60.0
1347,17.435638,78.540207,0.7500344026722718,1.7630523416200057,22.97125143468754,7369,60.0
1348,17.435638,78.544707,0.3016105686491089,1.916036026097432,23.57836014440581,6967,60.0
1349,17.435638,78.549207,0.10913564718798639,2.165592814732444,20.3766210442941,6581,60.0
1350,17.435638,78.553707,0.40654417840022256,2.4827702504431612,21.878796585930868,6212,60.0
1351,17.435638,78.558207,0.8604909095763856,2.8450415962287976,26.23975023402459,5863,60.0
1352,17.435638,78.562707,0.6133080433222468,3.2373033440691623,21.056850016246894,5532,60.0
1353,17.435638,78.567207,0.13619430163355922,3.737477300399231,21.492961514105897,5222,60.0
1354,17.435638,78.571707,0.32065243870400856,3.847015844233897,25.73109243557976,4931,60.0
1355,17.435638,78.576207,0.8130347543005029,4.0107610854182845,25.803164203333928,4659,60.0
1356,17.440138,78.274707,2.5327379108205155,8.204734982934172,33.922066967322685,2819,60.0
1357,17.440138,78.279207,2.4579828048629686,7.72792978775837,32.993633988178985,2978,60.0
1358,17.440138,78.283707,1.9520490884500956,7.251198988093714,29.95735933773973,3156,60.0
1359,17.440138,78.288207,1.4799011150250403,6.77455829005893,27.27321135120236,3356,60.0
1360,17.440138,78.292707,1.0124977315243355,6.2980281509081735,24.092576578684486,3580,60.0
1361,17.440138,78.297207,0.5618658484393326,5.821635720400668,23.888135475942967,3832,60.0
1362,17.440138,78.301707,0.2404012108300344,5.345417817428127,16.613933951047702,4114,60.0
1363,17.440138,78.306207,0.30371711030687776,4.86942564765581,22.181886605991448,4431,60.0
1364,17.440138,78.310707,0.6844954337758339,4.393732575985648,22.02491019972038,4786,60.0
1365,17.440138,78.315207,0.4272177011804774,3.918447534289949,22.078978780903455,5185,60.0
1366,17.440138,78.319707,0.04977649675827164,3.443739468858893,16.930936739947978,5632,60.0
1367,17.440138,78.324207,0.15705061063243633,2.9698850655160367,22.646284013305937,6133,60.0
1368,17.440138,78.328707,0.5929334537750396,2.4973702968697085,25.28685652154802,6695,60.0
1369,17.440138,78.333207,0.8267431991727141,2.0271321670563847,26.333516456324336,7326,60.0
1370,17.440138,78.337707,0.8164112367888012,1.5612291864608259,21.55637109762771,8033,60.0
1371,17.440138,78.342207,0.46309117428828905,1.1051577491161233,24.36783993086053,8826,60.0
1372,17.440138,78.346707,0.05916390631401878,0.6790258144712775,21.341609801425992,9715,60.0
1373,17.440138,78.351207,0.19669122927729277,0.39565615366765644,18.386669890365177,10709,60.0
1374,17.440138,78.355707,0.3283056451191504,0.554776402032401,22.564976472010944,11822,60.0
1375,17.440138,78.360207,0.2402017383656923,0.9564388373472817,23.019888299580586,13062,60.0
1376,17.440138,78.364707,0.24035156062493157,1.406249967679241,23.582287240681314,14436,60.0
1377,17.440138,78.369207,0.7151895112372941,1.8697775326770791,25.81888731786451,15931,60.0
1378,17.440138,78.373707,0.3046165688881068,1.9032201632389898,23.69067990245009,17422,60.0
1379,17.440138,78.378207,0.1338291490127356,1.426465112260267,25.096628599630836,18080,60.0
1380,17.440138,78.382707,0.6109350540460049,0.9503318333599703,27.48651562756697,17196,60.0
1381,17.440138,78.387207,0.4242939630969944,0.476687131549617,18.15866719909524,16013,60.0
1382,17.440138,78.391707,0.20772605555693,0.08427811422356873,21.89314287406036,14914,60.0
1383,17.440138,78.396207,0.5730769032929008,0.4926937497820432,24.28405943402266,13951,60.0
1384,17.440138,78.400707,0.3038948246326416,0.9665213980363424,19.349344197726907,13125,60.0
1385,17.440138,78.405207,0.5490669744546737,1.16634999881943,24.33492512120701,12430,60.0
1386,17.440138,78.409707,0.7492531132903538,1.0361490868785075,27.63964071953192,11853,60.0
1387,17.440138,78.414207,0.3172024647584259,1.114735313198709,20.150241354936224,11385,60.0
1388,17.440138,78.418707,0.22649291841002506,1.3665511276240987,22.21190092207707,11016,60.0
1389,17.440138,78.423207,0.5272167703139959,1.7169992509177405,21.26595360625989,10735,60.0
1390,17.440138,78.427707,0.13797423927121302,2.1176657308489037,19.17460267270866,10532,60.0
1391,17.440138,78.432207,0.07606786695895261,2.6202303832276947,22.868055227657237,10399,60.0
1392,17.440138,78.436707,0.18227298513535897,2.2856462065400005,19.249212750194513,10326,60.0
1393,17.440138,78.441207,0.4868124176389819,1.779984182805122,22.894354961263993,10303,60.0
1394,17.440138,78.445707,0.3724526573475976,1.3037217565727988,17.380427690873002,10321,60.0
1395,17.440138,78.450207,0.3230684770644561,0.8287421306191929,24.426213311239422,10369,60.0
1396,17.440138,78.454707,0.13958929947310372,0.36015690068255746,20.720992659968005,10438,60.0
1397,17.440138,78.459207,0.05665016870453216,0.1684898839837574,18.610750307599893,10516,60.0
1398,17.440138,78.463707,0.12944129990746556,0.6187415153412088,20.565366096178003,10592,60.0
1399,17.440138,78.468207,0.12575715839766902,0.8699710239354385,16.618327554417696,10656,60.0
1400,17.440138,78.472707,0.4381457172491302,1.2290127098710655,23.765699464155247,10698,60.0
1401,17.440138,78.477207,0.058783317998704704,1.5246867705827434,18.604521776104,10707,60.0
1402,17.440138,78.481707,0.2389316371510442,1.0593057300531719,20.088820569523357,10677,60.0
1403,17.440138,78.486207,0.22599609899756892,0.6126727546274109,19.629878469639834,10602,60.0
1404,17.440138,78.490707,0.27322665431429616,0.29049539139432096,19.95311494137065,10478,60.0
1405,17.440138,78.495207,0.7323485551503243,0.4991869733498014,25.49329734475047,10306,60.0
1406,17.440138,78.499707,1.1772078718935666,0.9326135802114172,27.529107718930195,10087,60.0
1407,17.440138,78.504207,1.2245415911475526,1.1871086800051807,28.850459482261332,9826,60.0
1408,17.440138,78.508707,1.438378794015762,1.251878267163494,29.051610632652896,9527,60.0
1409,17.440138,78.513207,1.7590090145310324,1.476793410231371,32.24441166491893,9199,60.0
1410,17.440138,78.517707,1.7295925842874695,1.8028826251108097,30.40739246409093,8848,60.0
1411,17.440138,78.522207,1.4537856029214917,1.983882880168851,34.225255931141646,8481,60.0
1412,17.440138,78.526707,1.299579598315335,1.6357359518243137,25.84653497479191,8105,60.0
1413,17.440138,78.531207,1.3103976885444437,1.3679252068210022,31.672730777626292,7725,60.0
1414,17.440138,78.535707,1.379299638107013,1.2339177787703506,32.362000676508806,7348,60.0
1415,17.440138,78.540207,0.9849499410355161,1.2765708927485209,25.574053362862383,6977,60.0
1416,17.440138,78.544707,0.6950292584667738,1.4806957316544551,29.971452133735433,6615,60.0
1417,17.440138,78.549207,0.5962734376451683,1.7919355181009073,26.842021490682907,6266,60.0
1418,17.440138,78.553707,0.7599010773377588,2.1645674850947296,27.664608820825663,5931,60.0
1419,17.440138,78.558207,1.080823468175421,2.572045555274488,27.55585644458599,5612,60.0
1420,17.440138,78.562707,0.7973843608519302,3.0002051134224423,25.183878884721594,5309,60.0
1421,17.440138,78.567207,0.5263821326490099,3.441335431019452,23.365704423018773,5023,60.0
1422,17.440138,78.571707,0.6037286090799974,3.891027475538931,24.801631268174543,4753,60.0
1423,17.440138,78.576207,0.8470860414779005,4.474713866026895,28.042189527799174,4501,60.0
1424,17.440138,78.580707,0.7282502649261979,4.665358940574013,24.64345026415149,4265,60.0
1425,17.444638,78.274707,2.050986600858603,8.19626002185845,29.431472289925726,2813,60.0
1426,17.444638,78.279207,1.9588093787078986,7.718943481834943,31.91070576370446,2971,60.0
1427,17.444638,78.283707,1.928312275280102,7.241633286404559,31.529904204613835,3149,60.0
1428,17.444638,78.288207,1.479706662465366,6.764330778939988,27.9748428804095,3349,60.0
1429,17.444638,78.292707,1.0097999100320496,6.28703771071116,25.078134554367438,3572,60.0
1430,17.444638,78.297207,0.5383286772340231,5.809756408419206,20.037372401037224,3823,60.0
1431,17.444638,78.301707,0.07656611791934753,5.332490031677456,15.857246737514481,4105,60.0
1432,17.444638,78.306207,0.20085452664264408,4.855242982296171,16.7198117891226,4420,60.0
1433,17.444638,78.310707,0.6433016594664933,4.378021581203214,17.92402314372463,4775,60.0
1434,17.444638,78.315207,0.5143849522565773,3.9008352420208294,21.065523417655424,5172,60.0
1435,17.444638,78.319707,0.059066804619265514,3.4236986256211774,17.94360628612664,5618,60.0
1436,17.444638,78.324207,0.25335364825307205,2.9466358866450615,18.719542226928393,6119,60.0
1437,17.444638,78.328707,0.44659952055423335,2.46968983786482,15.233107687413902,6681,60.0
1438,17.444638,78.333207,0.3306644071777168,1.9929442593429065,18.38906018181079,7312,60.0
1439,17.444638,78.337707,0.38357897076595576,1.5165882191449067,23.913377560125284,8019,60.0
1440,17.444638,78.342207,0.6663698423229931,1.0411565266442242,22.53005300083066,8814,60.0
1441,17.444638,78.346707,0.4227827119653119,0.5689710722901903,23.614317764649808,9705,60.0
1442,17.444638,78.351207,0.30598793047485007,0.13857608471096458,19.89482960286621,10705,60.0
1443,17.444638,78.355707,0.1994209642995084,0.41283491082599905,25.370892959324173,11828,60.0
1444,17.444638,78.360207,0.15682827113678607,0.8817120153705195,22.364645798462398,13087,60.0
1445,17.444638,78.364707,0.5150048671404761,1.3565226036708762,25.741306250812368,14498,60.0
1446,17.444638,78.369207,0.8480676472213862,1.8326606755418244,32.10370071936248,16076,60.0
1447,17.444638,78.373707,0.5409794980962045,1.9464291313041449,28.85865297348758,17816,60.0
1448,17.444638,78.378207,0.46303663539883916,1.4836378470716622,24.877781707299043,18816,60.0
1449,17.444638,78.382707,0.7563961823991127,1.0341842500708502,26.10977300848101,17412,60.0
1450,17.444638,78.387207,0.7842828819490988,0.6274183367608357,26.768473798346296,16061,60.0
1451,17.444638,78.391707,0.6915401386037556,0.41657097866899795,27.75124198135881,14884,60.0
1452,17.444638,78.396207,0.8928173530299544,0.6396638930812851,27.51356084224452,13870,60.0
1453,17.444638,78.400707,0.769622298024343,1.0490802241474082,25.902763479564204,13005,60.0
1454,17.444638,78.405207,0.6958907588125112,1.499243022878435,28.82657261231257,12275,60.0
1455,17.444638,78.409707,0.6032249075652635,1.535928169123867,24.693666381656875,11666,60.0
1456,17.444638,78.414207,0.13039198855760314,1.590000332956878,26.22804316971841,11167,60.0
1457,17.444638,78.418707,0.2706721579873269,1.7756443364394452,22.168454410342456,10764,60.0
1458,17.444638,78.423207,0.02916599396975901,2.0575496573704117,23.613264947945275,10449,60.0
1459,17.444638,78.427707,0.4511283486364998,2.4020604503727943,22.79801414350507,10210,60.0
1460,17.444638,78.432207,0.43793025414501097,2.7860481425824744,23.45922440382389,10038,60.0
1461,17.444638,78.436707,0.3100782669826841,2.3339032365292938,18.88144474923833,9924,60.0
1462,17.444638,78.441207,0.5514245023128144,1.8768916212838624,19.68513326339444,9859,60.0
1463,17.444638,78.445707,0.7098923359451689,1.4332149610300045,22.93868565098643,9832,60.0
1464,17.444638,78.450207,0.3467463351685876,1.020418158262351,21.565702102014196,9835,60.0
1465,17.444638,78.454707,0.037198169223301304,0.6958206939912674,17.64053674118431,9859,60.0
1466,17.444638,78.459207,0.4296974945559472,0.4395890346936216,17.257003967562945,9893,60.0
1467,17.444638,78.463707,0.5396331798298293,0.1880087167358365,17.7724667716032,9927,60.0
1468,17.444638,78.468207,0.6042961775739866,0.577237981243042,18.11895960841546,9954,60.0
1469,17.444638,78.504207,0.7601820541292814,0.6883761756060385,21.42821694405519,9114,60.0
1470,17.444638,78.508707,1.071118176657856,0.79487737293374,27.529999140208368,8852,60.0
1471,17.444638,78.513207,1.4607979194796792,1.116035157132993,32.35257056731638,8564,60.0
1472,17.444638,78.517707,1.8835832039972604,1.5215042098757376,33.02251427337261,8256,60.0
1473,17.444638,78.522207,1.9100445340334526,1.719816465208012,29.040958234970514,7933,60.0
1474,17.444638,78.526707,1.795366440946307,1.302935377187318,32.77796656957325,7601,60.0
1475,17.444638,78.531207,1.8031136447271257,0.9451178327270819,33.08900147482783,7265,60.0
1476,17.444638,78.535707,1.6738130591405995,0.737963438308129,36.95554132571498,6930,60.0
1477,17.444638,78.540207,1.3638531910941696,0.807259284829289,28.026344847514633,6598,60.0
1478,17.444638,78.544707,1.1624000113442652,1.1020346036632351,28.89828036241602,6273,60.0
1479,17.444638,78.549207,1.0952282377301172,1.4943320180431334,32.54863102815654,5958,60.0
1480,17.444638,78.553707,1.2079953180432146,1.9254379475374013,30.490905743188698,5654,60.0
1481,17.444638,78.558207,1.4420962148376795,2.3743061293459577,31.8238937825224,5364,60.0
1482,17.444638,78.562707,1.1810168179337386,2.8325047391289013,28.99560403155803,5087,60.0
1483,17.444638,78.567207,1.0178732270132034,3.2961449896044006,28.028808600026597,4824,60.0
1484,17.444638,78.571707,0.896195534883647,3.763216135197335,27.734654092033818,4576,60.0
1485,17.444638,78.576207,0.4615674096736358,4.2325825164415445,21.467350127047492,4343,60.0
1486,17.444638,78.580707,0.22921364274125042,4.703557060913086,22.95273334661904,4124,60.0
1487,17.444638,78.585207,0.516728559043087,5.329302866825421,19.685888833238344,3920,60.0
1488,17.444638,78.589707,0.9643038570933067,5.572759591435965,25.305872004350974,3729,60.0
1489,17.449138,78.279207,1.4604600369224143,7.742353164661624,26.926463419443525,2958,60.0
1490,17.449138,78.283707,1.4279362321841205,7.2665929398380396,24.565565678398457,3134,60.0
1491,17.449138,78.288207,1.5067223963026521,6.791057074169335,25.73930015128521,3331,60.0
1492,17.449138,78.292707,1.0446332812847114,6.315796246238128,21.386056573992324,3552,60.0
1493,17.449138,78.297207,0.5717550070085787,5.8408775945788385,17.386975530553553,3800,60.0
1494,17.449138,78.301707,0.13518711961156246,5.366391966715773,16.066276430453197,4078,60.0
1495,17.449138,78.306207,0.09435534007496407,4.892465352319787,14.313538974480696,4389,60.0
1496,17.449138,78.310707,0.5440598258544966,4.419277602417661,19.989031207534147,4738,60.0
1497,17.449138,78.315207,0.543057149822868,3.947094457140874,17.287637616907972,5130,60.0
1498,17.449138,78.319707,0.09990807807012954,3.476325301945695,18.721861162094797,5569,60.0
1499,17.449138,78.324207,0.18867868121613898,3.0076341837422977,15.943246973269886,6061,60.0
1500,17.449138,78.328707,0.07987316327058465,2.5421707240276366,17.087767694508138,6613,60.0
1501,17.449138,78.333207,0.03745761648833306,2.0821007245123737,17.356633318214364,7230,60.0
1502,17.449138,78.337707,0.06937970861698914,1.6319919408961767,22.139953106120018,7921,60.0
1503,17.449138,78.342207,0.5443513316046206,1.2030772192282753,23.722297708132114,8695,60.0
1504,17.449138,78.346707,0.6201110090505338,0.8289359013361525,23.821641087928175,9558,60.0
1505,17.449138,78.351207,0.1835037748265319,0.6185608255144638,23.334790868486447,10521,60.0
1506,17.449138,78.355707,0.27219113187729765,0.7306456696703775,19.327029099484722,11590,60.0
1507,17.449138,78.360207,0.29176181443221816,1.0680877902503156,24.182847279804214,12769,60.0
1508,17.449138,78.364707,0.6979202085414318,1.4844267559372333,31.229989021594378,14048,60.0
1509,17.449138,78.369207,0.8502663726736119,1.9292425695610298,28.844155771039812,15376,60.0
1510,17.449138,78.373707,0.40969399549852076,2.1108482527333274,26.38990104565378,16557,60.0
1511,17.449138,78.378207,0.2447883707968073,1.6936098789293919,26.556288130576704,17014,60.0
1512,17.449138,78.382707,0.6319805924792896,1.317838439764806,29.640816225206635,16438,60.0
1513,17.449138,78.387207,1.00702482226168,1.0299667667608634,26.04024315632252,15447,60.0
1514,17.449138,78.391707,1.1034991565720844,0.9169048938226962,27.055649847714882,14431,60.0
1515,17.449138,78.396207,0.6601356789857015,1.0374715825000094,27.864219220941774,13498,60.0
1516,17.449138,78.400707,0.32036262261818743,1.3295599426255493,23.546220767116544,12676,60.0
1517,17.449138,78.405207,0.21762772523653112,1.7072965921475611,26.45591441909032,11965,60.0
1518,17.449138,78.409707,0.5904023655448145,2.0360010745271397,24.828837528848737,11363,60.0
1519,17.449138,78.414207,0.5466090413768291,2.07709458684891,20.656103546000864,10859,60.0
1520,17.449138,78.418707,0.5912671846942478,2.222412710475246,21.545578988218267,10445,60.0
1521,17.449138,78.423207,0.4146613494745583,2.453505527613025,16.7938576597951,10112,60.0
1522,17.449138,78.427707,0.6213180773536292,2.748824344542487,22.342430033248405,9851,60.0
1523,17.449138,78.432207,0.9311253701638601,2.946570624591706,23.59992566553195,9653,60.0
1524,17.449138,78.436707,0.4200103965039741,2.5104162807583257,19.420272907001877,9509,60.0
1525,17.449138,78.441207,0.05455509965894004,2.092332487054716,19.666150174265137,9412,60.0
1526,17.449138,78.445707,0.43830702795661,1.7056595345638863,21.73095616262897,9351,60.0
1527,17.449138,78.450207,0.23095311879196048,1.3771156588662448,17.37852898710429,9318,60.0
1528,17.449138,78.454707,0.17959388169169666,0.9401991535891783,12.889747261146233,9305,60.0
1529,17.449138,78.459207,0.5603581031694413,0.519952595661648,20.552881946373397,9304,60.0
1530,17.449138,78.463707,1.0006580630274724,0.3353555681509349,23.07610457618623,9306,60.0
1531,17.449138,78.468207,0.9142670239716688,0.6405563320740223,22.20158316950692,9303,60.0
1532,17.449138,78.504207,0.39476275001210326,0.19811896535655607,24.92355844708583,8462,60.0
1533,17.449138,78.526707,2.29308248743166,1.1047188373836192,34.94135865908417,7127,60.0
1534,17.449138,78.531207,2.2991411773700494,0.6450044083859419,41.63184215234235,6829,60.0
1535,17.449138,78.535707,2.0478334810472982,0.25957968341803583,34.37117656009537,6531,60.0
1536,17.449138,78.540207,1.8033553646445348,0.41767988398169714,36.375807683658685,6234,60.0
1537,17.449138,78.544707,1.642138779576451,0.858635724331211,30.458465694285238,5943,60.0
1538,17.449138,78.549207,1.5945086436812201,1.3250577634853649,31.481334840412377,5659,60.0
1539,17.449138,78.553707,1.5662414375929676,1.7972269732420845,35.87750816300464,5385,60.0
1540,17.449138,78.558207,1.6472791097836046,2.2715623382596988,32.37031515336453,5121,60.0
1541,17.449138,78.562707,1.6292741489127363,2.746941947924289,33.92783757479054,4868,60.0
1542,17.449138,78.567207,1.325560479366477,3.2229037556232885,30.283640444517644,4628,60.0
1543,17.449138,78.571707,0.8546965725953816,3.6992230418391405,26.098665169939558,4400,60.0
1544,17.449138,78.576207,0.39900875019037846,4.1757774784113275,25.588048576675007,4185,60.0
1545,17.449138,78.580707,0.15362338291975372,4.652494806418498,20.18554422888286,3983,60.0
1546,17.449138,78.585207,0.5155813759014487,5.129329608686385,18.54845406495848,3793,60.0
1547,17.449138,78.589707,0.9646435907844424,5.6062519100584,22.50892515910501,3616,60.0
1548,17.449138,78.594207,1.4315499161949012,6.253304423560755,27.384369958887387,3450,60.0
1549,17.449138,78.598707,1.8210031126579476,6.5321988796471375,28.849422414183184,3296,60.0
1550,17.449138,78.603207,1.7019266232007308,6.8331013241299,23.742187406271402,3153,60.0
1551,17.449138,78.607707,1.7080926584163227,7.153234982805516,25.10474455696481,3020,60.0
1552,17.453638,78.283707,0.9275614048064653,7.325725060398895,20.83475426574678,3110,60.0
1553,17.453638,78.288207,1.0447846411221948,6.854304918701686,21.344356463076917,3303,60.0
1554,17.453638,78.292707,1.0753335384693008,6.383766578902031,19.01602123883511,3519,60.0
1555,17.453638,78.297207,0.6262045774789351,5.914320511276054,17.476949038312206,3762,60.0
1556,17.453638,78.301707,0.22826537535637018,5.446249172628353,14.711775264360789,4034,60.0
1557,17.453638,78.306207,0.28830610729678885,4.979940216266535,18.063292192988893,4338,60.0
1558,17.453638,78.310707,0.645916654833007,4.5159396181222204,20.443452778187066,4678,60.0
1559,17.453638,78.315207,0.3921959331807653,4.055039862145009,17.333774173796886,5059,60.0
1560,17.453638,78.319707,0.06140207747489652,3.5984326458861915,15.331828576349366,5485,60.0
1561,17.453638,78.324207,0.05177758846658667,3.1479863892062347,16.95069560214871,5961,60.0
1562,17.453638,78.328707,0.014274653674447005,2.706778654459745,15.542976951901185,6493,60.0
1563,17.453638,78.333207,0.5091263361697479,2.2801786423911055,18.67588511726776,7085,60.0
1564,17.453638,78.337707,0.32645443607891517,1.8781667068608405,18.884766028883163,7745,60.0
1565,17.453638,78.342207,0.34908287564977775,1.520374065086764,20.561609014322634,8478,60.0
1566,17.453638,78.346707,0.37630066570592346,1.2455103367622795,20.60635742176203,9288,60.0
1567,17.453638,78.351207,0.574358333988418,1.1165958457550975,25.362705883684228,10178,60.0
1568,17.453638,78.355707,0.16925560645718357,1.1823739464681302,24.93288168738046,11147,60.0
1569,17.453638,78.360207,0.23647427741700303,1.4159666657396672,21.48862398877207,12180,60.0
1570,17.453638,78.364707,0.3076341519008369,1.7514698484459716,25.82127417351845,13244,60.0
1571,17.453638,78.369207,0.6907938118917583,2.1415095711417185,28.18450617760833,14250,60.0
1572,17.453638,78.373707,0.3313873418333755,2.3713980978305167,27.56061130704434,15025,60.0
1573,17.453638,78.378207,0.10801224786300741,2.009030163717811,25.763135731516588,15324,60.0
1574,17.453638,78.382707,0.3138353800626614,1.7042927753703754,24.202306191728592,15062,60.0
1575,17.453638,78.387207,0.6551284949056209,1.4929045298913874,26.54915589759426,14433,60.0
1576,17.453638,78.391707,1.0307883059359837,1.4172693507863325,31.13722250739007,13665,60.0
1577,17.453638,78.396207,0.6071380557517017,1.4980918851074312,30.18639120850004,12890,60.0
1578,17.453638,78.400707,0.190608587151669,1.7133722846698856,20.648678907486172,12166,60.0
1579,17.453638,78.405207,0.1286659228193205,2.0205811741311583,24.717153409050553,11519,60.0
1580,17.453638,78.409707,0.42182973163038084,2.384447605152161,27.379093992935307,10953,60.0
1581,17.453638,78.414207,0.7485379787583829,2.5692990114498016,25.789438896927024,10470,60.0
1582,17.453638,78.418707,0.7137182346746976,2.6881365893255076,26.07053043656541,10064,60.0
1583,17.453638,78.423207,0.9137887491073831,2.882121227863658,23.825738494602884,9729,60.0
1584,17.453638,78.427707,1.0303636346825673,3.137344539148863,24.76202750456521,9460,60.0
1585,17.453638,78.432207,0.9845411113194684,3.168289741057544,20.59160649007847,9247,60.0
1586,17.453638,78.436707,0.5853339824105307,2.767314599269144,15.924123224579228,9084,60.0
1587,17.453638,78.441207,0.40484421250377184,2.394523527981015,20.68370245217665,8964,60.0
1588,17.453638,78.445707,0.6039639688014401,2.0140056485542384,17.408522851394032,8877,60.0
1589,17.453638,78.450207,0.35998122158261064,1.5909619272343392,16.526359661222298,8818,60.0
1590,17.453638,78.454707,0.08489739286911245,1.2090600090461223,12.689422416268831,8777,60.0
1591,17.453638,78.459207,0.5619266168734246,0.9209872462155503,15.343021671632687,8749,60.0
1592,17.453638,78.463707,0.998409914979361,0.8308634429942837,20.440967716219816,8725,60.0
1593,17.453638,78.526707,2.2063155950172315,1.1153122619794817,36.30299149002913,6683,60.0
1594,17.453638,78.531207,2.142123702184981,0.6629994560716418,38.528317716879336,6419,60.0
1595,17.453638,78.535707,1.7772772777959365,0.3015423884903037,36.72478899145546,6153,60.0
1596,17.453638,78.540207,1.4367704587073435,0.4449719562306006,34.488180103852436,5888,60.0
1597,17.453638,78.544707,1.1883808699632803,0.8722298825532442,32.73429329634165,5627,60.0
1598,17.453638,78.549207,1.0941549015454397,1.3338975186658133,34.58256022809912,5372,60.0
1599,17.453638,78.553707,1.0660807412721889,1.803744135991644,28.701572250834023,5124,60.0
1600,17.453638,78.558207,1.1813468771118047,2.2767116463568313,30.853190898847885,4885,60.0
1601,17.453638,78.562707,1.4818004903141566,2.7511909469974447,34.340655264559295,4655,60.0
1602,17.453638,78.567207,1.4765963397625392,3.2265151518842554,33.7797250140359,4436,60.0
1603,17.453638,78.571707,1.073244665989332,3.7023588581592612,25.11634109161769,4227,60.0
1604,17.453638,78.576207,0.7531188445224077,4.178544590254803,24.494607504068977,4030,60.0
1605,17.453638,78.580707,0.6470840222977242,4.654967385250912,26.260149443506254,3843,60.0
1606,17.453638,78.585207,0.8320977263989526,5.131561215384416,24.74188643501462,3668,60.0
1607,17.453638,78.589707,1.18023662197117,5.608282476716891,25.31776190764846,3504,60.0
1608,17.453638,78.594207,1.5934405827530165,6.085101219299191,26.153371782494943,3350,60.0
1609,17.453638,78.598707,2.0288967116119156,6.561996192895557,27.712187585086962,3206,60.0
1610,17.453638,78.603207,2.108521515758362,7.220108772586696,28.931637457979626,3072,60.0
1611,17.453638,78.607707,1.7666808408485355,7.523786098244886,25.33588082480299,2947,60.0
1612,17.458138,78.288207,0.6429106735643287,6.953077742169516,18.776646195711095,3265,60.0
1613,17.458138,78.292707,1.0424096636768334,6.489716766210749,20.831369796925994,3476,60.0
1614,17.458138,78.297207,0.919282484715334,6.028538598276589,18.174954877041834,3711,60.0
1615,17.458138,78.301707,0.6904559545361868,5.570085445279066,19.011464098330865,3974,60.0
1616,17.458138,78.306207,0.740137359500878,5.115090069485951,24.063043459011435,4268,60.0
1617,17.458138,78.310707,0.9663047427457012,4.6645644263283,16.22738637417427,4596,60.0
1618,17.458138,78.315207,0.5859366418769394,4.219940340261938,18.53138512381638,4962,60.0
1619,17.458138,78.319707,0.4073956239921331,3.783299087459947,15.857935857181964,5369,60.0
1620,17.458138,78.324207,0.41954923872184335,3.3577563667874974,19.335942513547103,5823,60.0
1621,17.458138,78.328707,0.45417927831613397,2.9481221103712474,19.352044782358625,6327,60.0
1622,17.458138,78.333207,0.629054534888251,2.5620383415266343,22.8139033967283,6885,60.0
1623,17.458138,78.337707,0.22506433840976411,2.2118718944098714,22.27954713975632,7502,60.0
1624,17.458138,78.342207,0.06368441977830132,1.9174030405892817,20.453321784311758,8179,60.0
1625,17.458138,78.346707,0.17884993149894376,1.7076919782197526,24.14193637709852,8918,60.0
1626,17.458138,78.351207,0.6192978732369758,1.616078492816163,20.92427984264013,9715,60.0
1627,17.458138,78.355707,0.17293630325379386,1.662205711586947,27.146667099967306,10561,60.0
1628,17.458138,78.360207,0.007198447179804686,1.835719556593814,24.657899955124407,11432,60.0
1629,17.458138,78.364707,0.25455836335048176,2.105356284121285,28.359187299513025,12284,60.0
1630,17.458138,78.369207,0.40489981927382546,2.43944752043014,25.326264628421676,13039,60.0
1631,17.458138,78.373707,0.09627357088568057,2.7003948119061527,24.740745605114277,13586,60.0
1632,17.458138,78.378207,0.12153880504805102,2.388481649798779,27.14557062825395,13813,60.0
1633,17.458138,78.382707,0.11273438671353092,2.138523835655818,26.868711664325417,13690,60.0
1634,17.458138,78.387207,0.3502112577381012,1.9741962803932722,28.79451510573689,13292,60.0
1635,17.458138,78.391707,0.6914881890622354,1.9176404421465096,32.14781614474415,12740,60.0
1636,17.458138,78.396207,0.8640699921506877,1.9781218191255567,26.998204404709014,12132,60.0
1637,17.458138,78.400707,0.5194517622546677,2.1457665649408906,29.750256308792597,11530,60.0
1638,17.458138,78.405207,0.28528821435944174,2.3982054800898727,25.604469282079762,10967,60.0
1639,17.458138,78.409707,0.4783600225630232,2.7118613628283357,25.403791787101802,10460,60.0
1640,17.458138,78.414207,0.3237953101514968,3.0641520068954726,20.911718252010814,10015,60.0
1641,17.458138,78.418707,0.26045852735020725,3.164457775211155,23.388251725662222,9632,60.0
1642,17.458138,78.423207,0.6816855498752006,3.3308123313642217,18.96305012646576,9309,60.0
1643,17.458138,78.427707,0.6920289507504114,3.55395284827716,24.04152010382169,9042,60.0
1644,17.458138,78.432207,0.6026853971662485,3.448854290123408,18.161343054948848,8825,60.0
1645,17.458138,78.436707,0.7368917570970286,3.0845785584705925,21.074422853758236,8652,60.0
1646,17.458138,78.441207,0.49482186238791936,2.6674887266135516,18.405066842404107,8517,60.0
1647,17.458138,78.445707,0.4668017816253488,2.26600109643401,20.082446258923337,8413,60.0
1648,17.458138,78.450207,0.4226766371363954,1.8999315060737794,16.552813823352952,8334,60.0
1649,17.458138,78.454707,0.004738896055166205,1.5938733900972404,12.627514346383133,8274,60.0
1650,17.458138,78.459207,0.4572340276869832,1.3881062413562752,15.52513479993371,8225,60.0
1651,17.458138,78.531207,1.6419966410906295,0.9817639703519543,38.25856186321897,6033,60.0
1652,17.458138,78.535707,1.5147601099831998,0.7843651167148871,36.30361498490604,5797,60.0
1653,17.458138,78.540207,1.0954999095231617,0.8498812987645864,32.027364834129436,5560,60.0
1654,17.458138,78.544707,0.7492744136407068,1.1336089495213446,30.13037770418417,5327,60.0
1655,17.458138,78.549207,0.5938406408225543,1.517742310584807,26.2209591468966,5097,60.0
1656,17.458138,78.553707,0.5663026375527582,1.9436346452313429,29.46451576056691,4874,60.0
1657,17.458138,78.558207,0.760327884653464,2.3890565058242528,25.658643774794502,4657,60.0
1658,17.458138,78.562707,0.9845391834039359,2.8448493425684305,31.20452728641211,4449,60.0
1659,17.458138,78.567207,1.122127429154178,3.30672738738449,29.83851404503578,4249,60.0
1660,17.458138,78.571707,1.3947744466087955,3.7724561871757047,34.953820909461854,4059,60.0
1661,17.458138,78.576207,1.2107457902152023,4.2407672406191335,25.779711720533886,3878,60.0
1662,17.458138,78.580707,1.1465556874180958,4.710890502576101,26.270635548223524,3706,60.0
1663,17.458138,78.585207,1.261698969399403,5.18233280446757,29.65754642441755,3545,60.0
1664,17.458138,78.589707,1.52154016026565,5.654764247388509,28.945715982941444,3393,60.0
1665,17.458138,78.594207,1.8629878045223336,6.127956063504308,26.24504099935394,3250,60.0
1666,17.458138,78.598707,2.201415726172921,6.601744751297612,29.25621159836669,3116,60.0
1667,17.458138,78.603207,1.831158085347028,7.076010417267778,25.87315625388684,2991,60.0
1668,17.458138,78.607707,1.4242439630546915,7.550663183105314,23.439380392829847,2875,60.0
1669,17.462638,78.292707,0.9391843676174063,6.63182675732601,17.94164057066523,3422,60.0
1670,17.462638,78.297207,0.8632276522365315,6.181271927142635,18.248445344325745,3648,60.0
1671,17.462638,78.301707,1.01525404035735,5.735052588468052,15.905148539763132,3900,60.0
1672,17.462638,78.306207,1.2144452128020315,5.294265086652072,20.554529970568204,4181,60.0
1673,17.462638,78.310707,0.7909161765858346,4.860387483087505,18.857298408500373,4494,60.0
1674,17.462638,78.315207,0.31476655690457567,4.43544803023841,15.079014512070927,4841,60.0
1675,17.462638,78.319707,0.04345918040716036,4.022280576928174,11.314739748383353,5227,60.0
1676,17.462638,78.324207,0.39898104097151943,3.6249126774912144,19.478564980536756,5653,60.0
1677,17.462638,78.328707,0.2555205776256864,3.2491463294786262,18.35140286246365,6123,60.0
1678,17.462638,78.333207,0.34080988952195257,2.903380941888519,17.790039999234782,6641,60.0
1679,17.462638,78.337707,0.3378742355177975,2.599615162039958,19.861802358586488,7206,60.0
1680,17.462638,78.342207,0.19762006007639857,2.3541635801792227,17.83052363409014,7820,60.0
1681,17.462638,78.346707,0.3702595115265108,2.186751565451755,21.078697207387737,8479,60.0
1682,17.462638,78.351207,0.6539139740077415,2.115983868420526,24.988301285595586,9177,60.0
1683,17.462638,78.355707,0.432863860725816,2.1514186318900204,28.35778144689892,9899,60.0
1684,17.462638,78.360207,0.28424651357888153,2.288127095160044,24.786792466365714,10619,60.0
1685,17.462638,78.364707,0.029362909636439505,2.509613148069186,26.732595107514967,11296,60.0
1686,17.462638,78.369207,0.43955219306317883,2.7958003822033617,27.58186020679779,11874,60.0
1687,17.462638,78.373707,0.17862874906315795,3.075953502800725,28.139476143246817,12283,60.0
1688,17.462638,78.378207,0.45904589428313247,2.806107909560494,29.381569646595143,12468,60.0
1689,17.462638,78.382707,0.30611953314123375,2.5966727070975404,30.607909520780524,12415,60.0
1690,17.462638,78.387207,0.18537917859824998,2.4631062898452716,26.95572668050613,12160,60.0
1691,17.462638,78.391707,0.405031855989948,2.418014049245154,25.862824581029635,11769,60.0
1692,17.462638,78.396207,0.736702925559244,2.466253675054729,27.686082736467988,11305,60.0
1693,17.462638,78.400707,0.2594048838440321,2.6026406469320196,25.779673446935533,10821,60.0
1694,17.462638,78.405207,0.08167872767845911,2.8143889894605016,22.365350677983187,10349,60.0
1695,17.462638,78.409707,0.3604618705158122,3.0860246806981495,26.301676697757152,9909,60.0
1696,17.462638,78.414207,0.07979400233459445,3.40323774864869,21.703563506276538,9512,60.0
1697,17.462638,78.418707,0.16628707077824523,3.6472266614992135,26.671448877411578,9163,60.0
1698,17.462638,78.423207,0.6391504081730488,3.7924600746773978,20.022290698656143,8861,60.0
1699,17.462638,78.427707,0.35416128799155105,3.9898603419790737,20.944250862522228,8605,60.0
1700,17.462638,78.432207,0.12117240099662706,3.7751670876057126,15.68365636297116,8392,60.0
1701,17.462638,78.436707,0.24146561146248463,3.336335246213132,16.565100726688335,8217,60.0
1702,17.462638,78.441207,0.14336548285264153,2.948685133310631,16.26264202961501,8075,60.0
1703,17.462638,78.445707,0.011600662027659846,2.591149898427686,9.71267000968227,7961,60.0
1704,17.462638,78.450207,0.0301947525095605,2.2779539543976917,14.307210093826459,7869,60.0
1705,17.462638,78.454707,0.13437752156381083,2.029727391292953,17.828157852654797,7794,60.0
1706,17.462638,78.459207,0.281133400848649,1.8724889827541367,13.778896322978813,7731,60.0
1707,17.462638,78.535707,1.1987037865072914,1.280735759175432,34.64223176513636,5462,60.0
1708,17.462638,78.540207,0.9140420841374841,1.3218740582810224,34.55832228102973,5251,60.0
1709,17.462638,78.544707,0.44497884741761395,1.5199039951079154,29.23305441291418,5042,60.0
1710,17.462638,78.549207,0.0937588527839705,1.8244329172872917,25.935913926494592,4836,60.0
1711,17.462638,78.553707,0.07259415313580042,2.191504727671374,21.852394135473343,4635,60.0
1712,17.462638,78.558207,0.5030079288343732,2.5947101299937207,29.50850043108087,4439,60.0
1713,17.462638,78.562707,0.4936159827857178,3.019609002913985,27.015700563011414,4250,60.0
1714,17.462638,78.567207,0.7032629142300513,3.4582143637186107,25.40811231080029,4069,60.0
1715,17.462638,78.571707,0.9673658135996585,3.90591152254918,28.101002279599037,3895,60.0
1716,17.462638,78.576207,1.0560367225470568,4.359900599588089,25.976150537883825,3730,60.0
1717,17.462638,78.580707,1.3162046893746724,4.81840345262683,26.385258048892418,3572,60.0
1718,17.462638,78.585207,1.559247002938141,5.280244369497996,28.865243810190155,3424,60.0
1719,17.462638,78.589707,1.886819677228692,5.744618311403577,25.74865260941513,3283,60.0
1720,17.462638,78.594207,2.205883876487652,6.2109571448939445,31.33531428357704,3152,60.0
1721,17.462638,78.598707,1.8566466874124072,6.678849297187308,23.37984593575956,3028,60.0
1722,17.462638,78.603207,1.5105805871287232,7.147989743753342,21.963797733110958,2912,60.0
1723,17.462638,78.607707,1.2265853142129792,7.618147870642333,24.80808236926438,2803,60.0
1724,17.462638,78.612207,0.753360907723843,8.089146230421141,19.96122833032024,2702,60.0
1725,17.467138,78.292707,0.5232933922152665,6.807832476974757,16.52648801508822,3359,60.0
1726,17.467138,78.297207,0.37018672383138584,6.369750554708899,13.038281171349677,3575,60.0
1727,17.467138,78.301707,0.6429646737901329,5.937723387352178,15.240105832318076,3814,60.0
1728,17.467138,78.306207,1.070233470061279,5.51317455953985,18.99571049467701,4081,60.0
1729,17.467138,78.310707,0.9099533251856379,5.097972756859858,18.19410100538999,4375,60.0
1730,17.467138,78.315207,0.5474440702638477,4.6945986563616975,16.231028787408356,4702,60.0
1731,17.467138,78.319707,0.3196408470797996,4.3063772094482635,15.675106768776654,5061,60.0
1732,17.467138,78.324207,0.5531303662739318,3.937792606122384,17.59950581989117,5457,60.0
1733,17.467138,78.328707,0.192026039770467,3.5948900348068404,14.039170468043167,5891,60.0
1734,17.467138,78.333207,0.28320629205236114,3.2857200020732265,17.63533678856082,6363,60.0
1735,17.467138,78.337707,0.706944887447053,3.02065809370151,24.336122413072964,6874,60.0
1736,17.467138,78.342207,0.3136287479443472,2.812204210994098,18.762449095404826,7421,60.0
1737,17.467138,78.346707,0.03865358052319575,2.6736319022205164,20.834660462236805,8001,60.0
1738,17.467138,78.351207,0.44276592727422137,2.6160696458957537,23.331716367079554,8602,60.0
1739,17.467138,78.355707,0.837092724045867,2.644812102082335,28.817872819387482,9210,60.0
1740,17.467138,78.360207,0.5098998117896226,2.7571615001519865,26.997294529368908,9802,60.0
1741,17.467138,78.364707,0.11579055024272202,2.9435600621754574,29.354879844293933,10344,60.0
1742,17.467138,78.369207,0.3577984447372397,3.1910578120553525,29.67113863254884,10795,60.0
1743,17.467138,78.373707,0.2490821304760497,3.4830449856501065,25.97750724761515,11114,60.0
1744,17.467138,78.378207,0.5265126885799019,3.2472131474152457,31.973958593944158,11271,60.0
1745,17.467138,78.382707,0.41531074706781185,3.0680431418955396,28.539339217702423,11258,60.0
1746,17.467138,78.387207,0.013932040319348953,2.9558567049235234,26.40525818271576,11094,60.0
1747,17.467138,78.391707,0.24124009007115724,2.918388878071695,29.188059423326088,10816,60.0
1748,17.467138,78.396207,0.714225841050497,2.95847985821888,29.82232420128318,10468,60.0
1749,17.467138,78.400707,0.3771355341654794,3.07309569382559,29.765778744920073,10086,60.0
1750,17.467138,78.405207,0.15476017221465008,3.2543718071302905,24.10884530931214,9699,60.0
1751,17.467138,78.409707,0.2682101031154991,3.491942041006373,23.959906214794483,9327,60.0
1752,17.467138,78.414207,0.0928498767227754,3.775193666375126,21.576175409355432,8982,60.0
1753,17.467138,78.418707,0.2657681381826651,4.134185076970002,21.46308136946221,8671,60.0
1754,17.467138,78.423207,0.6196352726578408,4.262857101272163,25.551572347605408,8396,60.0
1755,17.467138,78.427707,0.41415818036271645,4.439385639870577,22.025328736452767,8157,60.0
1756,17.467138,78.432207,0.182837743844477,4.012866215334824,21.502598544022426,7954,60.0
1757,17.467138,78.436707,0.06772987117567295,3.6347042800120186,20.72764933873422,7782,60.0
1758,17.467138,78.441207,0.07302854979378823,3.282490902730486,13.09918241810437,7639,60.0
1759,17.467138,78.445707,0.3728603790295797,2.9654863401563634,16.2074407852629,7521,60.0
1760,17.467138,78.450207,0.2999072392132569,2.6961385954106096,12.582865049416423,7422,60.0
1761,17.467138,78.454707,0.30061347231565344,2.489961606810368,12.912472745870778,7338,60.0
1762,17.467138,78.459207,0.04442179987465723,2.363545148166714,11.435596283934693,7265,60.0
1763,17.467138,78.535707,0.7251084052623094,1.7793521735708102,29.730727834058946,5149,60.0
1764,17.467138,78.540207,0.9858979698090284,1.8091872356756118,31.40746959396582,4961,60.0
1765,17.467138,78.544707,0.5569187979582224,1.9585458074166628,30.504827545248137,4774,60.0
1766,17.467138,78.549207,0.30824130890866613,2.2032530121003666,26.483131886113764,4589,60.0
1767,17.467138,78.553707,0.3975015512484455,2.5156360865418663,30.52326429835425,4408,60.0
1768,17.467138,78.558207,0.29940892118061313,2.8737092637686152,25.593282079845594,4231,60.0
1769,17.467138,78.562707,0.013745118829404107,3.262462853818012,30.330283346330823,4060,60.0
1770,17.467138,78.567207,0.4803562315294644,3.672165810280365,25.45481766532374,3896,60.0
1771,17.467138,78.571707,0.46813452283874457,4.096537382724234,25.162765234612817,3737,60.0
1772,17.467138,78.576207,0.6277496610101254,4.531458290692779,22.048803662761784,3586,60.0
1773,17.467138,78.580707,0.8754255788322467,4.97416212771792,28.172581780003974,3443,60.0
1774,17.467138,78.585207,1.1998154008755717,5.422743071850402,27.59649810425632,3306,60.0
1775,17.467138,78.589707,1.602177175863199,5.875855247464816,27.075758988730882,3177,60.0
1776,17.467138,78.594207,1.7688303616190926,6.3325260573902495,23.59967630299021,3055,60.0
1777,17.467138,78.598707,1.5621007033957508,6.79203773217857,24.425253070791207,2941,60.0
1778,17.467138,78.603207,1.176240981686754,7.253850408520342,18.57039100248764,2833,60.0
1779,17.467138,78.607707,0.8205168397820821,7.717551026430476,20.929877073664983,2733,60.0
1780,17.467138,78.612207,0.549109879585919,8.182818636663516,17.544909102721306,2639,60.0
1781,17.471638,78.297207,0.11368598184497353,6.590908594929152,13.257655811518934,3492,60.0
1782,17.471638,78.301707,0.5448128120648051,6.17438615283792,10.512376802224885,3718,60.0
1783,17.471638,78.306207,1.0142973014518035,5.767295654602688,16.221537053947337,3968,60.0
1784,17.471638,78.310707,0.9445776469664076,5.37178187561302,19.387093413070872,4244,60.0
1785,17.471638,78.315207,0.8268583465351435,4.990598002391499,20.219924770790684,4547,60.0
1786,17.471638,78.319707,0.8197058903737879,4.6272867726933455,20.690068584850152,4880,60.0
1787,17.471638,78.324207,0.6729592091995656,4.286395208901176,15.336012656878907,5243,60.0
1788,17.471638,78.328707,0.4310257192446315,3.9736974537110044,18.778623970593046,5638,60.0
1789,17.471638,78.333207,0.3211386453590951,3.6963557158859324,20.796828128735918,6064,60.0
1790,17.471638,78.337707,0.6645998715904559,3.4628754326847715,18.861635982628428,6520,60.0
1791,17.471638,78.342207,0.5548689952888708,3.2826290540259473,22.914317844391288,7003,60.0
1792,17.471638,78.346707,0.3633366719675548,3.1361103740961567,23.751718298447813,7506,60.0
1793,17.471638,78.351207,0.6116467702182024,3.0074874934767637,25.482376935847775,8020,60.0
1794,17.471638,78.355707,1.0308165848477815,2.9513257744467136,26.206609822038228,8530,60.0
1795,17.471638,78.360207,0.7937983886672239,2.971736308823687,29.029038774395417,9016,60.0
1796,17.471638,78.364707,0.6134289724049835,3.067190833670732,28.9763163193884,9453,60.0
1797,17.471638,78.369207,0.15707378940509398,3.2310451234103716,27.437088482397584,9814,60.0
1798,17.471638,78.373707,0.059008332025004454,3.453577221763124,26.638906709114917,10071,60.0
1799,17.471638,78.378207,0.535475330724931,3.703417268601163,30.120141636816143,10206,60.0
1800,17.471638,78.382707,0.5408668205935199,3.547368449134012,31.08879435991148,10216,60.0
1801,17.471638,78.387207,0.26811154726948444,3.4508027686929714,30.290263498706434,10111,60.0
1802,17.471638,78.391707,0.43406312737482805,3.4187643921854507,29.41395797143708,9915,60.0
1803,17.471638,78.396207,0.8119827357534017,3.453049894890105,30.85307006190895,9654,60.0
1804,17.471638,78.400707,0.7775409862492985,3.551739090961023,30.812723255741496,9356,60.0
1805,17.471638,78.405207,0.654934190019253,3.7096955333125963,25.02016764361938,9044,60.0
1806,17.471638,78.409707,0.5453953139803978,3.919760798162624,27.969083030201087,8735,60.0
1807,17.471638,78.414207,0.44645752621678786,4.174074971077934,25.109571879423502,8441,60.0
1808,17.471638,78.418707,0.5478753346841597,4.465083694268844,24.409321245295217,8169,60.0
1809,17.471638,78.423207,0.3437838897598555,4.7393989629809,23.603891617984715,7924,60.0
1810,17.471638,78.427707,0.0491763049594406,4.693756433872953,14.59847176600433,7706,60.0
1811,17.471638,78.432207,0.20699655023920494,4.322466972787262,14.15055232864903,7517,60.0
1812,17.471638,78.436707,0.38813300751846014,3.9738862745979158,18.48142535321966,7354,60.0
1813,17.471638,78.441207,0.4881155416744473,3.654518250045577,17.410271314279726,7214,60.0
1814,17.471638,78.445707,0.7636195865860508,3.3726718312991353,18.486530049269916,7095,60.0
1815,17.471638,78.450207,0.7988000104947228,3.138472088404423,16.709600591333295,6993,60.0
1816,17.471638,78.454707,0.3983304181208701,2.9632379156821673,16.067664811104326,6905,60.0
1817,17.471638,78.459207,0.08722851527018202,2.7379871889588947,14.492768628952383,6826,60.0
1818,17.471638,78.486207,0.22879498447864483,0.8938183512197918,18.04138917948804,6378,60.0
1819,17.471638,78.490707,0.0244382649192786,1.1302031282139093,16.586540364390395,6283,60.0
1820,17.471638,78.531207,0.1513981948997774,2.353989140706369,24.150839142560308,5026,60.0
1821,17.471638,78.535707,0.29772317323098246,2.2787406290761254,31.141029182156622,4858,60.0
1822,17.471638,78.540207,0.6393223002470185,2.302112183477828,34.20143540926415,4690,60.0
1823,17.471638,78.544707,0.9428387974766883,2.4212496415383633,34.718038470707874,4522,60.0
1824,17.471638,78.549207,0.8071150637053724,2.6231368279761305,30.45400892777224,4356,60.0
1825,17.471638,78.553707,0.8969166146564448,2.890486374239163,33.46024294819944,4193,60.0
1826,17.471638,78.558207,0.5311159067509545,3.2069680088761996,30.78195920289787,4034,60.0
1827,17.471638,78.562707,0.392192881424021,3.5595004998037534,30.29823310405731,3879,60.0
1828,17.471638,78.567207,0.43425888235904675,3.9384148426451073,24.47802842441288,3730,60.0
1829,17.471638,78.571707,0.011122655834313929,4.336801448347143,21.918650032177464,3586,60.0
1830,17.471638,78.576207,0.20862563316626656,4.7497631304212735,23.656774589575484,3449,60.0
1831,17.471638,78.580707,0.5244134761018929,5.173811017893353,22.74801122763566,3317,60.0
1832,17.471638,78.585207,0.9712308628027646,5.6064301263211185,21.672259475211593,3192,60.0
1833,17.471638,78.589707,1.3894575361860246,6.045780737827376,25.900381986707682,3074,60.0
1834,17.471638,78.594207,1.3286450609202924,6.4904960019780376,24.623992467698262,2962,60.0
1835,17.471638,78.598707,1.0971633531256375,6.939544626535754,21.159674209128003,2856,60.0
1836,17.471638,78.603207,0.9303622338473521,7.392136940184959,19.50900683339012,2757,60.0
1837,17.471638,78.607707,0.5167330492174582,7.847659848927008,15.36797596197972,2664,60.0
1838,17.471638,78.612207,0.1465661426461254,8.305631180458878,16.151405944774982,2576,60.0
1839,17.471638,78.616707,0.14976237452310404,8.765667181819603,11.191410706428947,2495,60.0
1840,17.476138,78.297207,0.6005493784257391,6.774344000052275,14.745828658168545,3403,60.0
1841,17.476138,78.301707,0.7777571923548499,6.33171558980507,16.73489882423631,3614,60.0
1842,17.476138,78.306207,0.9705117655457015,5.894492918062158,19.613576127941393,3847,60.0
1843,17.476138,78.310707,0.5563176503464364,5.463973827423139,12.619417482979443,4102,60.0
1844,17.476138,78.315207,0.32685855630659816,5.04187584039085,12.11005050092858,4382,60.0
1845,17.476138,78.319707,0.5948916438232482,4.630502432029988,12.990256847299444,4687,60.0
1846,17.476138,78.324207,0.3674960980688994,4.23298149515384,16.703751858387054,5017,60.0
1847,17.476138,78.328707,0.023500005400340564,3.8536023001530717,13.454665927065355,5373,60.0
1848,17.476138,78.333207,0.010286961600374529,3.4982721196328215,16.10357395475085,5754,60.0
1849,17.476138,78.337707,0.483188641565082,3.1750753921064256,22.39656197577346,6158,60.0
1850,17.476138,78.342207,0.9601032464598972,2.8947950629729453,24.074910188635567,6580,60.0
1851,17.476138,78.346707,0.8622267031206622,2.670975843603949,26.669012649664005,7014,60.0
1852,17.476138,78.351207,0.9098795289827307,2.518714800797508,27.296020191200014,7451,60.0
1853,17.476138,78.355707,0.8281872793484226,2.4513823302330775,30.072406836735937,7878,60.0
1854,17.476138,78.360207,0.9696827112038825,2.4759170424244616,31.729577750379974,8279,60.0
1855,17.476138,78.364707,0.7132554505218374,2.589709223765332,28.898751315493506,8636,60.0
1856,17.476138,78.369207,0.5165357765660258,2.7818269746199484,29.612882410137306,8929,60.0
1857,17.476138,78.373707,0.47001056549493236,3.0374442479807073,32.38503390610652,9140,60.0
1858,17.476138,78.378207,0.7190075094963809,3.3420222308415086,32.96317792710943,9259,60.0
1859,17.476138,78.382707,0.8675221516742554,3.6834354088504444,30.404429310823502,9282,60.0
1860,17.476138,78.387207,0.4115195764833424,3.947118602247318,31.646133631633536,9217,60.0
1861,17.476138,78.391707,0.13849972989046377,3.9191403291044544,26.145952801061604,9078,60.0
1862,17.476138,78.396207,0.5206429734093139,3.9490832740093653,32.809621980574114,8884,60.0
1863,17.476138,78.400707,0.9573908454752639,4.035658387130252,33.8081547046737,8653,60.0
1864,17.476138,78.405207,0.5209452819776736,4.1753443757970015,28.681548398251813,8404,60.0
1865,17.476138,78.409707,0.24622715623103955,4.363043068899344,25.567637194640604,8150,60.0
1866,17.476138,78.414207,0.08031597029374425,4.592871771609442,22.517336449446702,7903,60.0
1867,17.476138,78.418707,0.07071935271549541,4.858855783358252,22.833286562629063,7669,60.0
1868,17.476138,78.423207,0.5021522178466906,5.220403146437383,21.887706547929046,7454,60.0
1869,17.476138,78.427707,0.18343377712462697,5.011252017773256,19.76491576814345,7259,60.0
1870,17.476138,78.432207,0.4948167487776439,4.665308219173571,21.541149666576,7086,60.0
1871,17.476138,78.436707,0.8466006072880244,4.34433235791448,19.522061394219865,6934,60.0
1872,17.476138,78.441207,0.9729573901957558,4.0542589157118725,19.052391938813557,6801,60.0
1873,17.476138,78.445707,1.0931914814912707,3.8021672688184758,17.677844124272184,6685,60.0
1874,17.476138,78.450207,0.6237037295772336,3.5960541417569845,14.390888235054492,6584,60.0
1875,17.476138,78.454707,0.16172532959212396,3.4441840409019635,9.594732117255857,6495,60.0
1876,17.476138,78.459207,0.2528546711644107,2.9328854138105322,15.010931333296947,6414,60.0
1877,17.476138,78.477207,0.7326416353088291,1.52128927499711,21.589096060436166,6123,60.0
1878,17.476138,78.481707,0.7051412168875948,1.3716807985837365,21.61212550853849,6045,60.0
1879,17.476138,78.486207,0.2794199200516046,1.3799709454444467,14.08690397590837,5962,60.0
1880,17.476138,78.490707,0.05435354891374364,1.5436177795727535,18.71047142053976,5872,60.0
1881,17.476138,78.495207,0.0028751814007898393,1.8212128734339286,21.167241693705343,5775,60.0
1882,17.476138,78.531207,0.028103547208579428,2.840523821508372,26.778922135500878,4737,60.0
1883,17.476138,78.535707,0.025532374005999895,2.778484870547802,28.241574978312663,4587,60.0
1884,17.476138,78.540207,0.449391468196329,2.7976842532194217,26.672812975236795,4436,60.0
1885,17.476138,78.544707,0.9266477042272735,2.8965069644392183,33.93412272239911,4286,60.0
1886,17.476138,78.549207,1.3070683007792658,3.067266603760835,33.15121281117823,4137,60.0
1887,17.476138,78.553707,1.2201719832608806,3.298810793400681,34.51110860954026,3991,60.0
1888,17.476138,78.558207,0.9604324693165659,3.5793626933503937,28.56645113676948,3847,60.0
1889,17.476138,78.562707,0.886017797430736,3.898355850504246,31.272047865559145,3708,60.0
1890,17.476138,78.567207,0.6220529328519552,4.2471373640552885,29.438160356067534,3573,60.0
1891,17.476138,78.571707,0.32232512004104635,4.618964131162723,22.692839850071895,3442,60.0
1892,17.476138,78.576207,0.22781461149929497,5.008706410117343,20.0115879349532,3317,60.0
1893,17.476138,78.580707,0.519878864153504,5.412495409738415,18.289388499847323,3197,60.0
1894,17.476138,78.585207,0.9692043351529215,5.827411914020913,23.344909033063193,3083,60.0
1895,17.476138,78.589707,0.9232208530725843,6.251240602143428,21.081601394833203,2974,60.0
1896,17.476138,78.594207,0.8288783932415685,6.682285904404825,17.326104801171553,2871,60.0
1897,17.476138,78.598707,0.6842008935185568,7.119237117807638,19.36239018925778,2774,60.0
1898,17.476138,78.603207,0.45520772791201447,7.56107041076665,15.261256167101529,2682,60.0
1899,17.476138,78.607707,0.46047497947544325,8.006977629273127,13.3324272449469,2596,60.0
1900,17.476138,78.612207,0.02016179851851976,8.456314335038911,11.259175915093437,2515,60.0
1901,17.476138,78.616707,0.4170278130713406,8.908561605804607,16.668934933732455,2439,60.0
1902,17.480638,78.288207,0.8629121512204003,7.527215964565803,20.120977776197616,2968,60.0
1903,17.480638,78.297207,0.13746700368582848,6.609875647719697,13.0626880789572,3308,60.0
1904,17.480638,78.301707,0.4659581156499354,6.155443548204829,16.267478866906917,3505,60.0
1905,17.480638,78.306207,0.8506142502382713,5.704738554380821,15.00191895024379,3720,60.0
1906,17.480638,78.310707,0.38975366849271625,5.258719062417553,14.861247086221901,3955,60.0
1907,17.480638,78.315207,0.0677568003104364,4.818686323949446,13.64080007562275,4210,60.0
1908,17.480638,78.319707,0.3544733809730921,4.386442420673685,14.836551131302745,4487,60.0
1909,17.480638,78.324207,0.2420901851046949,3.9645357664463727,16.887815905286846,4785,60.0
1910,17.480638,78.328707,0.12715219837964445,3.5566470293310033,14.857018464138028,5104,60.0
1911,17.480638,78.333207,0.029985483701950165,3.1681950468696947,18.085539769827623,5442,60.0
1912,17.480638,78.337707,0.4900339858178516,2.8072600763366786,22.26154213034231,5797,60.0
1913,17.480638,78.342207,0.6101282849077361,2.485857183345594,17.43329917670777,6164,60.0
1914,17.480638,78.346707,0.45823070605562827,2.2212136897107193,26.13877715757022,6537,60.0
1915,17.480638,78.351207,0.4952254084038364,2.035588881621982,19.25420475139476,6908,60.0
1916,17.480638,78.355707,0.3289794190428153,1.9516612040284433,24.41238862065534,7266,60.0
1917,17.480638,78.360207,0.5991771690854997,1.9823895521624948,30.49025495565608,7599,60.0
1918,17.480638,78.364707,0.44444995982007524,2.1228006827195984,27.893969568947476,7893,60.0
1919,17.480638,78.369207,0.03548017761705605,2.3533432943553314,23.970288268111595,8134,60.0
1920,17.480638,78.373707,0.4475330023057459,2.6506025925324015,27.799274709748097,8311,60.0
1921,17.480638,78.378207,0.928046849389685,2.994777298079334,35.299482864006805,8416,60.0
1922,17.480638,78.382707,0.8392537174867318,3.3715301488566465,28.997666422792584,8447,60.0
1923,17.480638,78.387207,0.3361296371444367,3.7711095901459384,31.955471202511568,8409,60.0
1924,17.480638,78.391707,0.14636531000704064,4.186985437305602,28.07607297964453,8312,60.0
1925,17.480638,78.396207,0.5726282262174099,4.446090243895592,27.75029481102468,8167,60.0
1926,17.480638,78.400707,0.9154907815494012,4.523160541642163,30.200789037701878,7989,60.0
1927,17.480638,78.405207,0.440941245760452,4.648216322300632,25.470224959584524,7791,60.0
1928,17.480638,78.409707,0.05925056035064509,4.817522136588371,25.7749237662464,7585,60.0
1929,17.480638,78.414207,0.056691276172087086,5.026608693486947,24.20078147410055,7379,60.0
1930,17.480638,78.418707,0.16663308259694837,5.2707438982088695,18.588648763353582,7181,60.0
1931,17.480638,78.423207,0.11631579298130912,5.545300567538196,19.51608676426089,6994,60.0
1932,17.480638,78.427707,0.06319976853615351,5.35674329022484,16.8885123108319,6823,60.0
1933,17.480638,78.432207,0.35972868336949454,5.034603798644767,21.648395471859445,6667,60.0
1934,17.480638,78.436707,0.8359118054802968,4.738716043496407,17.985666497661633,6527,60.0
1935,17.480638,78.441207,1.3128840819288734,4.474291192316917,25.66344796076479,6403,60.0
1936,17.480638,78.445707,1.0220115357766133,4.247209814567551,19.7256655197245,6293,60.0
1937,17.480638,78.450207,0.5537128752794997,4.063736992956338,13.94595071956492,6195,60.0
1938,17.480638,78.454707,0.116200318340689,3.5942568734266778,11.805435666250004,6107,60.0
1939,17.480638,78.459207,0.36145298564433453,3.1949670500129805,12.78704941517691,6027,60.0
1940,17.480638,78.477207,1.2144055525913005,1.980018714724075,18.4637735475731,5736,60.0
1941,17.480638,78.481707,0.9403322885070904,1.867530981409007,20.490953282580637,5660,60.0
1942,17.480638,78.486207,0.6294125523849176,1.8736282981411057,17.08525063242419,5581,60.0
1943,17.480638,78.490707,0.40630248852379136,1.9972248771394852,15.083846160291003,5496,60.0
1944,17.480638,78.495207,0.047537974426500915,2.2187709654362324,17.871515070776184,5405,60.0
1945,17.480638,78.499707,0.42605832355870327,2.512487842890992,18.688610925159306,5308,60.0
1946,17.480638,78.526707,0.48861299732412056,3.449764462060423,28.183796150911466,4601,60.0
1947,17.480638,78.531207,0.20621139660615886,3.331162095930364,26.76595792928436,4469,60.0
1948,17.480638,78.535707,0.39820037172667466,3.278422199987548,28.346723441007548,4335,60.0
1949,17.480638,78.540207,0.665203568117661,3.2947091646932702,35.79735337059836,4200,60.0
1950,17.480638,78.544707,1.0499946916354352,3.3790250050765818,34.06907515531162,4066,60.0
1951,17.480638,78.549207,1.0501888783861126,3.5264935326911613,34.05284272326789,3932,60.0
1952,17.480638,78.553707,0.9410735744877297,3.7296311389858743,28.724675011932224,3801,60.0
1953,17.480638,78.558207,1.0601379550323635,3.979922784985516,30.83972842262698,3672,60.0
1954,17.480638,78.562707,1.3135152250551743,4.2690827421956365,33.06733286364657,3546,60.0
1955,17.480638,78.567207,1.0006245581929887,4.58977065738054,27.52546802989613,3423,60.0
1956,17.480638,78.571707,0.7592029637514052,4.935845120726603,28.641883040161886,3305,60.0
1957,17.480638,78.576207,0.7085768074200205,5.302337650811181,22.743001237712868,3191,60.0
1958,17.480638,78.580707,0.8710110778321022,5.685300977742093,24.14767948618149,3082,60.0
1959,17.480638,78.585207,0.8717408787203076,6.081624370705146,22.166438034867408,2978,60.0
1960,17.485138,78.306207,0.8649229131312717,5.553718726465935,18.177086328175488,3589,60.0
1961,17.485138,78.310707,0.4003355730234879,5.094506540805978,14.004447347714107,3804,60.0
1962,17.485138,78.315207,0.03239164987092052,4.638935042848122,12.990438718738456,4036,60.0
1963,17.485138,78.319707,0.2529140060548267,4.188192451110959,15.0528325884726,4286,60.0
1964,17.485138,78.324207,0.09083442174535523,3.7440232269371885,13.947202241835626,4553,60.0
1965,17.485138,78.328707,0.20725290802232876,3.3090754120543457,18.113771230856425,4837,60.0
1966,17.485138,78.333207,0.4004620710860233,2.8875190883646344,19.94118962653144,5135,60.0
1967,17.485138,78.337707,0.5112231150481354,2.486175604084996,21.208271733898705,5445,60.0
1968,17.485138,78.342207,0.25094632942342826,2.116574598232744,20.273787344770618,5763,60.0
1969,17.485138,78.346707,0.05223076782241423,1.7983946099891077,22.8583509428469,6082,60.0
1970,17.485138,78.351207,0.32661393438115377,1.5633536276530144,23.731987957581726,6397,60.0
1971,17.485138,78.355707,0.014682553214449655,1.4523918912961415,22.938259517484035,6699,60.0
1972,17.485138,78.360207,0.3082479476102528,1.4934276332796619,26.630095815022443,6977,60.0
1973,17.485138,78.364707,0.19109343239224066,1.67532869456991,30.070922995557055,7221,60.0
1974,17.485138,78.369207,0.22356749149096333,1.9592454217384092,24.97311535524323,7422,60.0
1975,17.485138,78.373707,0.264242586566088,2.3078291224705523,30.01485503018403,7572,60.0
1976,17.485138,78.378207,0.6402707653976913,2.6961127835811465,27.29960713860405,7665,60.0
1977,17.485138,78.382707,0.35569765880960263,3.109258636927562,29.93361320578299,7701,60.0
1978,17.485138,78.387207,0.46663506863463106,3.5385690110208463,33.19743451329025,7681,60.0
1979,17.485138,78.391707,0.5875600272705254,3.978814932053056,31.398548838293696,7614,60.0
1980,17.485138,78.396207,0.8355588558430707,4.4267349280024675,31.676025102637713,7507,60.0
1981,17.485138,78.400707,1.0742727174325941,5.013200432241677,30.867467696681835,7370,60.0
1982,17.485138,78.405207,0.7130803580059014,5.126312896916499,28.925515289897138,7214,60.0
1983,17.485138,78.409707,0.5507694005123832,5.280307648344319,26.279486566656132,7048,60.0
1984,17.485138,78.414207,0.3790755225168852,5.471734040060815,22.96313731744214,6878,60.0
1985,17.485138,78.418707,0.18751888923592167,5.696819950457241,21.51459400189065,6711,60.0
1986,17.485138,78.423207,0.2834729145015022,5.95174775071016,21.7441077883129,6551,60.0
1987,17.485138,78.427707,0.097726170392015,5.725164201638744,17.387129199313748,6401,60.0
1988,17.485138,78.432207,0.5206573189309665,5.42495388175432,18.589078756678216,6263,60.0
1989,17.485138,78.436707,0.9655036390905837,5.151542529965673,18.98715281636442,6137,60.0
1990,17.485138,78.441207,1.4022651290131116,4.909409597290479,24.07858743376286,6023,60.0
1991,17.485138,78.445707,0.9565525883653381,4.703388256172021,20.84776339782688,5920,60.0
1992,17.485138,78.450207,0.4874484611345883,4.265181182863765,16.733368213758755,5827,60.0
1993,17.485138,78.454707,0.02569369382324173,3.8762569100057687,14.972443849307473,5742,60.0
1994,17.485138,78.459207,0.4360747372896491,3.509211684592925,15.452517771132214,5664,60.0
1995,17.485138,78.463707,0.9079867838216183,3.1716506063761782,18.901833818307523,5590,60.0
1996,17.485138,78.477207,1.6268318614668507,2.455072663983847,24.4491136251224,5379,60.0
1997,17.485138,78.481707,1.3051685834914277,2.365288638616537,22.60849459739794,5306,60.0
1998,17.485138,78.486207,1.031482961203632,2.370105654385986,21.130770156807177,5231,60.0
1999,17.485138,78.490707,0.6039105353971516,2.468970067129595,25.227374245436955,5151,60.0
2000,17.485138,78.495207,0.34741978567418225,2.6513821833127227,19.619575872148655,5067,60.0
2001,17.485138,78.499707,0.5737010340550368,2.901627764076032,21.863204528369447,4978,60.0
2002,17.485138,78.531207,0.6933774436221037,3.8243248895704096,31.96075675270584,4222,60.0
2003,17.485138,78.535707,0.7828635744069246,3.778475974666374,32.46650548962176,4102,60.0
2004,17.485138,78.540207,1.0581993111018806,3.792615773173849,30.903599729581515,3981,60.0
2005,17.485138,78.544707,0.981646386389054,3.866086134104832,35.35964386005156,3861,60.0
2006,17.485138,78.549207,0.6296551495528975,3.995615530927259,30.440933310095236,3741,60.0
2007,17.485138,78.553707,0.4407693674433152,4.175990759852716,26.679741734739466,3623,60.0
2008,17.485138,78.558207,0.657681344909758,4.400964446761017,31.784060544045598,3507,60.0
2009,17.485138,78.562707,1.0612967614366624,4.664087389378895,32.10651254606083,3393,60.0
2010,17.485138,78.567207,1.4309458846345864,4.959291095243577,29.425949739862354,3282,60.0
2011,17.485138,78.571707,1.2325839416883069,5.281198636189381,33.09233254894501,3175,60.0
2012,17.485138,78.576207,1.2024801481035396,5.625227442201014,29.378815058115507,3072,60.0
2013,17.485138,78.580707,1.1443965870703074,5.98756564808323,26.368855498630047,2973,60.0
2014,17.485138,78.585207,0.6713916732244601,6.36508718505654,25.423602008393292,2878,60.0
2015,17.489638,78.315207,0.04026685439699016,4.507821349538966,14.511604870238628,3862,60.0
2016,17.489638,78.319707,0.13643065569074195,4.042497924057472,15.321881221273326,4086,60.0
2017,17.489638,78.324207,0.4248398962098524,3.5803115199036055,16.57175580390115,4324,60.0
2018,17.489638,78.328707,0.6035110031494393,3.122655386363909,21.062406390845258,4575,60.0
2019,17.489638,78.333207,0.14638371505443384,2.671858475852235,19.163749752758154,4837,60.0
2020,17.489638,78.337707,0.2367347553658067,2.232080585467792,19.922814625092737,5108,60.0
2021,17.489638,78.342207,0.35191774814938215,1.811365434773973,20.194723761500835,5382,60.0
2022,17.489638,78.346707,0.09078711682140769,1.426678208551691,21.668799769114962,5656,60.0
2023,17.489638,78.351207,0.3982307246549835,1.1159218870945178,24.287106393453303,5924,60.0
2024,17.489638,78.355707,0.4103895970239544,0.9542838051438238,22.9399796956698,6178,60.0
2025,17.489638,78.360207,0.054840415147407874,1.0156468278542738,21.535669724722517,6411,60.0
2026,17.489638,78.364707,0.014045172463135773,1.2680395705736267,26.236385423789187,6616,60.0
2027,17.489638,78.369207,0.10465080047938427,1.6247508120545897,21.155223765366596,6786,60.0
2028,17.489638,78.373707,0.2148156335560321,2.0315538448547064,27.9549117269433,6914,60.0
2029,17.489638,78.378207,0.5998691016983585,2.4637596923270646,29.220224880801055,6997,60.0
2030,17.489638,78.382707,0.21227349504555865,2.910071750172651,30.576764320023308,7034,60.0
2031,17.489638,78.387207,0.3682331009418194,3.3648816222970925,27.80248357182621,7028,60.0
2032,17.489638,78.391707,0.8232954839286265,3.825159348666147,32.51953627115501,6982,60.0
2033,17.489638,78.396207,0.9023549542674087,4.28914498719417,30.35956788395087,6904,60.0
2034,17.489638,78.400707,1.1462505997742223,4.7557533961923255,32.13728596399364,6799,60.0
2035,17.489638,78.405207,1.1485092506299726,5.2242818619451565,32.52742852247354,6677,60.0
2036,17.489638,78.409707,0.8259874598052543,5.749394124166601,27.189419462848193,6543,60.0
2037,17.489638,78.414207,0.3541753432795367,5.9256819399634635,26.17061132293878,6403,60.0
2038,17.489638,78.418707,0.021707602445236767,6.1341281732399455,19.02282270319553,6264,60.0
2039,17.489638,78.423207,0.059714725806282426,6.371577416150534,20.626536007987234,6128,60.0
2040,17.489638,78.427707,0.28036440365414395,6.112369929962108,22.015987307712926,5998,60.0
2041,17.489638,78.432207,0.6594257392477741,5.83213240670897,22.623450155368563,5877,60.0
2042,17.489638,78.436707,1.102793248690972,5.578719004169781,26.740500436554605,5764,60.0
2043,17.489638,78.441207,1.42817088676463,5.355938584094874,22.39688062684627,5661,60.0
2044,17.489638,78.445707,0.9700572593381684,4.941765591457377,17.630762435221648,5566,60.0
2045,17.489638,78.450207,0.5136183294255603,4.560606533344956,15.051239523524586,5479,60.0
2046,17.489638,78.454707,0.04496774453868827,4.199143648161949,15.13360010781601,5399,60.0
2047,17.489638,78.459207,0.4205271229653709,3.862909970525617,16.8552713650394,5324,60.0
2048,17.489638,78.463707,0.8825431324185659,3.559063098762687,18.844711895835538,5253,60.0
2049,17.489638,78.481707,1.64258056406499,2.863959382662454,23.03422710499207,4981,60.0
2050,17.489638,78.495207,0.8474476570302152,3.104426675754549,25.20113991067289,4757,60.0
2051,17.489638,78.499707,0.9625979136813084,3.320699747695729,23.101701215568276,4675,60.0
2052,17.489638,78.504207,1.2127245182475164,3.587787519323374,30.569826899382168,4589,60.0
2053,17.489638,78.508707,1.2651067219060488,3.8952512617953934,35.44963157864445,4498,60.0
2054,17.489638,78.531207,1.191543554740305,4.3191475357329745,34.17620687378848,3994,60.0
2055,17.489638,78.535707,1.2468860035778004,4.278605366838651,35.244038340348084,3886,60.0
2056,17.489638,78.540207,1.3102009070871374,4.2910971731888905,33.56130439120014,3778,60.0
2057,17.489638,78.544707,0.8330369352695626,4.356166735697506,27.93688961995413,3670,60.0
2058,17.489638,78.549207,0.3560906480343057,4.471519308151109,27.151534480287292,3563,60.0
2059,17.489638,78.553707,0.0607488458216947,4.633400892551975,23.85946824439749,3457,60.0
2060,17.489638,78.558207,0.4918858023155595,4.8371422712351055,25.014847256120593,3352,60.0
2061,17.489638,78.562707,0.9628994148877017,5.077707109051345,33.29624278171267,3250,60.0
2062,17.489638,78.567207,1.4123003254557516,5.350130487117585,32.07859253477327,3150,60.0
2063,17.489638,78.571707,1.721305269370069,5.649805800399665,33.03236505554044,3053,60.0
2064,17.489638,78.576207,1.5110640711017471,5.972632379662522,29.216737556984526,2959,60.0
2065,17.489638,78.580707,1.121016116615935,6.315060736700069,25.94716303444779,2869,60.0
2066,17.489638,78.585207,0.745923019224931,6.67407441348383,24.783856168268574,2782,60.0
2067,17.494138,78.319707,0.24340543244416402,3.9551709805372606,16.682874456456403,3891,60.0
2068,17.494138,78.324207,0.5117340726826216,3.481422957722956,20.097924016672458,4102,60.0
2069,17.494138,78.328707,0.1604865735302297,3.008775137697023,17.346402986230085,4324,60.0
2070,17.494138,78.333207,0.10740367581308448,2.5378423006462727,17.64916112952954,4553,60.0
2071,17.494138,78.337707,0.27634885292199757,2.0697953892156473,17.5215353603324,4788,60.0
2072,17.494138,78.342207,0.7332722016403123,1.607157758659772,20.15237222293248,5025,60.0
2073,17.494138,78.346707,0.3049256113822465,1.1564397381245013,22.05506118866971,5260,60.0
2074,17.494138,78.351207,0.07654275934351816,0.7397589972317196,22.337085211976184,5488,60.0
2075,17.494138,78.355707,0.25254047561055765,0.4611155819105774,21.66699555992816,5703,60.0
2076,17.494138,78.360207,0.24542805440312782,0.5774993383411702,24.998788909152644,5900,60.0
2077,17.494138,78.364707,0.39623210085113664,0.9538747777504539,26.835056224904257,6073,60.0
2078,17.494138,78.369207,0.4578869331636506,1.3934641714427405,23.399887267601557,6217,60.0
2079,17.494138,78.373707,0.7000668251361275,1.8517833030896786,27.78873788589082,6327,60.0
2080,17.494138,78.378207,0.8979270280489915,2.3177476360313642,31.899592094746303,6402,60.0
2081,17.494138,78.382707,0.6755157279376153,2.787525875069532,30.61952866055092,6439,60.0
2082,17.494138,78.387207,0.6333897499390987,3.259469373968354,27.192955295639404,6442,60.0
2083,17.494138,78.391707,0.40075060068300317,3.732756942219541,28.144835304667907,6413,60.0
2084,17.494138,78.396207,0.4562032629279687,4.206934973577242,29.75369321524323,6355,60.0
2085,17.494138,78.400707,0.6842256429157451,4.68173291040425,30.018735243461624,6276,60.0
2086,17.494138,78.405207,0.7082674428258275,5.156979533093729,27.66498653708215,6180,60.0
2087,17.494138,78.409707,0.660373868205544,5.632561269122488,25.76244423931725,6073,60.0
2088,17.494138,78.414207,0.49754261666572785,6.108399845994342,23.50450831251895,5959,60.0
2089,17.494138,78.418707,0.3750958701600012,6.580429616212849,23.948494351657892,5843,60.0
2090,17.494138,78.423207,0.10697949743531389,6.802312167938752,20.754071233793088,5728,60.0
2091,17.494138,78.427707,0.34320376162947275,6.515012030096831,22.00870697229518,5617,60.0
2092,17.494138,78.432207,0.8142535754511049,6.252852691372107,22.8509432256346,5511,60.0
2093,17.494138,78.436707,1.2766082503614775,6.017190009398915,26.084114223041876,5412,60.0
2094,17.494138,78.441207,1.3866853067633298,5.621963939259943,24.485318871812638,5319,60.0
2095,17.494138,78.445707,0.9096085646635085,5.246815564019785,22.322161181388676,5233,60.0
2096,17.494138,78.450207,0.43287847222832365,4.889503855570442,19.105185705000324,5152,60.0
2097,17.494138,78.454707,0.001966844827415112,4.554228991692121,12.809269630274565,5077,60.0
2098,17.494138,78.459207,0.3027392315883996,4.246214176178206,12.427661512071838,5007,60.0
2099,17.494138,78.463707,0.6798303486884568,3.971806556063021,21.400998522362226,4940,60.0
2100,17.494138,78.468207,1.0136257930830945,3.73841399211437,21.02390066961283,4875,60.0
2101,17.494138,78.495207,1.1487477917216804,3.57013404601392,22.235790647339265,4473,60.0
2102,17.494138,78.499707,0.8573975049373412,3.7597080418489712,23.52229229588625,4398,60.0
2103,17.494138,78.504207,0.714814214832647,3.9975656821541437,26.67773401583205,4319,60.0
2104,17.494138,78.508707,0.7999233453519149,4.275656391136857,26.09753303830062,4237,60.0
2105,17.494138,78.535707,1.6366616358437338,4.778786635057031,34.510093502506685,3687,60.0
2106,17.494138,78.540207,1.162886885864993,4.789973916461515,35.5706987757015,3591,60.0
2107,17.494138,78.544707,0.6938663805826558,4.848351254145295,27.750462762748576,3494,60.0
2108,17.494138,78.549207,0.2570899552603265,4.952250093912436,25.334701754749336,3397,60.0
2109,17.494138,78.553707,0.12832066013720728,5.098888452111069,26.113680103604544,3302,60.0
2110,17.494138,78.558207,0.3346831542012662,5.284709759863064,27.083496603499857,3207,60.0
2111,17.494138,78.562707,0.7660682872996152,5.505748122494764,29.118322099272888,3115,60.0
2112,17.494138,78.567207,1.225295261660722,5.757949189843538,31.82417392964156,3025,60.0
2113,17.494138,78.571707,1.6945011621923087,6.037408939091669,32.24916440296814,2937,60.0
2114,17.494138,78.576207,1.3183094025851054,6.340524099908094,29.554251638359677,2853,60.0
2115,17.494138,78.580707,0.8638719388981665,6.6640675538164125,24.28955945650145,2771,60.0
2116,17.494138,78.585207,0.43545474970682596,7.005209361353908,21.334115870002915,2692,60.0
2117,17.498638,78.315207,0.14177502008930198,4.407287933400039,16.8043881166136,3524,60.0
2118,17.498638,78.319707,0.32109295536725907,3.930104332631399,18.523808365179974,3703,60.0
2119,17.498638,78.324207,0.43665085357662325,3.4529314526736683,20.884276317862042,3890,60.0
2120,17.498638,78.328707,0.030982717049981644,2.975774451192702,18.673724733495604,4085,60.0
2121,17.498638,78.333207,0.051560699770469114,2.498642425311895,18.518319391385045,4285,60.0
2122,17.498638,78.337707,0.3775339698317502,2.021553059886308,19.571188029927526,4489,60.0
2123,17.498638,78.342207,0.3685711352629923,1.5445458875226894,22.109481243882023,4694,60.0
2124,17.498638,78.346707,0.3158810854828602,1.0677310732152774,22.448105992999515,4895,60.0
2125,17.498638,78.351207,0.045834251680931026,0.5915739283993776,22.096693154858052,5090,60.0
2126,17.498638,78.355707,0.24052604022317545,0.12390400827095946,28.071621689354615,5273,60.0
2127,17.498638,78.360207,0.19571312350248238,0.3690895777523048,23.05065252094653,5440,60.0
2128,17.498638,78.364707,0.5711819818153249,0.8441471744388372,27.809614291291307,5587,60.0
2129,17.498638,78.369207,0.9481682801198498,1.3207665236787836,31.863582970465355,5709,60.0
2130,17.498638,78.373707,0.9770038983295651,1.7977058685158984,30.464914166208658,5805,60.0
2131,17.498638,78.378207,0.5788839754597793,2.2747639416365644,32.782720793151235,5872,60.0
2132,17.498638,78.382707,0.3908527090222724,2.7518789963216648,26.299876302465798,5909,60.0
2133,17.498638,78.387207,0.3896476217098088,3.229025773983824,27.62179522411911,5917,60.0
2134,17.498638,78.391707,0.02022241779643874,3.7061920220799114,22.934553893672458,5900,60.0
2135,17.498638,78.396207,0.28460505165119915,4.1833710778510165,25.047986066352628,5859,60.0
2136,17.498638,78.400707,0.1857119993419398,4.660559007064843,25.157466399579796,5799,60.0
2137,17.498638,78.405207,0.2510861108834099,5.137753337035708,26.131813957777908,5724,60.0
2138,17.498638,78.409707,0.2005962707427682,5.614952435597301,24.067056191188623,5638,60.0
2139,17.498638,78.414207,0.052619714383723044,6.092155181944741,24.27993171231297,5546,60.0
2140,17.498638,78.418707,0.1196256298861799,6.5693607809057575,21.147778199488684,5450,60.0
2141,17.498638,78.423207,0.29201174757212284,7.242006453210547,20.86162741291189,5353,60.0
2142,17.498638,78.427707,0.5890890855906701,6.930400559168712,27.87764373747417,5259,60.0
2143,17.498638,78.432207,0.9990205222322823,6.68455830485459,24.913390906466393,5167,60.0
2144,17.498638,78.436707,1.4137690687400875,6.304603935131251,24.43049624155084,5080,60.0
2145,17.498638,78.441207,1.4839371060395896,5.934236143488986,24.242430352180914,4997,60.0
2146,17.498638,78.445707,1.0511727064094212,5.580130332007046,20.5952503237222,4919,60.0
2147,17.498638,78.450207,0.6431518078529188,5.245580857026324,21.47550397777292,4846,60.0
2148,17.498638,78.454707,0.25743742494960864,4.934566913618186,16.26674500360535,4777,60.0
2149,17.498638,78.459207,0.029897056264575013,4.651811562827154,15.739397070154368,4712,60.0
2150,17.498638,78.463707,0.32353886607450394,4.40276266704855,17.125618731514088,4649,60.0
2151,17.498638,78.468207,0.6385678214303707,4.193430038182334,20.763408561897137,4587,60.0
2152,17.498638,78.472707,0.4155629680985196,4.030007439867535,16.572928286283897,4527,60.0
2153,17.498638,78.477207,0.5345415957606812,3.9182435534130176,17.269749683619402,4467,60.0
2154,17.498638,78.495207,0.7350802635240282,4.044132026294304,23.860579171989144,4213,60.0
2155,17.498638,78.499707,0.4588705029858278,4.212424114218108,23.796994128633795,4144,60.0
2156,17.498638,78.504207,0.22390730459811195,4.42601379204544,22.69582071779259,4072,60.0
2157,17.498638,78.508707,0.41333289221966907,4.678701460135433,22.371653025648033,3998,60.0
2158,17.498638,78.513207,0.8422350904764602,4.964520592549045,28.693383980078966,3921,60.0
2159,17.498638,78.535707,1.640353470999579,5.2790050337070955,33.00174373168525,3504,60.0
2160,17.498638,78.540207,1.169497163889423,5.289134136587886,30.68417250539768,3417,60.0
2161,17.498638,78.544707,0.7072298280034817,5.342058195062863,26.976459746648167,3330,60.0
2162,17.498638,78.549207,0.2968345500960525,5.436527538737027,28.765716644443987,3243,60.0
2163,17.498638,78.553707,0.05630292984597065,5.5704288590989135,25.606851562343678,3157,60.0
2164,17.498638,78.558207,0.31570990803514065,5.74100372261837,26.596914103992578,3073,60.0
2165,17.498638,78.562707,0.7576393322374134,5.945096288950386,29.910546512035694,2990,60.0
2166,17.498638,78.567207,1.220033841529334,6.179386385254033,35.100662494913294,2908,60.0
2167,17.498638,78.571707,1.682965911070121,6.440579351399045,28.049738596017303,2829,60.0
2168,17.498638,78.576207,1.2089327989088428,6.72554151970338,26.318192301128683,2752,60.0
2169,17.498638,78.580707,0.7390130471713496,7.031383587243419,22.896537725295648,2678,60.0
2170,17.498638,78.585207,0.2783936866791363,7.355501453497912,18.82685492649495,2606,60.0
2171,17.503138,78.288207,0.5128818047450623,7.291247444209642,18.132282922902835,2590,60.0
2172,17.503138,78.306207,0.8454455332500911,5.389836326754946,21.007457272992262,3072,60.0
2173,17.503138,78.315207,0.06291890027689838,4.441529640656761,14.79895387385973,3364,60.0
2174,17.503138,78.319707,0.23994327162887993,3.968477945794929,19.280589482872333,3523,60.0
2175,17.503138,78.324207,0.4076194872616183,3.4965583076022178,20.127573290545584,3688,60.0
2176,17.503138,78.328707,0.047552649684577585,3.0263003696642046,19.31169385509293,3859,60.0
2177,17.503138,78.333207,0.25309355241963083,2.558620525759921,21.146746609806257,4034,60.0
2178,17.503138,78.337707,0.24119866961182912,2.0952458572143713,21.859168253658652,4211,60.0
2179,17.503138,78.342207,0.020642416801176202,1.639830037114359,19.201890720051605,4387,60.0
2180,17.503138,78.346707,0.47670327479453856,1.201457881552213,27.55191153284602,4561,60.0
2181,17.503138,78.351207,0.3250649161006592,0.8083505888079062,23.478686341270144,4727,60.0
2182,17.503138,78.355707,0.28010210255882567,0.5646516190662483,19.590874152579282,4883,60.0
2183,17.503138,78.360207,0.06279689638133695,0.6631013276964739,20.530218769837486,5026,60.0
2184,17.503138,78.364707,0.4949361082376441,1.0079912866657394,22.10002066982418,5151,60.0
2185,17.503138,78.369207,0.9650239105530757,1.4310348144610523,28.805062351065637,5257,60.0
2186,17.503138,78.373707,0.895639711818857,1.8801983908162456,28.38301742607745,5340,60.0
2187,17.503138,78.378207,0.3991271351005806,2.340491930996151,24.878134855651147,5400,60.0
2188,17.503138,78.382707,0.02020992922691997,2.806444389221913,27.620252717297195,5435,60.0
2189,17.503138,78.387207,0.38278887837847586,3.2756417508199775,26.816401898094874,5448,60.0
2190,17.503138,78.391707,0.18298381418889728,3.746865194694033,25.805800284408555,5439,60.0
2191,17.503138,78.396207,0.33708228003231105,4.219435961174394,23.144844976768738,5410,60.0
2192,17.503138,78.400707,0.1294818983860277,4.692947049275915,21.39546053426418,5365,60.0
2193,17.503138,78.405207,0.0981198962643654,5.167139955088376,22.826992403043104,5307,60.0
2194,17.503138,78.409707,0.2214300342474778,5.6418427621031215,23.317113723261755,5239,60.0
2195,17.503138,78.414207,0.07334875084276635,6.116936759109771,17.79477172967178,5164,60.0
2196,17.503138,78.418707,0.5426851193383523,6.592337370029064,23.35309481995493,5085,60.0
2197,17.503138,78.423207,0.6470137840470298,7.067982725287278,23.743334617859983,5005,60.0
2198,17.503138,78.427707,0.9558206528136912,7.356376596896841,24.518635656373803,4924,60.0
2199,17.503138,78.432207,1.2801687839610953,6.988967736290428,24.6745416628244,4845,60.0
2200,17.503138,78.436707,1.652095986078388,6.622488445732688,26.90469644707983,4769,60.0
2201,17.503138,78.441207,1.7123747098330027,6.2709324043314485,27.504926741928166,4696,60.0
2202,17.503138,78.445707,1.3321455299948013,5.9369512410791785,25.350130525428767,4627,60.0
2203,17.503138,78.450207,0.9004449061662856,5.623677059885478,23.470432225223384,4561,60.0
2204,17.503138,78.454707,0.5714856894050384,5.334759050465425,22.232848924768597,4498,60.0
2205,17.503138,78.459207,0.3352147933266904,5.07435921064111,17.957357020260325,4437,60.0
2206,17.503138,78.463707,0.05003350562343759,4.8470759733774695,15.927164521994314,4379,60.0
2207,17.503138,78.468207,0.19125711837847106,4.65775980563512,18.6784671550547,4322,60.0
2208,17.503138,78.472707,0.04919478891718017,4.511193206406078,18.39687476572795,4266,60.0
2209,17.503138,78.477207,0.16739240576541325,4.411639004727031,17.34118770272358,4209,60.0
2210,17.503138,78.481707,0.6267627412656525,4.362317055763809,22.962121663231752,4153,60.0
2211,17.503138,78.486207,1.0898769980876808,4.364930504223275,26.61159458050909,4095,60.0
2212,17.503138,78.495207,0.44284124116763596,4.523815337070709,24.50341469260955,3975,60.0
2213,17.503138,78.499707,0.05870383582248821,4.674867258934602,23.792133808167478,3912,60.0
2214,17.503138,78.504207,0.00851571434728169,4.868204946028616,18.825577538509922,3846,60.0
2215,17.503138,78.508707,0.34748869251550174,5.0990206634740805,23.22769796235304,3779,60.0
2216,17.503138,78.513207,0.8066118283907034,5.3624771213833,26.548822035075602,3709,60.0
2217,17.503138,78.531207,1.6027892555399537,5.809327576892296,32.693578659036234,3412,60.0
2218,17.503138,78.535707,1.3160815799241834,5.779250921413871,30.02823877468004,3334,60.0
2219,17.503138,78.540207,1.1615239254065821,5.788504498838163,27.47473839404209,3256,60.0
2220,17.503138,78.544707,0.9145724599702858,5.836901254672953,29.08361433805657,3178,60.0
2221,17.503138,78.549207,0.5719054329181047,5.923481829426535,25.129431269000968,3101,60.0
2222,17.503138,78.553707,0.5226648783285376,6.046606197921261,26.26205358976676,3024,60.0
2223,17.503138,78.558207,0.6839026045981956,6.20409903560177,25.09331930754898,2947,60.0
2224,17.503138,78.562707,0.9972756554417299,6.3934209915294,25.90293978785013,2872,60.0
2225,17.503138,78.567207,1.2751785285184802,6.6118384663814425,29.71042463507041,2799,60.0
2226,17.503138,78.571707,1.4462140194089699,6.8565714926461645,29.99063660030323,2728,60.0
2227,17.503138,78.576207,1.105862396007556,7.124908852597092,28.193315921750546,2658,60.0
2228,17.503138,78.580707,0.7118534720709372,7.414288130063488,28.417582744129437,2591,60.0
2229,17.507638,78.283707,0.2964284419344568,7.818676553109596,20.878645525258527,2426,60.0
2230,17.507638,78.288207,0.31471896633123814,7.346101982455266,21.148625236732084,2517,60.0
2231,17.507638,78.301707,0.29879631040225696,5.932832985305408,17.517126722635474,2832,60.0
2232,17.507638,78.306207,0.7690326083346174,5.463868398726499,19.916176464993654,2951,60.0
2233,17.507638,78.310707,0.526267194859176,4.996465587986427,24.26402053149305,3078,60.0
2234,17.507638,78.315207,0.22480765442441103,4.531107890375121,17.57414708580744,3212,60.0
2235,17.507638,78.324207,0.1340340513485187,3.6096895926599792,17.232190329399934,3498,60.0
2236,17.507638,78.337707,0.5190710435325125,2.2790761808095725,22.549574722845424,3954,60.0
2237,17.507638,78.342207,0.36099629154828733,1.8690151730519202,21.878248614305154,4107,60.0
2238,17.507638,78.346707,0.6015925056523039,1.4992354909143635,22.0799756757247,4255,60.0
2239,17.507638,78.351207,0.8102158143979723,1.2073343608869278,24.900660085104686,4398,60.0
2240,17.507638,78.355707,0.5118784737414038,1.0597477637752408,26.53223093879681,4532,60.0
2241,17.507638,78.360207,0.4065506735177023,1.1153180035071437,22.15003852736014,4654,60.0
2242,17.507638,78.364707,0.6901315647621515,1.3491712409000334,22.95393857021803,4761,60.0
2243,17.507638,78.369207,0.7379674923513538,1.6888018496798365,28.13954264237708,4853,60.0
2244,17.507638,78.382707,0.18532300439348517,2.9462139776972993,24.227619538959516,5013,60.0
2245,17.507638,78.387207,0.3467716424018716,3.39614559343786,22.936703157411475,5028,60.0
2246,17.507638,78.391707,0.2495059790187366,3.8526475101844984,20.328072117309432,5025,60.0
2247,17.507638,78.396207,0.5078867865130967,4.313634272659377,23.38722838246193,5006,60.0
2248,17.507638,78.405207,0.5584370454903885,5.244322243578798,24.5679023964636,4928,60.0
2249,17.507638,78.409707,0.3440823025967621,5.7126038848536504,25.40251348277223,4874,60.0
2250,17.507638,78.414207,0.021075363817877914,6.182251235650372,18.707421893920333,4813,60.0
2251,17.507638,78.418707,0.4196118894068568,6.652975077190156,22.629086638739295,4749,60.0
2252,17.507638,78.423207,0.6604758746752064,7.124562039378039,25.210858801340073,4681,60.0
2253,17.507638,78.427707,1.0174587724579756,7.791203753390062,20.860496476715927,4614,60.0
2254,17.507638,78.432207,1.445558851062156,7.3113352749770115,29.89533393354602,4546,60.0
2255,17.507638,78.436707,1.887968862380387,6.961855368424291,27.78077376262977,4480,60.0
2256,17.507638,78.441207,1.9750130749165296,6.6283317941504905,31.03358238866253,4416,60.0
2257,17.507638,78.445707,1.5828979727183388,6.313293919432033,28.259756714404773,4354,60.0
2258,17.507638,78.450207,1.2513648921359417,6.019644789560203,27.751787393476537,4295,60.0
2259,17.507638,78.454707,1.0118144888569542,5.750661893504872,25.114803985713394,4238,60.0
2260,17.507638,78.459207,0.7162702099951447,5.509958854444556,17.419248754176984,4183,60.0
2261,17.507638,78.463707,0.3348275171039527,5.301389109166848,18.31838052943705,4129,60.0
2262,17.507638,78.468207,0.1379792338582489,5.128874334784854,19.054560924310163,4077,60.0
2263,17.507638,78.472707,0.21074985249774336,4.996150812811109,18.962347911648727,4025,60.0
2264,17.507638,78.477207,0.1375916964159866,4.906448766118018,20.067901417776987,3973,60.0
2265,17.507638,78.481707,0.59621986829222,4.862149894139701,23.697850626709723,3920,60.0
2266,17.507638,78.486207,1.0233926562420734,4.8644947569316965,26.20084455088002,3867,60.0
2267,17.507638,78.490707,0.8184621537637059,4.913416574638275,23.66496180046102,3813,60.0
2268,17.507638,78.495207,0.3484090480020753,5.007550417115744,17.94608049841289,3757,60.0
2269,17.507638,78.499707,0.11772468899447723,5.144414978574238,19.723842938971217,3699,60.0
2270,17.507638,78.504207,0.495383719216334,5.320713797096891,24.115964715953783,3640,60.0
2271,17.507638,78.508707,0.6886832320471872,5.532678437741863,22.634552957899803,3578,60.0
2272,17.507638,78.513207,1.0174126967883907,5.7763839575459635,28.40071491530282,3515,60.0
2273,17.507638,78.531207,1.2912572936636677,6.3072085712575925,31.570297161060374,3248,60.0
2274,17.507638,78.535707,0.911379879963637,6.279517728589592,27.824377583421853,3178,60.0
2275,17.507638,78.540207,0.6702184546561024,6.2880349374927444,20.024580004210875,3109,60.0
2276,17.507638,78.544707,0.7140808494095313,6.33261410285374,23.818749381615767,3039,60.0
2277,17.507638,78.549207,1.0080528459412543,6.412503169976065,31.803200790674595,2969,60.0
2278,17.507638,78.558207,1.0200327379044134,6.672579752037365,26.60713284213698,2831,60.0
2279,17.512138,78.252207,1.1956945262733554,11.196068157556251,23.554749806911584,1941,60.0
2280,17.512138,78.256707,0.844154343408094,10.723688325125995,27.76667833614448,1987,60.0
2281,17.512138,78.261207,0.6654004287170053,10.251755406598747,24.125287123610754,2037,60.0
2282,17.512138,78.283707,0.7128700971715902,7.9015950895617415,25.9983008035152,2363,60.0
2283,17.512138,78.288207,0.2645536634962529,7.43430519870692,21.566626342488902,2445,60.0
2284,17.512138,78.292707,0.17483713468218565,6.968359287913077,21.324283108046608,2533,60.0
2285,17.512138,78.297207,0.3450170943979683,6.504046209621024,22.107758214981644,2628,60.0
2286,17.512138,78.337707,0.48212930875932436,2.5493285157496612,24.124207608664573,3718,60.0
2287,17.512138,78.342207,0.8613335636673864,2.1904674154368773,29.68678814500703,3850,60.0
2288,17.512138,78.346707,0.5269075776940558,1.8848521673938647,25.196020387182614,3978,60.0
2289,17.512138,78.351207,0.31076130599896495,1.6621180663293276,18.922096904347296,4101,60.0
2290,17.512138,78.355707,0.4589606310577011,1.558221363928461,23.983889114487866,4216,60.0
2291,17.512138,78.360207,0.864968289997755,1.5965336673144035,27.91728520453751,4320,60.0
2292,17.512138,78.364707,1.0602016832641945,1.767833211008923,29.304473864589845,4413,60.0
2293,17.512138,78.369207,0.6404569126038108,2.0388715878931456,23.60336215269657,4492,60.0
2294,17.512138,78.405207,0.2573233538770727,5.367238655891456,24.319676190787938,4583,60.0
2295,17.512138,78.409707,0.3147750965539113,5.825637392841146,24.082438797926518,4541,60.0
2296,17.512138,78.414207,0.032468253675649025,6.286835439086405,25.559672589892536,4492,60.0
2297,17.512138,78.418707,0.029585290336065485,6.750259047029056,18.771758014148784,4439,60.0
2298,17.512138,78.423207,0.39015268452467994,7.215479410341758,21.291740794048494,4384,60.0
2299,17.512138,78.427707,0.8662438036319444,7.682170109525998,24.42333737863307,4326,60.0
2300,17.512138,78.432207,1.2549408388148748,7.652864266980332,26.265031204031846,4269,60.0
2301,17.512138,78.436707,1.4479561223528972,7.319717320351788,26.510425783683907,4212,60.0
2302,17.512138,78.441207,1.7522146394829365,7.003265386064363,24.490404267106655,4156,60.0
2303,17.512138,78.445707,1.9394355880887444,6.705872407430872,30.185495492830196,4102,60.0
2304,17.512138,78.450207,1.5588113018812337,6.430183332020358,29.444475177220035,4049,60.0
2305,17.512138,78.454707,1.081858913748373,6.179103890179719,24.813121148441233,3998,60.0
2306,17.512138,78.459207,0.6052761307923534,5.955747337926073,26.7886976563674,3948,60.0
2307,17.512138,78.463707,0.13175457653818134,5.763337755819596,20.10448694429642,3899,60.0
2308,17.512138,78.468207,0.2897345392171612,5.60506307638049,23.631634737983312,3850,60.0
2309,17.512138,78.472707,0.6546274487290532,5.483879681564313,23.807994360652227,3803,60.0
2310,17.512138,78.477207,0.31313696760509263,5.402284230156629,22.95600916528753,3755,60.0
2311,17.512138,78.481707,0.3321190047758246,5.36208426969247,22.061153795153206,3707,60.0
2312,17.512138,78.486207,0.7506355998541941,5.364210547486471,26.852758021864382,3658,60.0
2313,17.512138,78.490707,0.9250060749861572,5.408613144867485,25.38726629406023,3608,60.0
2314,17.512138,78.495207,0.5440051963872571,5.494267173538154,24.104474345915477,3557,60.0
2315,17.512138,78.499707,0.43780136514935436,5.619286579932278,23.33543141542353,3504,60.0
2316,17.512138,78.504207,0.7367641303097032,5.781118043217564,23.948503709289163,3450,60.0
2317,17.512138,78.508707,1.1124284952988095,5.976772060220107,27.71418159975617,3395,60.0
2318,17.512138,78.513207,1.3796048828330219,6.203049004864351,33.09378346360272,3338,60.0
2319,17.512138,78.540207,0.22022581977044725,6.78769011085498,21.49664754799769,2972,60.0
2320,17.512138,78.544707,0.31778461221232224,6.829007330206669,23.448151179617444,2909,60.0
2321,17.516638,78.252207,0.966443668695177,11.276286603534128,27.962569899993348,1915,60.0
2322,17.516638,78.256707,0.5361955740801835,10.807425467153994,25.2645790988652,1957,60.0
2323,17.516638,78.261207,0.16941185078418527,10.3393272567774,20.932884238797243,2003,60.0
2324,17.516638,78.279207,0.6281909348722542,8.477088658483298,19.392648714906986,2232,60.0
2325,17.516638,78.283707,0.9605925695657151,8.014952355073651,27.28965815900703,2302,60.0
2326,17.516638,78.288207,0.7094337705391567,7.554689116393527,20.396847471472558,2376,60.0
2327,17.516638,78.337707,0.35027393988270483,2.8817907856079716,25.206366623880744,3502,60.0
2328,17.516638,78.342207,0.40127483253911816,2.5697921887962583,22.78295842721824,3616,60.0
2329,17.516638,78.346707,0.21742166077700786,2.3148181242332697,23.210577919642898,3727,60.0
2330,17.516638,78.351207,0.07107028397649029,2.137374861072556,18.40225233803758,3832,60.0
2331,17.516638,78.355707,0.3257950202555095,2.0576192406375946,18.510268146273194,3931,60.0
2332,17.516638,78.360207,0.7892868440338351,2.0867821823455905,24.809172578083775,4022,60.0
2333,17.516638,78.364707,1.2265849321011746,2.2205765260435752,26.750153133852876,4102,60.0
2334,17.516638,78.369207,0.7563395372737683,2.4418635575121233,22.936231938347003,4171,60.0
2335,17.516638,78.405207,0.22271464825807763,5.53284197315175,21.056209320164967,4271,60.0
2336,17.516638,78.409707,0.10532259345400091,5.978546095428704,25.825807228412803,4238,60.0
2337,17.516638,78.414207,0.1866866201393373,6.428773118356533,22.567590318950913,4199,60.0
2338,17.516638,78.418707,0.34711447638094833,6.882635503434207,24.086683038292186,4156,60.0
2339,17.516638,78.423207,0.6007719154997622,7.339458863520924,25.327153440996693,4110,60.0
2340,17.516638,78.427707,0.729724859871894,7.798722883407791,27.50045123564576,4062,60.0
2341,17.516638,78.432207,0.7796118072508064,8.011104416746052,24.583962209263163,4013,60.0
2342,17.516638,78.436707,1.0615138413701808,7.693493852006271,22.6599966128876,3964,60.0
2343,17.516638,78.441207,1.4469198361498656,7.393065960925344,28.805845259475607,3916,60.0
2344,17.516638,78.445707,1.880938681017411,7.111998589268923,33.49545961531469,3868,60.0
2345,17.516638,78.450207,1.5609540396428712,6.852674408332661,28.078390458601355,3821,60.0
2346,17.516638,78.454707,1.0846032824987022,6.61765004689685,26.851989254317775,3775,60.0
2347,17.516638,78.459207,0.6095438706741233,6.4095991079972165,22.993134476973307,3730,60.0
2348,17.516638,78.463707,0.14434084313488396,6.231223980429314,24.588577538238226,3686,60.0
2349,17.516638,78.468207,0.3079061205016525,6.085134908245943,24.04067219382344,3642,60.0
2350,17.516638,78.472707,0.3596988160989732,5.973701063669209,24.109007701163094,3598,60.0
2351,17.516638,78.477207,0.21637359214634339,5.898886753837429,23.12165990080248,3555,60.0
2352,17.516638,78.481707,0.2986861034111426,5.862094204429494,22.211567708549072,3511,60.0
2353,17.516638,78.486207,0.7314624257787391,5.864039135215774,25.1756097816688,3466,60.0
2354,17.516638,78.490707,0.5558796178535186,5.904683267356246,21.24174669341585,3420,60.0
2355,17.516638,78.495207,0.545873849212012,5.983238001843204,19.055367406235202,3374,60.0
2356,17.516638,78.499707,0.859016749822412,6.098238473160804,25.478497052010827,3326,60.0
2357,17.516638,78.504207,1.1008018920471663,6.247672442880524,27.147469107790247,3277,60.0
2358,17.516638,78.508707,1.4206755899363837,6.429139321841872,30.711106123646537,3227,60.0
2359,17.516638,78.513207,1.7844543906715151,6.640013318707873,33.49924724018592,3176,60.0
2360,17.516638,78.540207,0.22446437551175313,7.2874443620978555,23.764988613893337,2847,60.0
2361,17.516638,78.544707,0.14348981747850784,7.3259426340820175,18.156778093991914,2790,60.0
2362,17.521138,78.256707,0.36499224473490494,10.91348493026128,20.795496184171622,1928,60.0
2363,17.521138,78.261207,0.1076529642293676,10.450150311396042,21.289831692569752,1971,60.0
2364,17.521138,78.265707,0.10719722655600022,9.988120728586871,25.77364573201055,2017,60.0
2365,17.521138,78.274707,0.559810699458931,9.068774000761262,27.13375051267339,2121,60.0
2366,17.521138,78.279207,0.7021664866264843,8.611959934686162,27.606937378771093,2180,60.0
2367,17.521138,78.283707,0.46189474394607843,8.157479508174792,23.454067187079822,2243,60.0
2368,17.521138,78.351207,0.286588949043511,2.621995566350285,19.302139614483053,3591,60.0
2369,17.521138,78.400707,0.18540897581008597,5.31442041555228,21.08227835869232,4009,60.0
2370,17.521138,78.405207,0.21477074399805957,5.73743708690741,17.757173822135073,3990,60.0
2371,17.521138,78.409707,0.4522468937988854,6.1683652852387105,21.227323613859532,3964,60.0
2372,17.521138,78.414207,0.496429481652763,6.605656836996263,22.09319164991832,3933,60.0
2373,17.521138,78.418707,0.7149369105575634,7.048127424438508,27.194263565229136,3898,60.0
2374,17.521138,78.423207,0.6404759741908868,7.494859846434691,23.23601215651489,3860,60.0
2375,17.521138,78.427707,0.2539771449819865,7.945135242664001,17.12833381543628,3820,60.0
2376,17.521138,78.432207,0.37354134344829787,8.383913821401206,24.097920853521984,3778,60.0
2377,17.521138,78.436707,0.7990031527866828,8.080976931897965,24.581177881566497,3736,60.0
2378,17.521138,78.441207,1.2585825214785595,7.795503644934776,29.12108202542508,3694,60.0
2379,17.521138,78.445707,1.3809276911648516,7.529480571739775,29.847641353123148,3653,60.0
2380,17.521138,78.450207,1.3658007020119052,7.285038776984108,29.577962543424658,3611,60.0
2381,17.521138,78.454707,0.931782355833493,7.06441887108177,29.234641691514927,3571,60.0
2382,17.521138,78.459207,0.561118769243163,6.869916279966994,22.43027979024541,3530,60.0
2383,17.521138,78.463707,0.29484735295994413,6.703804673964321,22.861579987148964,3490,60.0
2384,17.521138,78.468207,0.14357475151852217,6.568238441627333,24.28456248205773,3450,60.0
2385,17.521138,78.472707,0.09468729157721294,6.465139368411728,21.257102517639588,3411,60.0
2386,17.521138,78.477207,0.12463980010155207,6.39607767214783,19.247535798666522,3371,60.0
2387,17.521138,78.481707,0.5565119716489781,6.362161883515535,26.13816424139973,3331,60.0
2388,17.521138,78.486207,0.7232155274555185,6.363953942711638,27.74489500723045,3290,60.0
2389,17.521138,78.490707,0.24643633876840038,6.401423860894427,22.208007403851237,3249,60.0
2390,17.521138,78.495207,0.21679151094151763,6.473952179110466,17.831928557041675,3206,60.0
2391,17.521138,78.499707,0.6932618836481114,6.580379768385847,25.64323894948589,3163,60.0
2392,17.521138,78.504207,1.1702174986354321,6.719095972105488,23.38979712485174,3119,60.0
2393,17.521138,78.508707,1.6472928487610015,6.88815034497206,29.816236163102843,3073,60.0
2394,17.521138,78.513207,2.109486172124513,7.085371646752924,29.845620522760544,3027,60.0
2395,17.521138,78.540207,0.5344942914686538,7.787278616060896,18.750934516261395,2732,60.0
2396,17.521138,78.544707,0.4978069276456012,7.823316717429031,20.00716156500441,2681,60.0
2397,17.525638,78.252207,0.7414727510114522,11.500534625573023,22.385909798665658,1864,60.0
2398,17.525638,78.256707,0.3053965186362935,11.041223463878284,19.41950244193044,1900,60.0
2399,17.525638,78.261207,0.007968515997109803,10.583494183908153,20.708963156610665,1939,60.0
2400,17.525638,78.265707,0.24249340467384903,10.127561274267386,20.671454381104205,1982,60.0
2401,17.525638,78.270207,0.5482853387996817,9.673678734293205,25.98010348502867,2027,60.0
2402,17.525638,78.274707,0.9215207589032337,9.222149305696817,27.419269070254103,2077,60.0
2403,17.525638,78.279207,0.5153967257237184,8.773336312693306,23.579947972553274,2130,60.0
2404,17.525638,78.283707,0.04324557673934605,8.327678966912572,20.904325191470367,2187,60.0
2405,17.525638,78.396207,0.7959966750891815,5.179786616559126,18.492059090729683,3757,60.0
2406,17.525638,78.400707,0.4766039564405326,5.572232835877447,20.820346790043974,3750,60.0
2407,17.525638,78.405207,0.4975366728981119,5.977021237066748,20.108169763828393,3735,60.0
2408,17.525638,78.409707,0.5787145118894443,6.391807386317628,17.08293867620593,3716,60.0
2409,17.525638,78.414207,0.6387092407284968,6.81476596521901,21.691939072122494,3691,60.0
2410,17.525638,78.418707,0.32862084653574636,7.244465705348046,19.711379627717463,3663,60.0
2411,17.525638,78.423207,0.43491906217597076,7.679775142946201,25.928009538834385,3631,60.0
2412,17.525638,78.427707,0.2354885888673312,8.119792104961391,18.794530935502426,3598,60.0
2413,17.525638,78.432207,0.35382717810631,8.56379098862515,20.621999651354333,3563,60.0
2414,17.525638,78.436707,0.7845414644749215,8.480287920753662,28.85886023822806,3527,60.0
2415,17.525638,78.441207,1.031134310446251,8.208720021686617,31.31952094789022,3491,60.0
2416,17.525638,78.445707,0.8813324452237921,7.956531027028652,26.626563855339313,3455,60.0
2417,17.525638,78.450207,0.9724102739773272,7.725618938960348,27.716773988034383,3418,60.0
2418,17.525638,78.454707,0.8068209045619199,7.517944560472456,29.436158014653493,3382,60.0
2419,17.525638,78.459207,0.3303607203033736,7.335481801406108,20.798344701238275,3346,60.0
2420,17.525638,78.463707,0.07844750509348107,7.180152959708968,20.214158764010072,3310,60.0
2421,17.525638,78.468207,0.23658910047904438,7.053750790448526,24.207418999334458,3275,60.0
2422,17.525638,78.472707,0.21994527611523365,6.957851990850614,27.54406778897699,3239,60.0
2423,17.525638,78.486207,0.8646163510390522,6.863936131302499,26.205876779479777,3129,60.0
2424,17.525638,78.490707,0.5313964708352884,6.898690095077806,24.725697531067368,3092,60.0
2425,17.525638,78.495207,0.5141469149541706,6.9660412908868565,26.09055970711598,3053,60.0
2426,17.525638,78.499707,0.8364078961778696,7.065057531919515,29.349121135446378,3014,60.0
2427,17.525638,78.504207,1.2604873731848196,7.194431528350134,25.90115872089049,2974,60.0
2428,17.525638,78.508707,1.7127273637562432,7.352560950150628,29.12606632326795,2933,60.0
2429,17.525638,78.513207,1.8548170802267903,7.537636264554144,33.08391372644053,2891,60.0
2430,17.525638,78.535707,0.8901224098485508,8.28071832090633,18.860968988862027,2671,60.0
2431,17.525638,78.540207,0.5616730053700949,8.287178396864409,21.943320600279552,2626,60.0
2432,17.525638,78.544707,0.23586878941944364,8.321050899137887,15.962698077657222,2580,60.0
2433,17.530138,78.243207,0.17616948975182586,12.555489448829507,17.661442289473932,1782,60.0
2434,17.530138,78.247707,0.6182910114731635,12.098598438503599,20.22730256693489,1810,60.0
2435,17.530138,78.252207,0.8453988605424211,11.64333527845718,20.859326073555287,1840,60.0
2436,17.530138,78.256707,0.41292982472686135,11.189898658918128,18.98871621703348,1873,60.0
2437,17.530138,78.261207,0.09099494262242909,10.738519961003975,20.39972560967409,1909,60.0
2438,17.530138,78.265707,0.3444870228349289,10.289470019398877,24.205102989230948,1948,60.0
2439,17.530138,78.270207,0.5876687749448254,9.843067559653024,24.255064153112972,1989,60.0
2440,17.530138,78.274707,0.7320873781855629,9.399689785793791,26.330754418381183,2034,60.0
2441,17.530138,78.279207,0.521361684402495,8.959785741898969,26.81990378822555,2082,60.0
2442,17.530138,78.283707,0.15515146373707367,8.523893265585855,22.2060611907861,2134,60.0
2443,17.530138,78.288207,0.3577476232732673,8.092660604556956,27.409270522353026,2188,60.0
2444,17.530138,78.396207,1.0498829213518972,5.489787150945616,23.89060309931008,3521,60.0
2445,17.530138,78.400707,0.7281581535822534,5.861505586129417,26.027389241159785,3517,60.0
2446,17.530138,78.405207,0.42820893897751144,6.247570401864134,18.881472722795024,3506,60.0
2447,17.530138,78.409707,0.07925852628857055,6.645481738001049,17.331910795599654,3491,60.0
2448,17.530138,78.414207,0.2181350132095349,7.053234899318136,21.399336432411307,3472,60.0
2449,17.530138,78.418707,0.0034036095284897478,7.469218230019679,21.03806542608156,3449,60.0
2450,17.530138,78.423207,0.3367175620803871,7.8921304344810315,21.176459381539484,3423,60.0
2451,17.530138,78.427707,0.5062370957365069,8.320915095282704,23.297005161489686,3395,60.0
2452,17.530138,78.432207,0.559114299923009,8.754709398257567,26.307992769720553,3366,60.0
2453,17.530138,78.436707,0.8833857795664907,8.889833113500979,26.260870477343524,3336,60.0
2454,17.530138,78.441207,0.6586129926124994,8.631167143053997,26.40649235858386,3304,60.0
2455,17.530138,78.445707,0.38378000740306684,8.391689272449966,26.31205373140808,3273,60.0
2456,17.530138,78.450207,0.5622435127147037,8.17308635523934,29.626068978567965,3241,60.0
2457,17.530138,78.454707,0.6877871603091941,7.977074741276864,27.47112329964815,3209,60.0
2458,17.530138,78.490707,0.9360125485010241,7.396375952524665,23.739665102258442,2948,60.0
2459,17.530138,78.504207,1.5187409657443072,7.672952101687547,24.591262843572622,2841,60.0
2460,17.530138,78.508707,1.4670005367645556,7.821409366084667,24.771128800803957,2805,60.0
2461,17.530138,78.513207,1.3552804957694586,7.995635317156008,23.218097214602977,2767,60.0
2462,17.530138,78.517707,1.405016025449432,8.193986387131538,25.13232931239381,2728,60.0
2463,17.530138,78.535707,0.40535944131289625,8.781040412300229,15.402482403189115,2569,60.0
2464,17.530138,78.540207,0.5556566965998596,8.787132521053863,17.213532406989838,2528,60.0
2465,17.530138,78.544707,0.14149850226707306,8.819084209393704,14.675288151568035,2487,60.0
2466,17.534638,78.243207,0.41193285693768794,12.706119856929632,17.16481305468149,1764,60.0
2467,17.534638,78.247707,0.5183697335847768,12.25485740461653,22.071053904247666,1789,60.0
2468,17.534638,78.252207,0.527850654562322,11.805632988444327,21.66746641766658,1817,60.0
2469,17.534638,78.256707,0.4190582117822708,11.358688417934578,20.674951607497018,1847,60.0
2470,17.534638,78.261207,0.5001065158596257,10.914303778389032,21.21928434968104,1880,60.0
2471,17.534638,78.265707,0.041648408686883936,10.47280494600313,19.56424356415165,1915,60.0
2472,17.534638,78.270207,0.12618610584231274,10.034572835516578,22.627705893766326,1953,60.0
2473,17.534638,78.274707,0.37092998208309413,9.600054824565124,25.60402931270898,1994,60.0
2474,17.534638,78.279207,0.8240318124369324,9.169778916199455,26.262667617204453,2037,60.0
2475,17.534638,78.283707,0.6536537518844661,8.744371344339985,27.95093783895456,2083,60.0
2476,17.534638,78.396207,0.9325040887184739,5.826327409667761,16.55673396034775,3309,60.0
2477,17.534638,78.400707,0.5979510339874302,6.1778209127671095,19.64892392372496,3307,60.0
2478,17.534638,78.405207,0.12381788321634027,6.5452458700894685,18.658791925644053,3300,60.0
2479,17.534638,78.409707,0.07678552964845277,6.926067274514286,17.162555343186153,3289,60.0
2480,17.534638,78.414207,0.06029900785808009,7.318194066906696,22.21569333843309,3274,60.0
2481,17.534638,78.418707,0.23944420803054328,7.7199036928061755,18.91138867211122,3255,60.0
2482,17.534638,78.423207,0.6021133349919462,8.129775751128589,24.325764231140194,3234,60.0
2483,17.534638,78.427707,0.14420489276273082,8.546635982042845,22.10379684671455,3211,60.0
2484,17.534638,78.432207,0.24287807985948656,8.96951010702872,23.556567184432428,3186,60.0
2485,17.534638,78.436707,0.7194712724065864,9.308261753674294,27.303438805946904,3161,60.0
2486,17.534638,78.441207,0.3809038345395877,9.061554096780222,26.526356730641734,3134,60.0
2487,17.534638,78.508707,1.0243418352632239,8.293943031726483,25.98335457083457,2687,60.0
2488,17.534638,78.513207,0.8567255497570996,8.458437348428895,25.08433135926739,2653,60.0
2489,17.534638,78.517707,0.9320113700155471,8.646173233759184,21.91403956998689,2619,60.0
2490,17.534638,78.535707,0.14628626873607264,9.281368442150592,16.79020430301403,2475,60.0
2491,17.534638,78.540207,0.3377382691007111,9.287132212231688,14.827330265555156,2439,60.0
2492,17.534638,78.544707,0.11594064783051128,9.317368681135232,16.541839205114314,2402,60.0
2493,17.539138,78.243207,0.0712092997425041,12.874447652835022,13.79526355026232,1746,60.0
2494,17.539138,78.247707,0.025737643822213017,12.429309309574416,18.083650088398052,1770,60.0
2495,17.539138,78.252207,0.05321438942362623,11.986635817770035,21.481782325566893,1795,60.0
2496,17.539138,78.256707,0.043563668141899936,11.546710670831416,17.857038236038782,1823,60.0
2497,17.539138,78.261207,0.2402498896132616,11.109860358395693,16.064647062157952,1852,60.0
2498,17.539138,78.265707,0.2090691045658649,10.676462327700294,20.366960699505636,1884,60.0
2499,17.539138,78.270207,0.19845072913803635,10.246954634256088,25.056860432365486,1919,60.0
2500,17.539138,78.274707,0.43526514863321325,9.82184766289264,26.268548707645625,1955,60.0
2501,17.539138,78.279207,0.8642054354076445,9.401738379116294,29.299839350487954,1995,60.0
2502,17.539138,78.396207,0.4646620749715953,6.18507669790482,19.06334383413186,3120,60.0
2503,17.539138,78.400707,0.4718988674648875,6.517242458219966,18.76564706891061,3119,60.0
2504,17.539138,78.405207,0.1774262240286641,6.866520631977723,19.335349819543538,3115,60.0
2505,17.539138,78.409707,0.20378009580077944,7.23043171233688,19.90143612832491,3106,60.0
2506,17.539138,78.414207,0.5502899423222478,7.606875884918852,24.291725687263128,3094,60.0
2507,17.539138,78.418707,0.6854009802279948,7.994082782383582,23.949611307675447,3080,60.0
2508,17.539138,78.423207,0.7800568032066221,8.390562505133353,26.811948608689782,3063,60.0
2509,17.539138,78.427707,0.4690187736093367,8.795061090619914,23.7120479852955,3044,60.0
2510,17.539138,78.432207,0.525947951070449,9.2065216468173,24.607193280547595,3023,60.0
2511,17.539138,78.436707,0.779804524061845,9.734428359484834,31.803255847340544,3001,60.0
2512,17.539138,78.441207,0.3530653749366023,9.498801692164545,27.198252580970543,2978,60.0
2513,17.539138,78.508707,0.6678822324363202,8.769566246436176,23.47193163257698,2580,60.0
2514,17.539138,78.513207,0.36321720399777335,8.925295245187444,19.181891487657833,2549,60.0
2515,17.539138,78.549207,0.5369464022704652,9.867585603346392,15.825291989677611,2291,60.0
2516,17.543638,78.252207,0.43612140899495727,12.185510260820873,19.049955284119164,1774,60.0
2517,17.543638,78.256707,0.46669844781523007,11.753042423873401,23.293284156510232,1799,60.0
2518,17.543638,78.261207,0.5566453933569881,11.32416538210049,23.358170634743168,1826,60.0
2519,17.543638,78.265707,0.5356609967241365,10.899303026956987,20.020841730662355,1855,60.0
2520,17.543638,78.270207,0.6790217690610938,10.478943689109919,25.18804156279865,1886,60.0
2521,17.543638,78.274707,0.8332547414121829,10.063651658537974,31.373190090032566,1919,60.0
2522,17.543638,78.279207,1.0061901926899484,9.654080902543248,29.592527156285385,1955,60.0
2523,17.543638,78.400707,0.2496463663072049,6.876349454705672,12.352507435775866,2951,60.0
2524,17.543638,78.405207,0.5622086083623732,7.2082398818715605,22.573018464443955,2948,60.0
2525,17.543638,78.409707,0.6077394186387446,7.55570195925635,21.5311693407234,2942,60.0
2526,17.543638,78.414207,0.8939555959316052,7.916685640336587,22.962384017686837,2933,60.0
2527,17.543638,78.418707,0.5592070193684266,8.289424617176602,21.64288043955841,2921,60.0
2528,17.543638,78.423207,0.3504110371636045,8.672403297909582,24.620769440292094,2907,60.0
2529,17.543638,78.427707,0.5823707991965427,9.064323855504156,24.075557194958858,2892,60.0
2530,17.543638,78.432207,0.42126298970089915,9.464075468190886,27.747279659020233,2874,60.0
2531,17.543638,78.436707,0.433099715424062,9.870706737000281,27.769611532421788,2856,60.0
2532,17.543638,78.441207,0.7778028097219044,9.942004781024322,30.274187711803393,2836,60.0
2533,17.543638,78.508707,0.5780729648832205,9.2478023272125,21.397150069069276,2482,60.0
2534,17.543638,78.513207,0.15136444139752944,9.395604431560194,16.984812392932753,2455,60.0
2535,17.548138,78.252207,0.27683782836283044,12.40139655538902,19.949576604446964,1754,60.0
2536,17.548138,78.256707,0.2345278181724167,11.976737422192604,17.155736412730704,1777,60.0
2537,17.548138,78.261207,0.27455733126027565,11.55617584762755,17.24618653166661,1801,60.0
2538,17.548138,78.265707,0.054826759363532436,11.14017591211728,21.80136685099614,1828,60.0
2539,17.548138,78.270207,0.3628658566659887,10.729268226696075,25.076162133096908,1856,60.0
2540,17.548138,78.274707,0.4539156473638021,10.32406083906084,26.660551532846476,1885,60.0
2541,17.548138,78.279207,0.654656919767311,9.925251933451461,28.963877676764938,1917,60.0
2542,17.548138,78.414207,0.9141597738276958,8.245242070367798,22.447714363219056,2787,60.0
2543,17.548138,78.418707,0.4395205917947067,8.603750105794438,23.18475121848763,2778,60.0
2544,17.548138,78.423207,0.09256194444454899,8.973314504171155,20.838939422443353,2767,60.0
2545,17.548138,78.427707,0.4428790567575092,9.352624696774994,23.447645958610362,2754,60.0
2546,17.548138,78.432207,0.09491831862818212,9.740542205800523,23.04322195867941,2740,60.0
2547,17.548138,78.436707,0.18287013566413804,10.1360788483196,29.468802663682517,2724,60.0
2548,17.548138,78.441207,0.656900333668726,10.390401295686406,25.89463667732078,2707,60.0
2549,17.552638,78.279207,0.16079139996500275,10.213751913877637,26.285928998238965,1882,60.0
2550,17.552638,78.418707,0.2427191132821027,8.935056000323137,17.046140515139424,2649,60.0
2551,17.552638,78.423207,0.09176441289660307,9.291443474513075,20.717781441654182,2640,60.0
2552,17.552638,78.427707,0.32886245475392584,9.658258894413812,22.91279923868613,2629,60.0
2553,17.552638,78.432207,0.3245254993381429,10.034358714906375,20.94880872273128,2617,60.0
2554,17.552638,78.436707,0.3412952497725663,10.41873752810622,27.259905521891717,2604,60.0
2555,17.552638,78.441207,0.7484155257624188,10.843346976166307,29.28354636120205,2590,60.0
2556,17.557138,78.418707,0.1946188993256779,9.281524121700865,15.926723194947105,2532,60.0
2557,17.557138,78.423207,0.15145014811704868,9.625083111823301,22.968079232134432,2525,60.0
