cell_id,lat,lon,dist_to_drain_km,dist_to_incident_km,elevation_proxy,actual_flooded
0,17.296138,78.423207,0.1280848835167178,6.852318961936862,21.132010945179864,0
1,17.296138,78.427707,0.1595375838293857,6.473745949596614,17.71902209491088,0
2,17.300638,78.414207,0.2258167547609729,7.389075439530344,24.74078511786445,0
3,17.300638,78.418707,0.3905754429493364,6.974302274398596,25.03275454375505,0
4,17.300638,78.423207,0.0559692767472327,6.568084794262263,16.1389938271672,0
5,17.300638,78.427707,0.2631227200697574,6.172112507393341,17.586226131551854,0
6,17.300638,78.432207,0.637783672211998,5.788488320392152,21.645686739012586,0
7,17.305138,78.396207,0.5820164905636389,8.926239118456474,28.83329026602399,0
8,17.305138,78.400707,0.4547307180723877,8.479082178168074,27.93260331741171,0
9,17.305138,78.405207,0.2323088952283842,8.035440402847799,24.02048395600109,0
10,17.305138,78.409707,0.0927206037808917,7.595929729447589,25.602733667632023,0
11,17.305138,78.414207,0.1442183226375301,7.161310812191091,24.55717215071136,0
12,17.305138,78.418707,0.4027975205111689,6.732531080771851,23.46476037259864,0
13,17.305138,78.423207,0.5497268497986694,6.31078086073273,25.21879730628916,0
14,17.305138,78.427707,0.6780906055063907,5.897568440275865,23.4303499565269,0
15,17.305138,78.432207,0.9549238506659328,5.494820293961413,21.249414267062157,0
16,17.305138,78.436707,0.8006201297992253,5.105013686592968,21.68057958926069,0
17,17.305138,78.441207,0.4678583815796635,4.731348385194989,16.054390944442545,0
18,17.305138,78.445707,0.3596526780822515,4.377959395690794,18.26170244355312,0
19,17.305138,78.450207,0.3018704249597604,4.050157716278866,15.422803316378088,0
20,17.305138,78.454707,0.634376755530246,3.7546510773786896,16.715715264874067,1
21,17.305138,78.459207,0.744557689823322,3.4996299847195496,16.169580661865194,0
22,17.305138,78.571707,0.9340159079261032,5.463673352352726,30.07378312337456,0
23,17.305138,78.576207,1.078874750508788,5.671880724019378,26.963971318754368,1
24,17.305138,78.580707,0.8676317877483063,5.911435529984684,23.89825060309403,0
25,17.305138,78.585207,0.3986406596478278,6.178692720362733,20.000595375260097,0
26,17.305138,78.589707,0.0414506156617236,6.470220403374771,18.44475436299626,0
27,17.305138,78.594207,0.2312470309975864,6.782889873046585,18.16090731431121,0
28,17.305138,78.598707,0.0142016573213264,7.113914015175591,15.9921928444216,0
29,17.305138,78.603207,0.1371297825734323,7.460850140700483,15.963848079307889,0
30,17.309638,78.387207,1.1970171347592788,9.684951254767224,38.898506922982506,0
31,17.309638,78.391707,0.7492193925382848,9.225119366021474,30.754981675122096,0
32,17.309638,78.396207,0.3253648844702926,8.767196857817703,27.41105482597028,0
33,17.309638,78.400707,0.0725836293566961,8.311499328697726,24.492668901264487,0
34,17.309638,78.405207,0.5388124561029983,7.858413857971235,29.16721984195538,0
35,17.309638,78.409707,0.2502448473622787,7.408419707632211,27.32752721427375,0
36,17.309638,78.414207,0.1344487851396516,6.962116323252391,22.89734354746656,0
37,17.309638,78.418707,0.5351086879512269,6.520261633469133,22.52439885810116,0
38,17.309638,78.423207,0.6749004292233705,6.083825012180544,22.03789309335681,0
39,17.309638,78.427707,0.5190998605449568,5.654061259958927,22.708345796458342,0
40,17.309638,78.432207,0.7304918510269882,5.232614798475379,22.87230043044474,0
41,17.309638,78.436707,1.154018470256282,4.821667084622691,23.82038630808323,0
42,17.309638,78.441207,0.7368839749538216,4.42414469369337,17.842768275506742,0
43,17.309638,78.445707,0.3076575366103274,4.044008657094835,16.174829562936054,0
44,17.309638,78.450207,0.221351367455949,3.686641116306834,14.736371429133996,0
45,17.309638,78.454707,0.1680259434171978,3.359316355692004,14.151291464987752,0
46,17.309638,78.459207,0.3529735826392509,3.0716537876904546,16.333020677183114,0
47,17.309638,78.472707,0.0411774892782957,2.573598760803896,13.916584151349802,0
48,17.309638,78.567207,0.4931986583312417,4.8197177092184935,27.772686777757468,0
49,17.309638,78.571707,0.4363511450457685,5.009171887697613,24.950609438491927,0
50,17.309638,78.576207,0.6942479355121017,5.235479983742154,25.611745624010396,0
51,17.309638,78.580707,1.0362606716973284,5.494089712981814,26.990786509573663,0
52,17.309638,78.585207,0.6798091033857312,5.78066746503803,19.33362812870044,0
53,17.309638,78.589707,0.5297442699037561,6.09126705699105,19.42580910083568,0
54,17.309638,78.594207,0.2622233072500149,6.422404209247435,16.337480532712604,0
55,17.309638,78.598707,0.1837574372365201,6.771066440467775,14.486661371057446,0
56,17.309638,78.603207,0.2153532376984921,7.134684933466586,14.533182671649836,0
57,17.309638,78.607707,0.0577380048451418,7.5110878639560115,16.45775148955025,0
58,17.309638,78.612207,0.1105804535086317,7.898447704382393,11.60561864776819,0
59,17.314138,78.378207,1.4077115037706291,10.499722122692765,38.15672642803965,0
60,17.314138,78.382707,1.0144188567680936,10.031760196776368,30.62404327087005,0
61,17.314138,78.387207,0.7260352341077543,9.564759085715409,31.46370468978153,0
62,17.314138,78.391707,0.5961652904245222,9.098866733020502,31.30245117773516,0
63,17.314138,78.396207,0.1224929670481083,8.6342626218345,28.69093389195771,0
64,17.314138,78.400707,0.246690473930098,8.171166499648196,28.85051191666045,1
65,17.314138,78.405207,0.7229448844929783,7.709850105931338,30.844471463855403,0
66,17.314138,78.409707,0.4923852528891302,7.250653149871994,25.990179289744603,0
67,17.314138,78.414207,0.481227690227428,6.794005394474537,24.388557440977635,0
68,17.314138,78.418707,0.8186911366874584,6.340457653882305,27.668183429573936,0
69,17.314138,78.423207,0.4318933558460461,5.890726015063832,21.82941843360665,0
70,17.314138,78.427707,0.0399315363362638,5.445756005809852,15.901722863635587,0
71,17.314138,78.432207,0.5108504781195079,5.00681732582664,17.662600359348353,0
72,17.314138,78.436707,0.653644487085581,4.575646048946131,17.69892993044994,0
73,17.314138,78.441207,0.8114223061251338,4.154661185965222,20.37237811530723,1
74,17.314138,78.445707,0.7376448986200047,3.7472974462961393,18.2912105378987,0
75,17.314138,78.450207,0.3424936753023288,3.358514926203773,16.294820479523345,0
76,17.314138,78.454707,0.04191990047105,2.995557151389437,11.765047882939207,0
77,17.314138,78.459207,0.3041636864446744,2.668980810231964,14.265850108813948,0
78,17.314138,78.468207,0.3507182841823712,2.18922765988765,15.75396032466415,0
79,17.314138,78.472707,0.1477248764251034,2.076506925433826,13.17617673071139,0
80,17.314138,78.477207,0.4633810916688506,2.070603790908335,17.341552537807,0
81,17.314138,78.481707,0.8829212803674787,2.172389212245508,18.565845193175328,0
82,17.314138,78.486207,1.341681761869909,2.3680172091451954,23.03534729688405,0
83,17.314138,78.499707,1.553201210689085,3.3181820373994078,28.29041098613053,0
84,17.314138,78.504207,1.6609476793239637,3.7045898248494056,28.72709535283865,0
85,17.314138,78.553707,0.3947005372045147,4.015245126859425,30.056535250320565,0
86,17.314138,78.558207,0.4140174933318988,4.076191258931134,27.40487189435344,0
87,17.314138,78.562707,0.676621126237036,4.191036770210732,28.90013308060949,0
88,17.314138,78.567207,0.2001675767016157,4.35552012024496,25.778164586827067,0
89,17.314138,78.571707,0.075477743240081,4.564278048544561,23.64501072821126,0
90,17.314138,78.576207,0.5484015752517202,4.81155120184018,25.529388346572134,0
91,17.314138,78.580707,1.0240695096097845,5.091731346714431,25.435434929357957,0
92,17.314138,78.585207,1.1232132137846391,5.399698465696491,23.976996082117036,0
93,17.314138,78.589707,0.7518372885484467,5.730974716937005,21.09412615745113,0
94,17.314138,78.594207,0.3840875394433636,6.081752310169598,14.435877727402207,0
95,17.314138,78.598707,0.2997835162872396,6.448849772358339,13.31919222128366,0
96,17.314138,78.603207,0.0542665826297469,6.82963599880629,11.184086175355812,0
97,17.314138,78.607707,0.4723455620495323,7.221946041668832,13.642541887285766,0
98,17.314138,78.612207,0.2636955188211539,7.624001156947672,14.716315110860158,0
99,17.314138,78.616707,0.2297074971403986,8.034338486150979,11.681201114101162,0
100,17.314138,78.621207,0.361547166449078,8.451751796636263,13.561012878499143,0
101,17.318638,78.378207,1.0592611321024905,10.41301085082536,36.82073465930957,0
102,17.318638,78.382707,0.7625510191582565,9.940979746008924,31.86040292372125,0
103,17.318638,78.387207,0.3291931444067003,9.46951457013042,31.32030406915927,0
104,17.318638,78.391707,0.2098293974026587,8.99870427531224,26.880040443793185,0
105,17.318638,78.396207,0.534115070490814,8.528657317368229,29.65833354838865,0
106,17.318638,78.400707,0.5728114992974559,8.059507255795161,27.555751417794266,0
107,17.318638,78.405207,0.889629783652031,7.591420377376084,29.63856012032295,0
108,17.318638,78.409707,0.9592687104097936,7.124606238989522,31.21411756415841,0
109,17.318638,78.414207,0.9552687967998926,6.659332500615728,24.731828946311005,0
110,17.318638,78.418707,0.6233671931185102,6.195946193190435,25.6615525947267,0
111,17.318638,78.423207,0.3224613825704999,5.7349048544274845,22.02637768991367,0
112,17.318638,78.427707,0.3032486362060583,5.2768231672164125,18.823369715238805,0
113,17.318638,78.432207,0.3592312265897693,4.822544595734685,16.08990454111593,0
114,17.318638,78.436707,0.1532913096583012,4.373254464492735,16.627634632532327,0
115,17.318638,78.441207,0.4899153411469243,3.930663740435728,16.324480042365096,0
116,17.318638,78.445707,0.9415234957966536,3.497316809697518,19.6183422103758,0
117,17.318638,78.450207,0.6491274752027998,3.077121527336593,16.71210098296855,0
118,17.318638,78.454707,0.4467668686647694,2.6762797913744856,18.161076711170825,0
119,17.318638,78.459207,0.560548005918579,2.3049110073503822,14.914333352928942,0
120,17.318638,78.463707,0.9119811360230252,1.979671837774433,15.46502666182226,0
121,17.318638,78.468207,0.7548447798918647,1.7268268653488887,17.19533709282983,0
122,17.318638,78.472707,0.6464398006527682,1.5814885599219668,17.142489398041945,0
123,17.318638,78.477207,0.8130588000786023,1.5737298727402256,21.16860519425205,0
124,17.318638,78.481707,1.148680020617068,1.7054295542410811,23.089909328052748,0
125,17.318638,78.486207,1.5341418304203929,1.9485119505147996,25.578756616834266,0
126,17.318638,78.490707,1.957172325839509,2.2674329719605097,31.60259151995575,0
127,17.318638,78.495207,1.983584100634524,2.634796073103159,27.828822890576276,0
128,17.318638,78.499707,2.038545657924781,3.0330501172652,30.68328279984205,0
129,17.318638,78.504207,1.7680905623036391,3.4515185472620447,29.92224648305584,0
130,17.318638,78.508707,1.3154146080099915,3.883672508093987,29.677361972602785,0
131,17.318638,78.549207,0.7129752284035542,3.5109921653030955,28.96449870615303,0
132,17.318638,78.553707,0.2711743029982444,3.5162330061464693,29.69189609485388,0
133,17.318638,78.558207,0.2984091379838722,3.5856692849551903,27.275536947245698,0
134,17.318638,78.562707,0.7453213138674392,3.7157038347026745,26.4032234017792,0
135,17.318638,78.567207,0.4126983938073659,3.900280355493417,24.103864501248964,0
136,17.318638,78.571707,0.3140945690766605,4.132096297641223,24.83812516603933,0
137,17.318638,78.576207,0.6716751654941331,4.403697749708915,26.62535567262828,0
138,17.318638,78.580707,1.122508567997215,4.70820443732264,30.210389264260968,0
139,17.318638,78.585207,1.1460846857060036,5.0396552729274005,30.76567558685157,0
140,17.318638,78.589707,0.7181744071410022,5.393084702468658,21.841514177422496,0
141,17.318638,78.594207,0.4165035564329034,5.764451494787178,15.972314017117954,0
142,17.318638,78.598707,0.133530186575579,6.150507340940047,10.885123376807332,0
143,17.318638,78.603207,0.1569595685181061,6.5486549115869215,14.903510826483744,0
144,17.318638,78.607707,0.632245492327969,6.956818441883102,14.884629374107291,0
145,17.318638,78.612207,0.7462591917138273,7.373334767573898,15.88991888399168,0
146,17.318638,78.616707,0.7297485665279749,7.796865359359766,15.174062119915142,0
147,17.323138,78.378207,0.5611453452904374,10.349791277774267,30.790618136835093,0
148,17.323138,78.382707,0.6416658091366262,9.87475053879553,33.81551097980947,0
149,17.323138,78.387207,0.369804707195345,9.399976078992424,30.24158620324725,0
150,17.323138,78.391707,0.2526966939803349,8.925510391294894,28.53358949179193,0
151,17.323138,78.396207,0.5954022024855218,8.45140547995428,28.224800233536968,0
152,17.323138,78.400707,0.978985910749078,7.977725666796908,28.41999947298498,0
153,17.323138,78.405207,1.2487759017294566,7.504551447854186,31.39674746434524,0
154,17.323138,78.409707,1.4486905481669785,7.031984886725401,32.284964852569985,0
155,17.323138,78.414207,1.0138365343031823,6.560157304464783,32.02337532373848,0
156,17.323138,78.418707,0.5424593580853903,6.089240484132684,24.546215546252725,1
157,17.323138,78.423207,0.0962228732105257,5.619463399043876,22.16682927133205,0
158,17.323138,78.427707,0.1000687415099167,5.151137886054253,17.831086039871142,0
159,17.323138,78.432207,0.3372442380874775,4.684699303069655,16.545311545600036,0
160,17.323138,78.436707,0.133598325109149,4.220773271906891,14.525995150218751,0
161,17.323138,78.441207,0.4822804105645636,3.760289866668226,16.001184115903435,1
162,17.323138,78.445707,0.9447109879575318,3.3046885129744914,23.56232097289858,0
163,17.323138,78.450207,1.06708693467668,2.856306334033546,17.68162705946266,0
164,17.323138,78.454707,0.9469401116561054,2.419160805126192,19.793973717692523,0
165,17.323138,78.459207,1.010411390970948,2.0006312880414456,16.44987792912694,0
166,17.323138,78.463707,0.8760216354102367,1.6152540121471743,19.322705129109565,0
167,17.323138,78.468207,0.5039862181136859,1.2930193041926876,16.259341466369083,0
168,17.323138,78.472707,0.4437773362667498,1.09136874748244,15.32046205754694,0
169,17.323138,78.477207,0.6985744405100638,1.0800953614910809,17.813670016815447,0
170,17.323138,78.481707,1.0446574015175287,1.2643020453317149,19.59824038445849,0
171,17.323138,78.486207,1.35942077885555,1.5769105106158026,24.797863152297744,0
172,17.323138,78.490707,1.6097749294962096,1.9573367823179748,25.74455405529577,0
173,17.323138,78.495207,1.9048065269864645,2.373187987467387,27.31724768405197,0
174,17.323138,78.499707,2.1239131454537765,2.808773502945588,29.9246236015542,0
175,17.323138,78.504207,1.687683788569864,3.256183253309946,31.6141958474342,0
176,17.323138,78.508707,1.2113295968433022,3.711143164477864,32.93804413214957,0
177,17.323138,78.540207,1.128417259452459,3.2194311691138786,34.92309157941315,0
178,17.323138,78.544707,1.346784262200207,3.0804195958228453,35.52757355010094,0
179,17.323138,78.549207,0.9603593678034048,3.011564815194768,33.621198146136294,0
180,17.323138,78.553707,0.6963549235238673,3.017672994586803,33.44529310341467,0
181,17.323138,78.558207,0.7076414519940893,3.098300806043074,30.492498590744667,0
182,17.323138,78.562707,0.984550682410945,3.2479032287397094,29.858391361423408,0
183,17.323138,78.567207,0.8386688741696305,3.4575385460360506,30.828363020594107,0
184,17.323138,78.571707,0.7969505032395032,3.7170633739777608,27.918017824340534,0
185,17.323138,78.576207,0.9937875030544508,4.01681930994574,29.93443445477909,0
186,17.323138,78.580707,1.340325239636865,4.348494512337172,27.90092555601541,0
187,17.323138,78.585207,1.0204409261310567,4.705343939591677,21.774919010773488,0
188,17.323138,78.589707,0.5500394499371551,5.082067351489789,17.335190912340195,0
189,17.323138,78.594207,0.0794551092555609,5.474563493783318,19.32424884818161,0
190,17.323138,78.598707,0.0835874946065678,5.879674500749662,18.41283975006867,0
191,17.323138,78.603207,0.1605855110379068,6.294965363242311,14.165662164954638,0
192,17.323138,78.607707,0.5951423457351369,6.718548616607356,15.670926006701226,0
193,17.323138,78.612207,1.0664750238566645,7.1489504124445,21.723948112765804,0
194,17.323138,78.616707,1.2298723712198198,7.58501011065946,17.348619537562072,0
195,17.327638,78.378207,0.0608608807123274,10.31049553591003,25.870676363654592,0
196,17.327638,78.382707,0.1470049020427943,9.8335686464414,29.58504691385002,0
197,17.327638,78.387207,0.2210333634525963,9.356716766202112,27.835110534612607,0
198,17.327638,78.391707,0.3267976563644198,8.879951979433113,28.89459813481057,0
199,17.327638,78.396207,0.3379335026982313,8.40328911030176,28.06632587784605,0
200,17.327638,78.400707,0.5680922618572489,7.926746545105312,29.665178533303592,0
201,17.327638,78.405207,0.9397682824218908,7.450347368967299,33.07056241004813,0
202,17.327638,78.409707,1.372494455870383,6.974120966774717,31.919451685118787,0
203,17.327638,78.414207,1.1725748141554169,6.498105325157963,30.59976647958237,0
204,17.327638,78.418707,0.7744355245018322,6.022350421118228,21.52227609681428,0
205,17.327638,78.423207,0.4304717783148479,5.546923345073669,22.12943081888379,0
206,17.327638,78.427707,0.3762249384523913,5.07191628716691,18.894457940667976,0
207,17.327638,78.432207,0.7168486615608141,4.597459437688636,18.920736470078733,0
208,17.327638,78.436707,0.6339598200447999,4.12374271386446,17.933513858756207,0
209,17.327638,78.441207,0.7874148154929482,3.65105421668052,18.904022902251977,0
210,17.327638,78.445707,1.1373846216067238,3.179852520510305,22.632096592909413,0
211,17.327638,78.450207,1.5298582070792697,2.710913028678558,19.825202186856387,0
212,17.327638,78.454707,1.4467106090241555,2.245653376026324,21.57975167212096,0
213,17.327638,78.459207,1.2569796661998285,1.7869501845442517,19.18256648935086,0
214,17.327638,78.463707,0.7810370889191178,1.3415457802233153,16.649527678813158,0
215,17.327638,78.468207,0.3104457959688744,0.9287741604878852,16.734976409019684,1
216,17.327638,78.472707,0.019327782216079,0.6179158881487408,14.537610992622144,1
217,17.327638,78.477207,0.3874270884377732,0.5977799692217189,19.038426703689368,1
218,17.327638,78.481707,0.7097895512420384,0.8883602768774244,18.87506173866089,1
219,17.327638,78.486207,0.9218170543220828,1.29512521185506,20.11459639178484,0
220,17.327638,78.490707,1.257330448622184,1.7383431449710036,24.252127401363737,0
221,17.327638,78.495207,1.4639958811416334,2.196052528207247,27.69701579044484,0
222,17.327638,78.499707,1.7523319182844468,2.660785366079052,30.6181636390632,0
223,17.327638,78.504207,1.4322676034361033,3.129414172254048,27.506878399841025,0
224,17.327638,78.513207,0.7503601273554974,4.072972915215298,28.280465707826423,0
225,17.327638,78.517707,0.3326355612840323,4.339441327116197,27.152573195610955,0
226,17.327638,78.535707,1.1767223278783607,2.989970904831051,39.41168633013579,0
227,17.327638,78.540207,1.445498329010944,2.7582451994509696,39.84214288136042,0
228,17.327638,78.544707,1.590392247972234,2.594645617435174,35.110776849562484,0
229,17.327638,78.549207,1.3544736280940024,2.5125154549910875,34.451360122599894,0
230,17.327638,78.553707,1.181639232466596,2.519833461759389,30.463677544048924,0
231,17.327638,78.558207,1.1883146665170523,2.615849034320381,31.447048265122586,0
232,17.327638,78.562707,1.371825893128507,2.7914244387694604,33.38091448987803,0
233,17.327638,78.567207,1.3180157892430278,3.0327732120108117,33.71271333302341,0
234,17.327638,78.571707,1.2931973689850471,3.3256059664346327,28.45845628965769,0
235,17.327638,78.576207,1.4229667238938335,3.657577813500968,28.08176309108688,0
236,17.327638,78.580707,1.52871353487472,4.019001692923267,24.397236046758508,0
237,17.327638,78.585207,1.0692258981036238,4.402630177537802,24.29235886189699,0
238,17.327638,78.589707,0.6359212230142095,4.803145748090735,18.633923491952345,0
239,17.327638,78.594207,0.3443193772163008,5.216660272375987,16.78992444205554,0
240,17.327638,78.598707,0.4169693735088086,5.6403154555282935,15.50690971937686,0
241,17.327638,78.603207,0.6283702365606134,6.071989064243897,17.485795735598174,0
242,17.327638,78.607707,0.8523217533767251,6.510086225999735,14.844832037219318,0
243,17.327638,78.612207,1.2305412131193956,6.953392902444718,17.256001782759668,0
244,17.327638,78.616707,1.660309949709733,7.400973027279088,26.820115256465197,0
245,17.332138,78.400707,0.3167498588525546,7.907165682671718,24.412803744265634,0
246,17.332138,78.405207,0.78479542435746,7.429523120658805,26.72328451777326,0
247,17.332138,78.409707,1.2581716277477162,6.951882442681643,34.41589915891283,0
248,17.332138,78.414207,1.4653723798569267,6.474244066014799,36.67719461481474,0
249,17.332138,78.418707,1.1172360751491834,5.996608540861948,25.249849799407464,0
250,17.332138,78.423207,0.8872444466989055,5.51897660786169,24.26253175899596,0
251,17.332138,78.427707,0.553703153588863,5.041349288308475,22.477372809943414,0
252,17.332138,78.432207,0.4530471062494525,4.563728030994273,23.493572799279725,0
253,17.332138,78.436707,0.7494022934021946,4.086114962054488,18.77311239178761,0
254,17.332138,78.441207,1.172287762904939,3.608513333174041,21.84726055485512,0
255,17.332138,78.445707,1.476143838385939,3.130928379989462,24.921041872715843,0
256,17.332138,78.450207,1.819050172901126,2.6533691073153225,25.676163187831023,0
257,17.332138,78.454707,1.8277976294836575,2.1758524247564157,23.686984732837885,0
258,17.332138,78.459207,1.3836775548619678,1.6984142562584894,21.29803182747322,0
259,17.332138,78.463707,0.9719096660057348,1.2211466968835338,16.354050429810265,0
260,17.332138,78.468207,0.6507193681586563,0.7443779842363767,16.926511254867993,1
261,17.332138,78.472707,0.2480402621715212,0.270756293924754,14.89024669852116,1
262,17.332138,78.477207,0.0647867754609945,0.2209760562131497,15.420061221020411,1
263,17.332138,78.481707,0.2546192174116378,0.6932985818464535,15.791836747993596,1
264,17.332138,78.486207,0.579983921119951,1.1699600373410606,20.75498462870428,0
265,17.332138,78.490707,0.7960781327298639,1.6471979580767164,24.20965520326798,1
266,17.332138,78.495207,1.0606366847426327,2.124623918531859,25.241946469962432,0
267,17.332138,78.499707,1.4185298804475517,2.602134418956121,28.98776806675997,0
268,17.332138,78.504207,1.1145070468220273,3.079690135256949,27.779569713240573,1
269,17.332138,78.517707,0.7222122033717382,4.07116814134118,28.61746054948846,0
270,17.332138,78.535707,1.400701386379697,2.5853099431584785,33.6295156527774,0
271,17.332138,78.540207,1.1734108807321335,2.3134067361259945,34.43216336283293,0
272,17.332138,78.544707,1.090175390289163,2.1156893666720147,32.97708327765402,0
273,17.332138,78.549207,1.1870319081201897,2.014125073368352,37.59677462224329,0
274,17.332138,78.553707,1.437740947565222,2.02324632008728,37.51585478256188,0
275,17.332138,78.558207,1.3916477705878216,2.141639343576692,34.13317012944153,0
276,17.332138,78.562707,1.356979626500168,2.3528663433204797,30.734307260719945,0
277,17.332138,78.567207,1.4804380183294112,2.634693250825442,29.750221685717182,0
278,17.332138,78.571707,1.7193702763841476,2.9670700305921,34.664872620147534,0
279,17.332138,78.576207,1.8875406263670615,3.3349165131945093,32.62751740426172,0
280,17.332138,78.580707,1.712930799774312,3.727747211830053,30.799957303896605,0
281,17.332138,78.585207,1.3180232913238092,4.138453568772956,22.780514131146496,0
282,17.332138,78.589707,0.9982835477459774,4.562210445055542,25.058527986235354,0
283,17.332138,78.594207,0.8401763917935364,4.995697937777885,22.10627671125205,0
284,17.332138,78.598707,0.910992661800754,5.436588926916903,18.4680977193397,0
285,17.332138,78.603207,1.0632364962412322,5.883219183974379,19.880355171588008,0
286,17.332138,78.607707,1.2635002146195684,6.334374815404503,21.95293354143114,0
287,17.332138,78.612207,1.5440831567287443,6.789153714804962,22.81334278576632,0
288,17.332138,78.616707,1.5386543863686826,7.246873777506046,21.90275099922833,0
289,17.336638,78.400707,0.2364209310550605,7.919215986656551,25.639993584525875,0
290,17.336638,78.405207,0.7097223175409435,7.4423589056069615,27.41758224542261,0
291,17.336638,78.409707,1.1796602934528262,6.965610537498472,30.16268077456184,0
292,17.336638,78.414207,1.6540185541774084,6.488994844177866,34.67326420489572,0
293,17.336638,78.418707,1.2116684225139085,6.012543377505619,22.911075490932436,0
294,17.336638,78.423207,0.7342444966472317,5.536298537759421,23.64933889069832,0
295,17.336638,78.427707,0.2571039896668374,5.060318664791893,20.56553779555984,0
296,17.336638,78.432207,0.1502899860907437,4.584686285805445,19.1589128491148,0
297,17.336638,78.436707,0.6155732783067299,4.109522058800651,19.685535377136787,0
298,17.336638,78.441207,1.0915884484358904,3.635009577570597,18.94822271346573,0
299,17.336638,78.445707,1.2965219828390937,3.1614423248049635,23.655558756710217,0
300,17.336638,78.450207,1.4210776062820247,2.6893196882535557,26.66434247483193,0
301,17.336638,78.454707,1.6717431793758883,2.219563711236558,21.2804536624609,0
302,17.336638,78.459207,1.6576808061355526,1.75407685753731,25.809608654302075,0
303,17.336638,78.463707,1.3310059622858457,1.2974621568203255,21.47248895464523,1
304,17.336638,78.468207,0.9393717968231262,0.8639041310770612,19.85396026271016,1
305,17.336638,78.472707,0.6158137560227055,0.5153178830592011,16.309215412276252,1
306,17.336638,78.477207,0.3971363066167283,0.4909934494109944,16.984393523484698,1
307,17.336638,78.481707,0.0379820318438649,0.8203026807217136,18.801650436651645,0
308,17.336638,78.486207,0.1740831115693359,1.2494071723291815,19.016760516603693,0
309,17.336638,78.490707,0.3692104740830059,1.704535112483084,23.42329547499298,0
310,17.336638,78.495207,0.727327267310511,2.169368915033992,25.47157119928824,0
311,17.336638,78.499707,1.104007966229278,2.63878436041595,27.30468018611111,0
312,17.336638,78.504207,0.96573079778072,3.1107079872947163,30.140771148468257,0
313,17.336638,78.526707,1.28677093418684,2.993516477507548,33.69226870138095,0
314,17.336638,78.540207,0.7176439805108076,1.8964544529292533,31.845404086258803,0
315,17.336638,78.544707,0.5902303661147115,1.6495004500898511,28.720286337526293,0
316,17.336638,78.549207,0.748591038859055,1.5170432870956223,30.098656212705954,0
317,17.336638,78.553707,1.099166185467255,1.5291322024234988,30.199260269738765,0
318,17.336638,78.558207,0.9114353556372408,1.682654631089272,31.8104489223983,0
319,17.336638,78.562707,0.8601226816258849,1.9443930363399533,26.389386640106203,0
320,17.336638,78.567207,1.0473529066867573,2.277335791815993,30.54081574594329,0
321,17.336638,78.571707,1.3153354108675157,2.654827431966205,29.22246231442996,0
322,17.336638,78.576207,1.662723072076835,3.0604273285341206,32.99502774567164,0
323,17.336638,78.580707,2.0067419613301984,3.484333297287056,33.160978401367295,1
324,17.336638,78.585207,1.6822889488477777,3.920611938462947,32.30872612913178,0
325,17.336638,78.589707,1.4446733654084996,4.365555379077286,27.704288638353336,0
326,17.336638,78.594207,1.3393996899440557,4.81676301180147,21.546383448877563,0
327,17.336638,78.598707,1.3957960670292655,5.272626897664486,24.08241851482029,0
328,17.336638,78.603207,1.5153145418976148,5.732036220714004,21.91127440382277,0
329,17.336638,78.607707,1.4490995227317194,6.194202160888155,22.299575209705903,0
330,17.336638,78.612207,1.20859834831579,6.658550737362559,24.566866859247416,0
331,17.336638,78.616707,1.0512572990411166,7.124655203487364,21.71112737351969,0
332,17.341138,78.400707,0.1644206700229404,7.962753852821619,23.21530785720146,0
333,17.341138,78.405207,0.6370770933723413,7.488681643431564,24.794983222780484,1
334,17.341138,78.409707,1.1171064152708745,7.0150941012177785,29.044532372031632,0
335,17.341138,78.414207,1.5368074513431424,6.542096483633051,28.26687423945045,0
336,17.341138,78.418707,1.2440880629155693,6.069826704024418,26.756422590221547,0
337,17.341138,78.423207,0.7693041733552188,5.598468960290963,25.00855184337811,0
338,17.341138,78.427707,0.3035995866076547,5.128274744157913,23.042936198363208,0
339,17.341138,78.432207,0.2208766671691142,4.6595962997132805,20.630701959242423,0
340,17.341138,78.436707,0.6794632370481624,4.192941947616421,16.821108157868014,0
341,17.341138,78.441207,0.8560856175887734,3.729071647628458,22.39751825646676,0
342,17.341138,78.445707,0.7999722745925933,3.269170721992116,21.029709100366816,0
343,17.341138,78.450207,0.9847147940528282,2.8151852065145224,22.381892621855933,0
344,17.341138,78.454707,1.2590196144885424,2.3705161815558897,26.13307015074248,0
345,17.341138,78.459207,1.2686941498759123,1.9415753580278032,18.68329694152656,0
346,17.341138,78.463707,1.445779774990568,1.5415483967911083,22.696333712567085,0
347,17.341138,78.468207,1.3075583909214143,1.199715272062073,24.39225398197486,0
348,17.341138,78.472707,1.0247111430047784,0.9790560221607792,18.661164155535293,1
349,17.341138,78.477207,0.7271026283893433,0.966474697774382,23.44131203118156,1
350,17.341138,78.481707,0.4565416010844915,1.168710689076175,20.17862634245772,0
351,17.341138,78.486207,0.3081845636679181,1.501327643874089,20.927349772661717,0
352,17.341138,78.490707,0.0417825505143779,1.8969379007903555,17.260788389478208,0
353,17.341138,78.495207,0.4680372182648197,2.323585761188966,23.414351433900517,0
354,17.341138,78.499707,0.8704641259251054,2.766950824232325,27.19795302717325,0
355,17.341138,78.504207,1.0582779611717483,3.220135341963971,27.518500750252446,0
356,17.341138,78.522207,1.0479572393490593,3.2260036664734746,30.428625349992476,0
357,17.341138,78.526707,0.8722245128232343,2.776049840012817,29.945449317349915,0
358,17.341138,78.531207,0.934396620736519,2.3371031077338595,28.41565124101881,0
359,17.341138,78.535707,0.7914818738434288,1.9167405466443328,29.20777342025464,0
360,17.341138,78.540207,0.3483677575458711,1.5303538401762813,26.60346629436638,0
361,17.341138,78.544707,0.0925102878938329,1.2109156022903078,26.04882752075604,0
362,17.341138,78.549207,0.4330018549520927,1.02317910593567,29.080569919315927,0
363,17.341138,78.553707,0.8651469959300135,1.0410185095518405,27.167797786617964,0
364,17.341138,78.558207,0.4748683202049818,1.2557024962419865,26.171970059908368,0
365,17.341138,78.562707,0.3728042011650908,1.5893719350964466,28.13585892157021,0
366,17.341138,78.567207,0.6266914998740526,1.982842077351416,24.477565782729563,0
367,17.341138,78.571707,0.9853940307669096,2.4069622816394136,25.66969184161666,0
368,17.341138,78.576207,1.4161627012463407,2.8480725608030952,29.45535401553669,0
369,17.341138,78.580707,1.8672017534213887,3.2993654483175243,32.57979045005378,0
370,17.341138,78.585207,2.103273980832049,3.757173481961408,31.47443735851556,0
371,17.341138,78.589707,1.917789288090985,4.219376487806467,32.17847311404579,0
372,17.341138,78.594207,1.839250204243964,4.68467378548489,30.00895902860332,0
373,17.341138,78.598707,1.8811331153656392,5.152227107084055,29.564903066754727,0
374,17.341138,78.603207,1.4836478801822168,5.621473561529807,26.04922069119211,0
375,17.341138,78.607707,1.0986719590244338,6.0920219134303215,26.859061550263377,0
376,17.341138,78.612207,0.7638541271971064,6.563592166802779,19.498944852296045,0
377,17.341138,78.616707,0.5873277397091778,7.035978852650058,14.708509716415785,0
378,17.345638,78.400707,0.0537776134877371,8.037267593227616,26.238832886419477,0
379,17.345638,78.405207,0.4399515449971262,7.567876441301587,23.96408170035187,0
380,17.345638,78.409707,0.8782608742520757,7.099585534617948,27.18483737014156,0
381,17.345638,78.414207,1.1410405485690325,6.632627923117488,30.56968018946123,0
382,17.345638,78.418707,0.8695616345913223,6.167306465860219,22.486326578020886,0
383,17.345638,78.423207,0.802535869193076,5.704021598710541,22.13923772113491,0
384,17.345638,78.427707,0.6703133994561706,5.243313192410639,20.006062379610665,0
385,17.345638,78.432207,0.6371302148608305,4.78592536005623,20.806946115195142,0
386,17.345638,78.436707,0.5776287558795977,4.332909802437765,22.349310982026843,0
387,17.345638,78.441207,0.4400891106357524,3.8857960121502986,21.189490820751026,0
388,17.345638,78.445707,0.3137716777072204,3.4468814064323623,19.512836912323,0
389,17.345638,78.450207,0.6039729009101616,3.019743317519608,17.54747063571881,0
390,17.345638,78.454707,0.7705421917672558,2.6101696248822006,16.5287607639751,0
391,17.345638,78.459207,0.7862500401605577,2.227868652349042,21.24073463516625,0
392,17.345638,78.463707,1.048270788185012,1.8894680439514449,21.76526862139748,0
393,17.345638,78.468207,1.2220830221551262,1.6226699425316518,24.790839512355877,0
394,17.345638,78.472707,1.1790719868324344,1.4670731040015903,25.25009843148642,0
395,17.345638,78.477207,1.1394884866323474,1.4587072151872098,24.22167536238061,0
396,17.345638,78.481707,0.9144197493540734,1.599883584475544,24.5449881943936,0
397,17.345638,78.486207,0.4532013481469082,1.856799861307848,21.2253233938809,0
398,17.345638,78.490707,0.1522820109734022,2.189077765268444,20.59408722071685,0
399,17.345638,78.495207,0.2744264487431829,2.5372138560607924,19.474633918327505,0
400,17.345638,78.499707,0.7514512967425407,2.856157232775677,24.02870360924499,0
401,17.345638,78.504207,1.1026513331837449,3.154405275416221,27.534378514695558,0
402,17.345638,78.508707,1.0523409019054857,3.2619742893866093,29.10875886702324,0
403,17.345638,78.513207,0.933726982111978,3.433198997588556,26.559996577635925,0
404,17.345638,78.517707,1.0417293244634256,3.6591542626981455,29.57289871862285,0
405,17.345638,78.522207,0.6930185399298584,3.106943806671611,26.36801430301886,0
406,17.345638,78.526707,0.3822653328426095,2.636763001129823,25.17289305819636,0
407,17.345638,78.531207,0.5073894034624066,2.1698323442913887,28.0899307146838,0
408,17.345638,78.535707,0.839929955421789,1.7088182038037218,24.60275752931472,0
409,17.345638,78.540207,0.4201234610860174,1.2602304864883935,23.525149863127595,0
410,17.345638,78.544707,0.3101687830691044,0.8441185220807668,22.42581096539978,1
411,17.345638,78.549207,0.526540523924765,0.5414104310739681,21.838958595700305,1
412,17.345638,78.553707,0.7779936336059575,0.5744113560594557,26.368010612887403,1
413,17.345638,78.558207,0.3059549291366777,0.9071965236829908,26.002039049149424,1
414,17.345638,78.562707,0.0423262110937399,1.3312763178414182,21.87630277764296,0
415,17.345638,78.567207,0.3521447334801116,1.7826445834862277,24.15440125463643,0
416,17.345638,78.571707,0.8257604962449245,2.244901058305637,28.179604672160515,0
417,17.345638,78.576207,1.3023050917649317,2.712484799046955,30.882644929001767,0
418,17.345638,78.580707,1.779426980070291,3.1830489754654634,30.30520414183982,0
419,17.345638,78.585207,2.0975312844636904,3.65544275642465,34.4202851183544,0
420,17.345638,78.589707,1.8651932489772716,4.129038226895523,29.892524947513262,0
421,17.345638,78.603207,1.2607131927131912,5.553957622172544,22.93226900720412,0
422,17.345638,78.607707,0.8146795177347548,6.029765837354087,20.42298251825815,0
423,17.350138,78.400707,0.080648409808718,7.984239154834279,19.223998179884187,0
424,17.350138,78.405207,0.1959597769815852,7.554413909958121,20.80670527739606,0
425,17.350138,78.409707,0.5203497998878923,7.130666954464619,23.47384254913521,0
426,17.350138,78.414207,0.6577199336793957,6.714149235945533,26.247326899210684,0
427,17.350138,78.418707,0.4546621922993362,6.306293346121223,26.46699051112468,0
428,17.350138,78.423207,0.3232844974299376,5.850608908211493,19.066849803381736,0
429,17.350138,78.427707,0.3884510650121232,5.40242715227716,22.605401060359803,0
430,17.350138,78.432207,0.7267453306709941,4.959745957852799,21.382468185756828,0
431,17.350138,78.436707,0.2497112989341049,4.52418026737557,21.193772095148624,0
432,17.350138,78.441207,0.0131369086190907,4.097999574636616,18.24630077960061,0
433,17.350138,78.445707,0.0498617224549671,3.684462000686934,14.801295846043583,0
434,17.350138,78.450207,0.2591456098202332,3.288340957961664,21.36901732932273,0
435,17.350138,78.454707,0.3210837477167085,2.9167410888109364,18.53366018163827,0
436,17.350138,78.459207,0.3571386697107251,2.5802785132240835,18.8223333918366,1
437,17.350138,78.463707,0.7798838086553479,2.2944633657515494,20.29003317575982,0
438,17.350138,78.468207,0.7539016993576725,1.9864693494451124,21.04070786952421,0
439,17.350138,78.472707,0.6833310072170218,1.7114504000879738,22.927512242737016,0
440,17.350138,78.477207,0.9007821963677336,1.5389131761260435,23.20936911716209,0
441,17.350138,78.481707,0.8798643714719044,1.5045379196546134,24.389800858086385,0
442,17.350138,78.486207,0.4341207652576754,1.6171593106708266,22.10196315162428,0
443,17.350138,78.490707,0.0376975121145442,1.8501252435163424,22.000642282686705,0
444,17.350138,78.495207,0.5112568837536235,2.16492768771888,21.90285265653821,0
445,17.350138,78.499707,0.879835288897064,2.531215056937842,22.249411013935305,0
446,17.350138,78.504207,0.6485150779292151,2.661054296324856,26.35533351897832,0
447,17.350138,78.508707,0.5587091173998938,2.787722484276101,23.41410323981534,0
448,17.350138,78.513207,0.8063274498701434,2.986259801626593,28.163580142476054,0
449,17.350138,78.517707,0.7720794120171806,3.243495464430764,26.83183838932317,0
450,17.350138,78.522207,0.4806168257807751,3.065918225456992,24.343919421951888,0
451,17.350138,78.526707,0.1467335617907136,2.5883083531109703,23.53467425412305,0
452,17.350138,78.531207,0.1549305100463693,2.110698574993845,26.959330069141885,0
453,17.350138,78.535707,0.5582946151893913,1.6330889741526229,29.733699174192427,0
454,17.350138,78.540207,0.8535156694282537,1.1554797708448103,27.520019073603198,1
455,17.350138,78.544707,0.8091846094571871,0.677871805870928,27.3928122233011,1
456,17.350138,78.549207,0.9303067226978164,0.2002739400870095,29.8371571087711,1
457,17.350138,78.553707,0.4989810628114598,0.2773660013575144,23.22296570306036,1
458,17.350138,78.558207,0.1834092551548566,0.7549681636119171,23.442509412258293,1
459,17.350138,78.562707,0.3078862711713012,1.2325764637075374,23.172863676603555,0
460,17.350138,78.567207,0.5520445212146518,1.7101857591026892,24.97421065420953,0
461,17.350138,78.571707,0.9287701280063848,2.1877953977829114,24.563450268291213,0
462,17.350138,78.576207,1.3583458598558344,2.665405195016571,25.23069958026224,0
463,17.350138,78.580707,1.686682366768855,3.143015078322554,25.82768552638275,0
464,17.350138,78.585207,1.709216441591001,3.6206250134261935,27.47261932881959,0
465,17.354638,78.400707,0.45844765173421,7.785245126077168,22.47306875287584,0
466,17.354638,78.405207,0.1166937840471131,7.343793318652478,20.64296611082028,0
467,17.354638,78.409707,0.1612933745351853,6.907148093971393,25.243762917479003,0
468,17.354638,78.414207,0.252927090185283,6.476281736567436,23.99046857355176,0
469,17.354638,78.418707,0.3939645368606453,6.052428547973082,20.551472243825103,0
470,17.354638,78.423207,0.2317862747512107,5.637170689779519,22.045335047983347,0
471,17.354638,78.427707,0.3517089166436642,5.23255495014258,21.103949099653075,0
472,17.354638,78.432207,0.7840172876389985,4.841250364561719,23.798088502056643,0
473,17.354638,78.436707,0.540195436923148,4.466756624914799,23.140295394962624,0
474,17.354638,78.441207,0.4936822871370613,4.113667496250961,23.60990277308723,0
475,17.354638,78.445707,0.2891465893946224,3.787973292477849,20.36590639770428,0
476,17.354638,78.450207,0.1388212849759184,3.365406981353437,22.19256206124546,0
477,17.354638,78.454707,0.1061633090437811,2.912778522942272,17.532240452924928,0
478,17.354638,78.459207,0.318903262098401,2.469569070083545,21.078964741255223,0
479,17.354638,78.463707,0.7604478976026541,2.0419211924225884,28.91200495631597,0
480,17.354638,78.468207,0.3794776085575976,1.6420386771376008,21.9054357650566,0
481,17.354638,78.472707,0.210775721965235,1.2958850165762184,23.36835293453574,0
482,17.354638,78.477207,0.6236066474097852,1.0576024931533805,23.24145460507154,0
483,17.354638,78.481707,0.7202988881204879,1.0069290886367992,24.90170346491504,0
484,17.354638,78.486207,0.2427338472129884,1.1685321751231446,20.881568661354688,0
485,17.354638,78.490707,0.1374260804896877,1.4741800424640832,20.157754084902887,0
486,17.354638,78.495207,0.3337574810438486,1.853948286495328,20.263407154390563,0
487,17.354638,78.499707,0.659153280808387,2.11633769855302,24.78698562031807,0
488,17.354638,78.504207,0.2174081238690484,2.170921905034211,19.72539583641747,0
489,17.354638,78.508707,0.1220262026123214,2.3244508285986507,22.335899955906683,0
490,17.354638,78.513207,0.5747687981712285,2.559178474507074,26.03150233896981,0
491,17.354638,78.517707,0.6092422234107759,2.855148042844055,24.92725197633625,0
492,17.354638,78.522207,0.1319779040383117,3.106020588828062,20.86711809598876,0
493,17.354638,78.526707,0.0220935114652388,2.635700236029604,21.776322247897447,0
494,17.354638,78.531207,0.1093810028977701,2.1685661513137955,20.839075216667087,0
495,17.354638,78.535707,0.5837604795626652,1.7072358228126503,26.21224326479344,0
496,17.354638,78.540207,1.0517188677029132,1.2581099878044877,23.49744108989873,0
497,17.354638,78.544707,1.3077569706718863,0.8409749779247264,28.00915727034267,1
498,17.354638,78.549207,0.9656568276519648,0.5365153040043233,22.603094055466048,1
499,17.354638,78.553707,0.5237086651922174,0.5697982234503952,20.874302232879806,0
500,17.354638,78.558207,0.215544708983186,0.9042692881681912,24.651224175864105,1
501,17.354638,78.562707,0.3212187709236623,1.329265760257916,24.23560918573808,0
502,17.354638,78.567207,0.608842631543,1.7811242411832344,22.60298149045249,0
503,17.354638,78.571707,0.6774804224155513,2.2436736055341187,21.30715543289287,0
504,17.354638,78.576207,1.0013101268256266,2.711448048051408,20.1764862812986,0
505,17.354638,78.580707,1.4149944286611384,3.182144146421685,27.347905738227173,0
506,17.354638,78.585207,1.392533882649905,3.654633196451412,32.98998993840943,0
507,17.359138,78.409707,0.0367878858213151,6.7135484530138525,20.81282460435899,0
508,17.359138,78.414207,0.3119184203391547,6.269402267067351,20.57193629231117,0
509,17.359138,78.418707,0.5158315460104899,5.830540403530747,23.94779178726713,0
510,17.359138,78.423207,0.0578367428371326,5.398251815777011,17.25331722931361,0
511,17.359138,78.427707,0.3139757348329249,4.974250556316124,21.42208089671263,0
512,17.359138,78.432207,0.7059015902942379,4.5608485165604735,24.66760395483568,0
513,17.359138,78.436707,1.0109505978981912,4.16120588900994,26.21957142774718,0
514,17.359138,78.441207,0.6420126612045256,3.779689719813693,25.84205088504345,0
515,17.359138,78.445707,0.2769553420387418,3.4223674517353424,22.828483443932228,0
516,17.359138,78.450207,0.0280612792841619,3.097622998692344,22.036150904708844,0
517,17.359138,78.454707,0.2015329975141235,2.8167467371476915,20.4000926295302,0
518,17.359138,78.459207,0.540274532227097,2.312936016547239,25.623083328320583,0
519,17.359138,78.463707,0.848144559917732,1.8494299519910016,28.93178378074884,0
520,17.359138,78.468207,0.3731182003689411,1.3954483779328162,20.86378564319884,0
521,17.359138,78.472707,0.0942331880923934,0.9645351740204948,19.317447491807684,1
522,17.359138,78.477207,0.5691280138839862,0.607903715411208,26.558797670181317,1
523,17.359138,78.481707,0.8684986373044037,0.5147160883963532,25.23051955687583,1
524,17.359138,78.486207,0.4422747461954623,0.7851657629493595,25.780265118910904,1
525,17.359138,78.490707,0.014430813369347,1.193400518678457,19.426938585929747,0
526,17.359138,78.495207,0.4015025189209434,1.6832909817448891,25.443698592167475,0
527,17.359138,78.499707,0.7291604719208552,1.6159633578158483,24.657668084045085,0
528,17.359138,78.504207,0.3509287704962084,1.686816080928465,22.536267536521613,0
529,17.359138,78.508707,0.2708194435076737,1.8802928708907487,24.565864837401115,0
530,17.359138,78.513207,0.5934517763230094,2.1637458126479223,22.552047237951182,0
531,17.359138,78.517707,0.6535383678424029,2.506837145596404,21.66644200426999,0
532,17.359138,78.522207,0.2227704817873728,2.888392438330428,19.991566788878448,0
533,17.359138,78.526707,0.1242597260916585,2.774030629678522,21.141388611793047,0
534,17.359138,78.531207,0.3225908631670749,2.3347514721618023,18.25072130300517,0
535,17.359138,78.535707,0.6504917639644041,1.91391831728492,24.59799732662409,0
536,17.359138,78.540207,1.0908513285583188,1.5268603737147248,24.879818868381232,0
537,17.359138,78.544707,1.553370210855376,1.2065331591888229,31.039240338588375,0
538,17.359138,78.549207,1.2037772857185942,1.0180089959987235,21.88730873158808,1
539,17.359138,78.553707,0.8846487558902433,1.0359356911433126,23.23536813554505,0
540,17.359138,78.558207,0.6551522858691892,1.251472566600033,20.122162775087748,0
541,17.359138,78.562707,0.6288127889783853,1.586002774893611,21.76226368575935,0
542,17.359138,78.567207,0.1711627203582044,1.9801076755347211,21.25338742709464,0
543,17.359138,78.571707,0.342466572601364,2.4046722018630566,21.52534843634855,0
544,17.359138,78.576207,0.8126415002370505,2.846097464255606,24.301544448388345,0
545,17.359138,78.580707,1.2882798796287835,3.297619374388185,27.44939115130302,0
546,17.363638,78.409707,0.0972973747037161,6.552520532759223,20.042650161211725,0
547,17.363638,78.414207,0.4855366698256607,6.0966662141933226,20.280199481150177,0
548,17.363638,78.418707,0.6496227331871254,5.644401294556312,25.047352246230776,0
549,17.363638,78.423207,0.3249254253485448,5.19666301343748,23.371199303602257,0
550,17.363638,78.427707,0.0896936821335754,4.754730321869313,21.761838840940133,0
551,17.363638,78.432207,0.5536928807724397,4.32038515086393,25.231454074945045,1
552,17.363638,78.436707,0.6758503266624165,3.8961659014632897,25.761068628473534,0
553,17.363638,78.441207,0.3276703953559881,3.4857715179511755,27.430232244512133,0
554,17.363638,78.445707,0.0273873975614419,3.0947069141344867,21.620086081382727,0
555,17.363638,78.450207,0.3353402123926174,2.7312876377676334,23.21104369990008,0
556,17.363638,78.454707,0.0542242793737655,2.4080628945331606,20.75608997550551,0
557,17.363638,78.459207,0.2857857941428793,2.1432953871809803,21.65000411466278,0
558,17.363638,78.463707,0.508444101508331,1.7810375486915508,22.55893171476441,0
559,17.363638,78.468207,0.6027291875318884,1.303463060874172,23.76885207094586,0
560,17.363638,78.472707,0.5326187194205529,0.8258891264384628,24.854918358212256,1
561,17.363638,78.477207,0.7737582101442844,0.3483180223787734,26.924020534716536,1
562,17.363638,78.481707,0.9360425956041896,0.1292816228701991,27.091618517038636,1
563,17.363638,78.486207,0.5074182849882878,0.6068424252792544,22.60234802414613,1
564,17.363638,78.490707,0.0939926649401555,1.0844157034293715,23.13387853709286,0
565,17.363638,78.495207,0.3511588110343699,1.2110615250563888,24.011109897637144,0
566,17.363638,78.499707,0.8202630276111483,1.115591555008551,24.669647926269317,0
567,17.363638,78.504207,0.8077835673156344,1.215956285132922,23.24809339491424,0
568,17.363638,78.508707,0.7660542506914263,1.47264575733208,25.049723880002222,0
569,17.363638,78.513207,0.9328885845149992,1.8207009735057784,24.999931263092822,0
570,17.363638,78.517707,0.8726479628105773,2.217509686955342,21.067847285748424,0
571,17.363638,78.522207,0.5671487002891021,2.641188568835241,21.737801893918007,0
572,17.363638,78.526707,0.5770387536300204,2.9907073964778434,22.2492407080148,0
573,17.363638,78.531207,0.5750863961581176,2.588475289990869,19.76226078509224,0
574,17.363638,78.535707,0.8331802793867554,2.216363487591705,23.399130126138783,0
575,17.363638,78.540207,1.230364809050751,1.8922259587721288,22.46610252120184,0
576,17.363638,78.544707,1.207002115186411,1.644676332101139,27.94597386793848,0
577,17.363638,78.549207,1.2797043519639486,1.5118169811810385,28.30734990450113,0
578,17.363638,78.553707,1.305134861386991,1.5239455767579215,25.6209535869537,0
579,17.363638,78.558207,0.8355085231123024,1.6779209893053044,24.252181387043347,0
580,17.363638,78.562707,0.3695472012284339,1.940262034008102,16.174777344586666,0
581,17.363638,78.567207,0.0480924974246572,2.2737642496924515,17.057821632509796,0
582,17.363638,78.571707,0.3277259358487918,2.6517126830194817,20.79504785189698,0
583,17.363638,78.576207,0.7243969567454939,3.0576699674591223,21.971516369521154,0
584,17.368138,78.409707,0.0647762239207131,6.379168592750217,20.22992989448176,0
585,17.368138,78.414207,0.2711529670078645,6.153213233807207,24.58994651822968,0
586,17.368138,78.418707,0.3300952502245993,5.497643591455428,19.185066327106323,0
587,17.368138,78.423207,0.3750004614216957,5.036888405729789,20.736379920217303,0
588,17.368138,78.427707,0.4057264874329412,4.579574960226784,23.664927163653807,0
589,17.368138,78.432207,0.5892391018853964,4.126847595289647,28.09115898098121,0
590,17.368138,78.436707,0.378732469153346,3.680399107325309,21.691870217560428,0
591,17.368138,78.441207,0.0043394071777653,3.2428238252474664,22.858826718245187,0
592,17.368138,78.445707,0.2436087982741834,2.818257864995047,27.834021681168725,0
593,17.368138,78.450207,0.6554452350731018,2.413576327080483,23.66577141938786,0
594,17.368138,78.454707,0.2884125882317191,2.04064358521516,22.41368145996456,0
595,17.368138,78.459207,0.0242923197983582,1.7202337225563684,22.64774552862424,0
596,17.368138,78.463707,0.0521893149129087,1.486702439069105,22.61680280094816,0
597,17.368138,78.468207,0.1092631652467617,1.3847261421050527,25.513183572607662,0
598,17.368138,78.472707,0.2457048700787834,0.9667534421586828,24.97306157450262,1
599,17.368138,78.477207,0.3450661060301972,0.6114397648443105,21.22165723396039,1
600,17.368138,78.481707,0.4990766440590704,0.5188925212565297,26.324854849645742,1
601,17.368138,78.486207,0.3733927830191255,0.787898981932452,22.908937311520127,1
602,17.368138,78.490707,0.1071541109504961,1.1308694165335351,24.480634525990823,0
603,17.368138,78.495207,0.5007766435449124,0.7750007284650676,22.461812257154225,1
604,17.368138,78.499707,0.8860467411853086,0.6152284825363429,24.155872229176264,1
605,17.368138,78.504207,1.2966170401988433,0.7826273105265628,28.371637105544803,1
606,17.368138,78.508707,1.262596408476961,1.1413257174743134,28.02379614389973,0
607,17.368138,78.513207,1.257093706596307,1.5648842589467329,26.808639994460343,0
608,17.368138,78.517707,1.0382389023406615,2.012764407016208,20.728305575392035,0
609,17.368138,78.522207,0.7981425619712983,2.4717802967161715,23.30400252727618,0
610,17.368138,78.526707,0.3284800089487623,2.936714928968766,16.993103781659176,0
611,17.368138,78.531207,0.152769189708454,2.9069053687760653,18.22377131929464,0
612,17.368138,78.535707,0.6219280606517108,2.581124852921284,17.56868517411015,0
613,17.368138,78.540207,0.8786802713181372,2.308785433102491,22.804423031668826,0
614,17.368138,78.544707,0.7073434938391778,2.110675918503437,19.33425186244461,0
615,17.368138,78.549207,0.8252996422706892,2.0088786616892174,19.260130990060198,0
616,17.368138,78.553707,1.1480512272972514,2.018021830816992,25.460785881628823,0
617,17.368138,78.558207,0.7738885531250546,2.1366817099701607,22.634952155816645,0
618,17.368138,78.562707,0.3023874135115459,2.34831499959513,18.53870853485216,0
619,17.368138,78.567207,0.076599193062455,2.6305771100529984,21.8244616996136,0
620,17.368138,78.571707,0.2979592414573128,2.963353929720713,19.92881099436028,0
621,17.368138,78.576207,0.7168612504394812,3.331542447404802,23.979184876695903,0
622,17.372638,78.387207,0.1528663091937133,6.919257750733164,16.922319756540062,0
623,17.372638,78.391707,0.2336802127283939,6.76501230898793,15.849946329149276,0
624,17.372638,78.396207,0.1907523730232641,6.6415827169895785,18.13324360396811,1
625,17.372638,78.409707,0.0390493130109051,5.951768925006294,16.99155785841556,0
626,17.372638,78.414207,0.0438882943989513,5.708928457653769,18.026205426194984,0
627,17.372638,78.418707,0.1330438462901283,5.496923987108866,22.917371406578475,0
628,17.372638,78.423207,0.0618774294674994,4.923000881187956,18.511173428095294,0
629,17.372638,78.427707,0.0448481516659053,4.454021524971418,16.484723407835848,0
630,17.372638,78.432207,0.144358364912149,3.98707522625777,25.915689804847045,0
631,17.372638,78.436707,0.0490322104653547,3.522970482867751,27.94792860435803,0
632,17.372638,78.441207,0.2301732564251377,3.062999222455597,23.770432958358334,0
633,17.372638,78.445707,0.5911990704606217,2.609348290730995,23.41490463927561,0
634,17.372638,78.450207,0.9317484161318772,2.165992571845566,29.13146921635072,0
635,17.372638,78.454707,0.6405459844962355,1.740815956610179,27.718853675382537,1
636,17.372638,78.459207,0.4990713439544825,1.3510912714323218,27.204953772169773,0
637,17.372638,78.463707,0.1240460612551167,1.0375673996497454,23.10189643114716,0
638,17.372638,78.468207,0.2895156981049109,0.8852884560539532,27.32650155293639,1
639,17.372638,78.472707,0.2539748469051293,0.9731475986311792,26.705883749694703,1
640,17.372638,78.477207,0.125841223553996,1.0616714892886967,21.468442178707825,0
641,17.372638,78.481707,0.0656152219734903,1.0112070922747574,24.943849074100907,0
642,17.372638,78.486207,0.4087629019127541,1.172205828829869,29.05742811219047,0
643,17.372638,78.490707,0.150216369432391,0.9558031744488352,23.01165131893073,1
644,17.372638,78.495207,0.211069409443421,0.4851153101810223,21.56807222037042,1
645,17.372638,78.499707,0.598618574036896,0.1149881652871942,23.46233775145968,1
646,17.372638,78.504207,1.0300361602203982,0.4972081559690466,26.73869329154397,1
647,17.372638,78.508707,1.1448087623223604,0.9681517859626848,21.930517498475357,1
648,17.372638,78.513207,0.842490406689953,1.443443129698731,23.149502789547757,0
649,17.372638,78.517707,0.5766656420965868,1.9198558575511409,19.759809228539027,0
650,17.372638,78.522207,0.4289108694851361,2.3967213469799376,22.75915166610399,0
651,17.372638,78.526707,0.3161417667014522,2.873814220063942,17.561250803970523,0
652,17.372638,78.531207,0.0203961051200204,3.271199768455125,19.122445384153085,0
653,17.372638,78.535707,0.4081060768495046,2.985447791698134,15.697094467929654,0
654,17.372638,78.540207,0.551675289805126,2.7534007866613788,19.878985824044687,0
655,17.372638,78.544707,0.2111164484197053,2.5895366479264093,17.387209786935284,0
656,17.372638,78.549207,0.4747108532464306,2.507259658341121,16.82517375405375,0
657,17.372638,78.553707,0.858763743071318,2.5145911640638783,21.594129831134985,0
658,17.372638,78.558207,0.5909083418776021,2.610776366344578,22.55544205368405,0
659,17.372638,78.562707,0.2486908881708975,2.786629600808592,18.038064488546496,0
660,17.372638,78.567207,0.2447262861850211,3.028303586660229,15.977168495600846,0
661,17.372638,78.571707,0.7340384268858193,3.3214616476679564,23.02916570056657,0
662,17.372638,78.576207,0.5604962409144931,3.680951394910184,21.02881370245553,0
663,17.372638,78.580707,0.1149925515338583,3.910569866426823,20.303681166790334,0
664,17.377138,78.378207,0.3713541792751046,6.873089817964035,16.45555857527358,0
665,17.377138,78.382707,0.4532476677562533,6.649569179694421,13.60544221608194,0
666,17.377138,78.387207,0.5912312425920149,6.453691301260191,14.704253439116536,0
667,17.377138,78.391707,0.7065789953157696,6.2880400011840285,19.864044815634188,0
668,17.377138,78.396207,0.530620597648611,6.155056231285117,17.243513111554904,0
669,17.377138,78.400707,0.4420700262225085,6.056892096963646,13.23111105229976,0
670,17.377138,78.405207,0.5255612824642589,5.8259485107669535,21.17286794566521,0
671,17.377138,78.409707,0.537961892731258,5.536611718436013,21.078671493890123,0
672,17.377138,78.414207,0.066374872141265,5.274699021012717,17.220053654002506,0
673,17.377138,78.418707,0.2940425374639601,5.044483856286373,18.38010379859466,0
674,17.377138,78.423207,0.5448070607861835,4.85048164249733,25.21417240642077,0
675,17.377138,78.427707,0.4466707032847676,4.38233536135957,24.66780054405687,1
676,17.377138,78.432207,0.2776333345193368,3.906842869514771,28.69378709586809,0
677,17.377138,78.436707,0.3678091219044941,3.431917690387707,26.210605477211963,0
678,17.377138,78.441207,0.5854159320463923,2.957833109029973,28.24964957834509,0
679,17.377138,78.445707,0.922920936215958,2.4850702627081,29.83577718983669,0
680,17.377138,78.450207,1.2642253066040816,2.014559893416969,34.37169523455863,0
681,17.377138,78.454707,1.098315069042062,1.5483567943969672,33.34703653492178,0
682,17.377138,78.459207,0.81271817392835,1.0919916699654808,33.06297405349233,0
683,17.377138,78.463707,0.6110229066140133,0.6660050288026126,28.29930633507036,1
684,17.377138,78.468207,0.7364028681180569,0.3882775251186331,29.032616322352755,1
685,17.377138,78.472707,0.7406705564749967,0.5603891699536415,28.60279523901586,1
686,17.377138,78.477207,0.4354091471411995,0.9661223805344756,28.7776578047031,1
687,17.377138,78.481707,0.0346304668893117,1.2347152232713992,27.10664431628281,0
688,17.377138,78.486207,0.0550478539594901,1.1043951666559466,22.50714446567784,0
689,17.377138,78.490707,0.2822731911295366,1.0242111110190766,23.031063089453152,0
690,17.377138,78.495207,0.029469359538501,0.6089353189170645,22.013708309729815,1
691,17.377138,78.499707,0.3943376187410476,0.3856074362659739,22.065949248280933,1
692,17.377138,78.504207,0.8491090110290039,0.6186121700187786,26.16673060132201,1
693,17.377138,78.508707,0.7864140546429756,1.0357441713436797,18.38630675798951,0
694,17.377138,78.513207,0.4633868162813912,1.4896133757627457,18.3607831872886,0
695,17.377138,78.517707,0.1626936754429377,1.954795917380617,15.79707795534944,0
696,17.377138,78.522207,0.0617928058012022,2.4247893095384287,11.384455480700597,0
697,17.377138,78.526707,0.1485471644238172,2.8972532438953893,14.027496220963153,0
698,17.377138,78.531207,0.0236902489811445,3.371149146513987,12.943910378095914,0
699,17.377138,78.535707,0.2352505758644666,3.415310548235788,15.383417747952244,0
700,17.377138,78.540207,0.5364065374008696,3.214451154815356,19.74232387028225,0
701,17.377138,78.544707,0.2448416725232861,3.0752563944138784,15.384958906646691,0
702,17.377138,78.549207,0.2775547805261765,3.006303899383762,14.298564517923912,0
703,17.377138,78.553707,0.3863242874807925,2.9326647834726822,17.359155856638942,0
704,17.377138,78.558207,0.3921084463384621,2.839631574577608,20.22292383872506,0
705,17.377138,78.562707,0.0122209322610827,2.82533491947802,14.64676071035463,0
706,17.377138,78.567207,0.187353515191829,2.8909431879435536,16.69402584040998,0
707,17.377138,78.571707,0.6417802178118068,3.0312724729426246,23.308837360048965,0
708,17.377138,78.576207,0.4737093152500634,3.236618339357705,21.74385016104097,0
709,17.377138,78.580707,0.1676026049853199,3.495541291925494,22.670035417380213,0
710,17.381638,78.382707,0.4906864205991418,6.204149040260395,16.30176000143191,0
711,17.381638,78.387207,0.913875019923623,5.993737531999891,20.37698022396522,0
712,17.381638,78.391707,0.986008576055286,5.815002767029619,17.652107887422275,0
713,17.381638,78.396207,0.5404773410123178,5.670940667040265,17.54085471676482,0
714,17.381638,78.400707,0.260085333696939,5.564244981038893,16.160705114392876,0
715,17.381638,78.405207,0.5433586945459176,5.497091927645614,16.710222616210736,0
716,17.381638,78.409707,0.4876550129609195,5.136666223037157,16.674173754237827,0
717,17.381638,78.414207,0.0203111862051781,4.85322469948522,19.46288250643333,0
718,17.381638,78.418707,0.2865842001418492,4.601979577979404,20.147045705482064,0
719,17.381638,78.423207,0.7242644928724624,4.388464201235554,22.61852951278226,1
720,17.381638,78.427707,0.9170685713830578,4.218411550918506,26.8053551672086,0
721,17.381638,78.432207,0.7754939755955186,3.889836515390811,29.53378457048602,0
722,17.381638,78.436707,0.8394772495556475,3.412557929254361,24.14483859716236,0
723,17.381638,78.441207,0.9903787502504018,2.9353609239620777,27.54454415208577,0
724,17.381638,78.445707,1.2762474389103646,2.45829300905575,31.184864815990903,0
725,17.381638,78.450207,1.4195708708659225,1.9814474293468651,37.41691943761665,0
726,17.381638,78.454707,1.504149448376646,1.5050355297399505,35.97805364133525,0
727,17.381638,78.459207,1.2325664135264705,1.029659463521913,35.522450022427535,0
728,17.381638,78.463707,1.1099843169163008,0.5579730379303692,30.963416968109115,1
729,17.381638,78.468207,1.1836389750882896,0.1361537619701847,31.225269995284226,1
730,17.381638,78.472707,0.9398369051238772,0.4263923293237359,32.470242485527855,1
731,17.381638,78.477207,0.5212280335099075,0.8950707378702976,28.56080166224926,1
732,17.381638,78.481707,0.3033021552223677,0.8201200392211062,27.44366409790684,1
733,17.381638,78.486207,0.1471947834109137,0.6064415673611327,24.097430014405763,1
734,17.381638,78.490707,0.1846854583350293,0.7204154288551154,24.201243798433318,1
735,17.381638,78.495207,0.0426947305335466,0.9545296747234764,21.974518399289543,1
736,17.381638,78.499707,0.2043274516375757,0.8546347716836689,23.003573685566817,1
737,17.381638,78.504207,0.4509961935706737,1.0028564976641956,23.35485447626132,0
738,17.381638,78.508707,0.4442757076918693,1.3072753026033332,17.304743734109778,0
739,17.381638,78.513207,0.121264294275602,1.6897107934877753,13.024395293507858,0
740,17.381638,78.517707,0.2342446660926647,2.111246611046228,19.21649857107193,0
741,17.381638,78.522207,0.509576610405289,2.552584528861138,20.39211211944913,0
742,17.381638,78.526707,0.4567981715900175,3.0050123356634155,14.973289105707437,0
743,17.381638,78.531207,0.1150359313325656,3.464187687291292,10.743864968672517,0
744,17.381638,78.535707,0.0382805229750782,3.568720555264709,13.901847355925725,0
745,17.381638,78.540207,0.096231787227052,3.220979431159681,15.824805200146985,1
746,17.381638,78.544707,0.1834464430601954,2.9102688112567114,18.20697327226187,0
747,17.381638,78.549207,0.0774945597959794,2.649648009848914,15.343708760743212,0
748,17.381638,78.553707,0.0995134645030737,2.455120885763557,14.233681443538128,0
749,17.381638,78.558207,0.1331185736569763,2.34320646063782,14.107967833213376,1
750,17.381638,78.562707,0.3951355891474007,2.325860794797572,18.363193985047225,0
751,17.381638,78.567207,0.4255461456563749,2.4051308327328567,18.92842227298308,0
752,17.381638,78.571707,0.2941145426967118,2.5720991766119377,17.810211670622788,0
753,17.381638,78.576207,0.0271519714639212,2.8111826677771,23.50024922463306,0
754,17.381638,78.580707,0.3856665772594753,3.10577136533066,26.312891436365444,0
755,17.386138,78.382707,0.3775929769716856,5.76774782225162,17.224014752968532,0
756,17.386138,78.391707,0.6243145720782663,5.346945100986653,15.056312244672984,0
757,17.386138,78.396207,0.431752728022612,5.189910741335981,18.023113898838005,0
758,17.386138,78.400707,0.0536109628600545,5.07311119174761,16.096751286958792,0
759,17.386138,78.405207,0.3950246352431729,4.999367249564113,18.70219959535292,0
760,17.386138,78.409707,0.3062365476795218,4.755771760205491,20.88195880900411,0
761,17.386138,78.414207,0.1682733680108532,4.448132731705034,20.035473265842004,0
762,17.386138,78.418707,0.4593402084817166,4.172573462440627,23.273581165060797,0
763,17.386138,78.423207,0.9101499206160426,3.935837717470007,27.085744723192512,1
764,17.386138,78.427707,1.3740471720321668,3.7452947168844912,30.57907689002352,0
765,17.386138,78.432207,1.2736326172135033,3.608269839473361,26.976543323800943,0
766,17.386138,78.436707,1.3163848113075276,3.5309991069401088,32.12250950693337,0
767,17.386138,78.441207,1.1862705402610652,2.997443143065796,31.08609547722134,0
768,17.386138,78.445707,0.9554110392267072,2.532111653476085,29.113362396689222,0
769,17.386138,78.450207,0.9253833326667084,2.0723346434862573,35.52427762562722,0
770,17.386138,78.454707,1.1208147404725517,1.6228400241125158,37.24545694576018,0
771,17.386138,78.459207,1.451796159633549,1.1952849176573432,38.71781905570211,0
772,17.386138,78.463707,1.2941630311808596,0.824536079754171,35.554515243778766,1
773,17.386138,78.468207,1.144205197936539,0.4765565123296521,36.60089389619496,1
774,17.386138,78.472707,1.1745373040602616,0.3400597996836245,33.633744638191715,1
775,17.386138,78.477207,0.924408364345022,0.6783890281147076,31.83041241055007,1
776,17.386138,78.481707,0.7244245737601942,0.56694505723267,27.163980162397376,1
777,17.386138,78.486207,0.6470429394398243,0.128874704275063,28.644919041780422,1
778,17.386138,78.490707,0.6849882091849611,0.409673023609117,27.035444855769224,1
779,17.386138,78.495207,0.3787479761409135,0.5546687603485974,21.21736371150576,1
780,17.386138,78.499707,0.0619562765358694,0.3562801860276215,20.514869496945018,1
781,17.386138,78.504207,0.0401139091835202,0.6342313162695157,19.01416277283574,1
782,17.386138,78.508707,0.0660678638166051,1.0647059726984731,21.64635989429782,0
783,17.386138,78.513207,0.1724438003955291,1.5234775705068275,19.27559033192612,0
784,17.386138,78.517707,0.5201036792292311,1.9910812792305423,18.508313291970403,0
785,17.386138,78.522207,0.9309870685270892,2.462490825440788,20.5103722545074,0
786,17.386138,78.526707,0.5647940413180997,2.9358734852384027,17.14622134521901,0
787,17.386138,78.531207,0.2314565658263582,3.410407721507453,14.098671000721415,0
788,17.386138,78.535707,0.1889443937576422,3.2654941211853643,11.753746583817051,0
789,17.386138,78.540207,0.3012346737184292,2.881397581807337,14.192551569632451,0
790,17.386138,78.544707,0.0270036432655898,2.5293190665327443,11.49567945424813,0
791,17.386138,78.549207,0.4324441466694467,2.224513565750306,13.290310145582696,0
792,17.386138,78.553707,0.5392338498860489,1.9888360960317903,18.044391406438837,0
793,17.386138,78.558207,0.2748375796181036,1.848913242662996,17.00914079627205,0
794,17.386138,78.562707,0.008587027005418,1.8268809732839717,12.021946831536956,0
795,17.386138,78.567207,0.0340442281662961,1.9267876769071544,16.61297966962436,0
796,17.386138,78.571707,0.1749776065569028,2.1315558080174246,20.91371117745253,0
797,17.386138,78.576207,0.1462935533735483,2.4146536651285646,22.155757691593205,1
798,17.386138,78.580707,0.2318819435501681,2.752013304956397,23.916777540426477,0
799,17.386138,78.585207,0.2338518248281469,3.126116582300913,23.253702745202848,0
800,17.390638,78.382707,0.3423655746510451,5.342576078776897,12.588209623329904,0
801,17.390638,78.396207,0.042612768632547,4.71291136900711,11.414077283437882,0
802,17.390638,78.400707,0.3438574159547588,4.583977174759914,16.90030058188326,0
803,17.390638,78.405207,0.1810856556283861,4.50223064204428,17.004263385001934,0
804,17.390638,78.409707,0.0893255747961268,4.470261247272091,19.43746740731453,0
805,17.390638,78.414207,0.0839685140367233,4.064324569690829,20.31697349665929,0
806,17.390638,78.418707,0.3106449687605703,3.760754866554033,20.57609063523394,0
807,17.390638,78.423207,0.7780336123342568,3.4962513700258016,22.55300928083304,0
808,17.390638,78.427707,1.2530727000626345,3.280277981689218,28.637923906293988,0
809,17.390638,78.432207,1.100839581995571,3.1229196517606166,30.124886405476488,0
810,17.390638,78.436707,1.0043735697529563,3.0333124114673304,29.935450170465256,0
811,17.390638,78.441207,0.8327521588901348,3.017498092805313,29.24271226767573,0
812,17.390638,78.445707,0.5035047920039579,2.6528678768536573,29.842845860018336,0
813,17.390638,78.450207,0.4452435193537417,2.2860346898782566,28.689565052084472,0
814,17.390638,78.454707,0.7712664095715667,1.7973242485104548,30.88042859307572,0
815,17.390638,78.459207,1.2020645756634658,1.323191618666836,35.5845641063768,0
816,17.390638,78.463707,0.8869605742149421,0.8528322789395392,32.256958744147575,1
817,17.390638,78.468207,0.6510583228772933,0.3997936514190445,31.873575495532183,1
818,17.390638,78.472707,0.7031448197122097,0.2199369527092202,31.74246347999437,1
819,17.390638,78.477207,1.0044804259548286,0.6268451119834141,29.99792966761145,1
820,17.390638,78.481707,1.1969675284836836,0.6863025135787426,31.539995861151727,0
821,17.390638,78.486207,1.1473523656702682,0.4076771130066884,33.9791839826332,1
822,17.390638,78.490707,0.8973875548366381,0.5634005733761904,26.04218159250728,1
823,17.390638,78.495207,0.6318098137408014,0.4527058548857635,21.205707943402476,1
824,17.390638,78.499707,0.4692738998337864,0.1556443807093215,19.35299742872035,1
825,17.390638,78.504207,0.0084380266364418,0.5472953437951914,18.974343741498824,1
826,17.390638,78.508707,0.4160393928404292,1.0153145577495857,20.064676754334293,0
827,17.390638,78.513207,0.5805420163984872,1.4893688416085202,19.47631446553184,0
828,17.390638,78.517707,0.8697627393282862,1.9650953865450345,22.718792410880216,0
829,17.390638,78.522207,0.8614725018336165,2.441516873966316,13.89779655381868,0
830,17.390638,78.526707,0.8316492617525232,2.918292968180956,19.050652003278387,0
831,17.390638,78.531207,0.6486446437248597,3.395274286948635,19.69539102933902,0
832,17.390638,78.535707,0.3730791303228646,3.0152764224059903,12.311825533982676,0
833,17.390638,78.540207,0.2401793197112125,2.594407477004899,12.906513594611429,0
834,17.390638,78.544707,0.3772247969436442,2.1968158635885264,13.12998300412144,0
835,17.390638,78.549207,0.455442821442832,1.8376727809683084,13.710217364723588,0
836,17.390638,78.553707,0.1716932901810719,1.5440447181744732,13.77146402346268,0
837,17.390638,78.558207,0.1382744643183493,1.3590800066587037,17.91948408910214,0
838,17.390638,78.562707,0.0627240117598278,1.328952357511607,19.31330912902901,0
839,17.390638,78.567207,0.2657626207563293,1.4632572582687935,17.365304926191396,0
840,17.390638,78.571707,0.3313319661986855,1.723983982036001,23.536084468600205,0
841,17.390638,78.576207,0.2074207725657805,2.0637614366476424,20.422106454904004,0
842,17.390638,78.580707,0.1155898520454854,2.4499169974522856,24.70468027300754,0
843,17.395138,78.396207,0.4645084190816418,4.241302660308122,15.745151891059134,0
844,17.395138,78.400707,0.5655429991728447,4.097559143401303,17.644528665184133,0
845,17.395138,78.405207,0.3423374688167879,4.00590105162761,17.81281123468475,0
846,17.395138,78.409707,0.0990711277883916,3.969937677348853,23.17931763087883,0
847,17.395138,78.414207,0.0588812633245273,3.708414514381312,19.60429782864961,0
848,17.395138,78.418707,0.3534152104071939,3.3729719294233287,19.654873237275574,0
849,17.395138,78.423207,0.8306719873678512,3.0753021571821786,27.30537406768332,0
850,17.395138,78.427707,1.05664186410815,2.827360849877373,27.421580957081854,0
851,17.395138,78.432207,0.6763343185796079,2.643179466064904,26.247611808396574,0
852,17.395138,78.436707,0.5043328163370256,2.536684509700569,29.27361518790885,0
853,17.395138,78.441207,0.6706998773783114,2.517753207028775,29.63493700724491,0
854,17.395138,78.445707,0.1932144287935607,2.3902719888917647,28.20386727444516,0
855,17.395138,78.450207,0.1508685231636307,1.9752699548547867,28.14984697284073,0
856,17.395138,78.454707,0.628246953522607,1.595605601133218,32.155360555764865,0
857,17.395138,78.459207,1.0959368584119815,1.2830423613691684,35.38509481024866,0
858,17.395138,78.463707,0.6296476228462115,1.0965458472647942,27.85312941278613,0
859,17.395138,78.468207,0.1953884817955972,0.7702716675186977,30.187430736454846,1
860,17.395138,78.472707,0.3246000610677693,0.6941602720031139,27.150068968498736,0
861,17.395138,78.477207,0.7695894180388473,0.9090723503692538,28.152430020425424,1
862,17.395138,78.481707,1.0614682298963556,0.793274219879353,31.717032453741744,1
863,17.395138,78.486207,0.901136672740292,0.4109436363435738,29.90879147386903,1
864,17.395138,78.490707,0.5769877235591531,0.4055325184625573,25.137844136074055,1
865,17.395138,78.495207,0.2106503877941975,0.6944657047884238,24.61884557893408,1
866,17.395138,78.499707,0.0154847669325593,0.649822591052613,17.676685854912648,1
867,17.395138,78.504207,0.0411240509764441,0.835206350141149,18.26756854029768,1
868,17.395138,78.508707,0.457458224230123,1.1953589896857084,19.013950463917308,0
869,17.395138,78.513207,0.9217310078117946,1.6174701852442757,21.563152791951996,0
870,17.395138,78.517707,0.7336537901245794,2.063867656722099,19.897765458640954,0
871,17.395138,78.522207,0.3863251422546999,2.521686504352926,14.216014731495475,0
872,17.395138,78.526707,0.3368681947840594,2.985677337611235,16.55601935491831,0
873,17.395138,78.531207,0.5128309327835429,3.2921042670996425,15.685031723747638,0
874,17.395138,78.535707,0.2907197514698391,2.8321522815047806,10.081188849453165,0
875,17.395138,78.540207,0.1158341993056293,2.379118091401729,8.791905371249289,0
876,17.395138,78.544707,0.3309637880783745,1.937859527503978,14.126593262797916,0
877,17.395138,78.549207,0.4972432342008357,1.5186759078915686,15.11149477555752,0
878,17.395138,78.553707,0.2945934652475701,1.1460513898787343,14.775295150357268,0
879,17.395138,78.558207,0.3074626289742377,0.8811761310823782,15.867244862000891,0
880,17.395138,78.562707,0.0774991769537928,0.833959993490331,16.049749436061802,1
881,17.395138,78.567207,0.1330517721770591,1.0346436480969456,19.03969022791301,0
882,17.395138,78.571707,0.1243422279516272,1.3789365457480227,16.200437316840386,0
883,17.395138,78.576207,0.1536102412461476,1.785616091503369,17.659900718724145,0
884,17.399638,78.391707,1.018315450217259,3.9901182639353214,16.489085434372296,0
885,17.399638,78.396207,0.7131958908156221,3.777104387715261,18.0421204130701,0
886,17.399638,78.400707,0.629358135814137,3.61495363022716,20.290633447895896,1
887,17.399638,78.405207,0.784994208922052,3.5107207721239986,18.904435518022915,0
888,17.399638,78.409707,0.4916484991405134,3.469629566611934,14.195916146704157,0
889,17.399638,78.414207,0.4041502763025084,3.389202975171512,16.57980736099523,0
890,17.399638,78.418707,0.3975734358767405,3.018502395322696,19.674474535865908,0
891,17.399638,78.423207,0.6809050519534338,2.6817806929253427,23.351059053521485,0
892,17.399638,78.427707,0.9288760726292032,2.39342217987486,26.55123094696817,1
893,17.399638,78.432207,0.4514012175066916,2.172768475903043,25.93599344382741,0
894,17.399638,78.436707,0.0262970713824818,2.041888107069648,23.938587354074844,0
895,17.399638,78.441207,0.4787214685058611,2.0183216560205897,30.48686494439917,0
896,17.399638,78.445707,0.5292878824192665,2.105675342031407,28.272877162654567,0
897,17.399638,78.450207,0.1550410130569706,1.7544750778462117,26.37973219468767,0
898,17.399638,78.454707,0.4259887063675144,1.3124336196444266,31.180928267180956,0
899,17.399638,78.459207,0.8750300011706863,0.907052709374837,30.0915150059212,1
900,17.399638,78.463707,0.6790151302653893,0.6156059081253014,32.75579010648313,1
901,17.399638,78.468207,0.2695057631227453,0.625427898177681,29.458809148748827,0
902,17.399638,78.472707,0.3321869981672312,0.9269913066884682,28.82249678492522,1
903,17.399638,78.477207,0.7601630396532968,1.210226998698034,34.11917834198434,0
904,17.399638,78.481707,0.6161945407085758,0.7404534811131753,27.88558062978768,1
905,17.399638,78.486207,0.4086256412741044,0.2964344315768986,30.8808099658645,1
906,17.399638,78.490707,0.3177888610629067,0.2888865386744689,24.50074394659328,1
907,17.399638,78.495207,0.1122120964841923,0.2951778241128996,19.802139439992292,1
908,17.399638,78.499707,0.358559754919505,0.2634535956381075,22.55774462411753,1
909,17.399638,78.504207,0.040643520440459,0.7125016850365287,16.932952007943577,1
910,17.399638,78.508707,0.413608137776754,1.184011195041873,18.43218430754464,0
911,17.399638,78.513207,0.8418763853702159,1.6589392312469062,21.99410437126921,0
912,17.399638,78.517707,0.6187236449652853,2.1350056766668053,19.791460793009904,0
913,17.399638,78.522207,0.158403961516923,2.611588043368659,13.655816939472889,0
914,17.399638,78.526707,0.107746109980377,3.088447502926828,15.748289433662928,0
915,17.399638,78.531207,0.3872187323013991,3.204345551879112,17.16468882502849,0
916,17.399638,78.535707,0.3336168714492895,2.7296585467494268,17.041516906579268,0
917,17.399638,78.540207,0.1200335300101192,2.2561494260650456,13.840189261832291,0
918,17.399638,78.544707,0.3250054650208158,1.7847559412416916,16.88852521951485,0
919,17.399638,78.549207,0.2666620619306195,1.3177505052561416,10.45214669361994,0
920,17.399638,78.553707,0.3499074144069025,0.8622923555504084,14.718207103907508,1
921,17.399638,78.558207,0.5837451740087671,0.4545315251602206,15.88180307691811,1
922,17.399638,78.562707,0.3893107910891263,0.3544274215794009,17.73663913766726,1
923,17.399638,78.567207,0.3405251786814885,0.7075364131227758,17.267873428242936,1
924,17.399638,78.571707,0.1836288420876546,1.1539349389551317,18.459747957553603,0
925,17.399638,78.576207,0.2492634253837284,1.6181758245149116,24.34752344564485,0
926,17.399638,78.580707,0.0691070168268539,2.0883939384851065,20.58958043635861,0
927,17.404138,78.391707,0.801658713182422,3.5636535923031647,18.487679900162146,0
928,17.404138,78.396207,0.3433302033265492,3.323423155452008,15.041174208798026,0
929,17.404138,78.400707,0.1623105304092777,3.1379202003520303,15.378395615120755,0
930,17.404138,78.405207,0.5227295424869608,3.0172557179218997,18.39458785519687,0
931,17.404138,78.409707,0.216245493474189,2.9693447292758903,18.586978156745445,0
932,17.404138,78.414207,0.0792057125137222,2.997677658750617,20.461942453548637,0
933,17.404138,78.418707,0.1137556577052227,2.710448005031642,22.97238885188793,0
934,17.404138,78.423207,0.5523555019127983,2.329628001063132,24.29988590427408,0
935,17.404138,78.427707,0.7742217496911314,1.9909105214059155,27.55053983322965,0
936,17.404138,78.432207,0.5575308623752494,1.7193611114312477,24.07339924628956,0
937,17.404138,78.436707,0.1123131982666932,1.5506774021928311,24.73399093976613,0
938,17.404138,78.441207,0.0259048409813411,1.5195124307008947,27.34092347515374,0
939,17.404138,78.445707,0.1501358138722012,1.6337550292821084,28.83530223497681,0
940,17.404138,78.450207,0.2547022386862769,1.6599484377594174,28.85119693901761,0
941,17.404138,78.454707,0.4702636246365795,1.183115123797429,31.968398259582408,0
942,17.404138,78.459207,0.6900642169669515,0.7071394179230646,32.73193772107095,1
943,17.404138,78.463707,0.9029495839176068,0.2372405892520542,35.41841982021414,1
944,17.404138,78.468207,0.7232728213086457,0.2616719679768562,32.26297642331193,1
945,17.404138,78.472707,0.5441676366895385,0.7325390919810787,29.405417839569907,1
946,17.404138,78.477207,0.3233104529781019,1.2085971224119054,28.749141500305257,0
947,17.404138,78.481707,0.218000461948181,0.9838766943262922,20.671876124836867,1
948,17.404138,78.486207,0.0400390071102728,0.7124792602378505,25.149698039436714,1
949,17.404138,78.490707,0.0795432043749933,0.7093721625592104,16.108862980152743,1
950,17.404138,78.495207,0.3644357897412302,0.439012419655284,20.358228998089974,1
951,17.404138,78.499707,0.6482380706699736,0.4183421925276145,25.04931907680511,1
952,17.404138,78.504207,0.2330484511307375,0.783102966813883,21.23923175845936,1
953,17.404138,78.508707,0.2128284962776091,1.2277834109173882,16.503524773931975,0
954,17.404138,78.513207,0.5617833507160281,1.6904483819460585,18.242556657213942,0
955,17.404138,78.517707,0.7325723789642803,2.1595696653721737,22.29691013230896,0
956,17.404138,78.522207,0.3918862518326795,2.6316968529509728,15.564364700244424,0
957,17.404138,78.526707,0.4680240352460545,3.1054592719109664,20.68382949103668,0
958,17.404138,78.531207,0.7044364457407262,3.1935035476337257,17.034952226160648,0
959,17.404138,78.535707,0.4213174541349517,2.71693570261518,15.810736414011624,0
960,17.404138,78.540207,0.1595264982586222,2.2407525915267854,16.555671900314774,0
961,17.404138,78.544707,0.3628510995393772,1.7652655899020189,14.94864415494192,0
962,17.404138,78.549207,0.1281618053460691,1.2912439322562566,11.660523584709823,0
963,17.404138,78.553707,0.3061393740070075,0.8212289853108935,15.129920478133306,1
964,17.404138,78.558207,0.7381309083377365,0.3707843910200649,18.696028360026748,1
965,17.404138,78.562707,0.4753600044101908,0.2377034871640299,15.470005366801958,1
966,17.404138,78.567207,0.3289314701516349,0.6568734245784058,17.968457560875784,1
967,17.404138,78.571707,0.2794146937900205,1.1235747900080286,17.97072415126475,0
968,17.404138,78.576207,0.0698241964159696,1.5966576921242,21.39014675298368,0
969,17.404138,78.580707,0.071926606305795,2.0717550836061376,20.99549009950623,0
970,17.408638,78.391707,0.8306402401955627,3.1589499362946314,17.78372604026504,0
971,17.408638,78.396207,0.3876835012816778,2.885224427982973,16.03187425604596,0
972,17.408638,78.400707,0.2234522219482269,2.669447740437868,16.454276380871107,1
973,17.408638,78.405207,0.0244962098683993,2.526511115740915,16.969419438328153,0
974,17.408638,78.409707,0.0373606078113434,2.4690973122477757,14.877584696120614,0
975,17.408638,78.414207,0.1140935455541111,2.5030981996809736,16.42641855409169,0
976,17.408638,78.418707,0.2514817893831133,2.466263300808123,22.7857476372504,0
977,17.408638,78.423207,0.5251228044569657,2.0403774584968244,22.666159039006043,0
978,17.408638,78.427707,0.2740038842066554,1.6430868190100671,20.41204317372869,0
979,17.408638,78.432207,0.5332792878719477,1.3008601134253877,26.898858051184632,0
980,17.408638,78.436707,0.548421851036167,1.0680114200670827,28.147831720762625,0
981,17.408638,78.441207,0.4701754165777586,1.0222369447363946,24.682180382587244,0
982,17.408638,78.445707,0.2935073965815031,1.1854100421902067,27.975502871718746,0
983,17.408638,78.450207,0.1531405643089879,1.4904140981689975,28.79246620295192,0
984,17.408638,78.454707,0.0722891115471874,1.2561032620466193,28.02504566335169,0
985,17.408638,78.459207,0.2389625307817264,0.8234696821726621,29.759257406281407,1
986,17.408638,78.463707,0.4676994863761184,0.484097288118906,27.049982990652623,1
987,17.408638,78.468207,0.3598258036651098,0.4965269437666165,29.636285380187296,1
988,17.408638,78.472707,0.1848349291580004,0.8453808502770763,26.861727730367267,1
989,17.408638,78.477207,0.1312226202375792,1.280132615199643,25.51697826963654,0
990,17.408638,78.481707,0.2428305752512046,1.374230680694791,28.04655518679354,1
991,17.408638,78.486207,0.1976630128410564,1.195045875431475,27.9895588304144,0
992,17.408638,78.490707,0.2605128616603506,1.1281667958096664,27.869177198946197,0
993,17.408638,78.495207,0.7344363349258368,0.8939174936303812,28.53811685677832,0
994,17.408638,78.499707,0.8677724540453711,0.8839497763782332,25.225042879992383,1
995,17.408638,78.504207,0.4703908986901901,1.104353423682586,22.493969239708267,0
996,17.408638,78.508707,0.128460166760389,1.453883185438224,20.032302581430297,0
997,17.408638,78.513207,0.2503981658449168,1.8611573560992103,18.30777067249877,0
998,17.408638,78.517707,0.6837975960463883,2.295645365784652,19.87352729524992,0
999,17.408638,78.522207,0.8206394126227128,2.7444524298577324,21.17185270466006,0
1000,17.408638,78.526707,0.8572541811252512,3.201562303913036,18.891238021472383,0
1001,17.408638,78.531207,0.8930804353844325,3.2603456847643453,17.230151814575958,0
1002,17.408638,78.535707,0.5702734017386369,2.7952098376583225,15.602419485836986,0
1003,17.408638,78.540207,0.0979842984371998,2.335056471252185,14.770807939328275,0
1004,17.408638,78.544707,0.3218225085389674,1.8835408271716167,14.98629145619624,0
1005,17.408638,78.549207,0.6284339075960973,1.4487615430664254,17.859274684125932,0
1006,17.408638,78.553707,0.7216855877776154,1.0516846522916572,19.65040139274635,0
1007,17.408638,78.558207,0.529395219772128,0.7543989963996642,17.173213629544534,1
1008,17.408638,78.562707,0.1567593275388565,0.6986713982055699,18.13572688864561,0
1009,17.408638,78.567207,0.1041970136251616,0.9290383407675348,18.141195315380493,0
1010,17.413138,78.342207,0.5862798415473742,3.544209515997559,21.36571219159349,0
1011,17.413138,78.364707,0.0266320907550915,3.649342174745396,18.30812979289048,0
1012,17.413138,78.369207,0.4884100147665813,3.8518115301164015,16.52373975769213,0
1013,17.413138,78.391707,0.9172051609078332,2.7855084064553526,16.288228299913804,0
1014,17.413138,78.396207,0.4448196908274264,2.4707596290623965,15.165894186862827,0
1015,17.413138,78.400707,0.0625108074692198,2.2149749240450665,13.586819556044611,0
1016,17.413138,78.405207,0.2713632210489735,2.040450781497643,17.80651324316932,0
1017,17.413138,78.409707,0.4596314376089474,1.9689158381508176,19.23107687635232,0
1018,17.413138,78.414207,0.2958241519315497,2.011388692502225,19.16553184568044,0
1019,17.413138,78.418707,0.107675803280222,2.161158040364917,21.05552034287345,0
1020,17.413138,78.423207,0.2180676323331458,1.843873188253781,22.29084631123765,0
1021,17.413138,78.427707,0.164730391866492,1.391581295791528,23.04601539133317,0
1022,17.413138,78.432207,0.1798824441507029,0.9638599791854892,24.401273545317967,1
1023,17.413138,78.436707,0.0935527972130502,0.614370413479874,25.291836187103623,1
1024,17.413138,78.441207,0.02925252406112,0.5308232658337714,20.34074902510005,1
1025,17.413138,78.445707,0.1689007694078895,0.8012446962706586,25.40699306688008,1
1026,17.413138,78.450207,0.2092049104825678,1.2075223294070834,22.59307844456627,0
1027,17.413138,78.454707,0.3664606321434256,1.4017094257030347,28.360830940137536,1
1028,17.413138,78.459207,0.1184135194366869,1.1648661299971337,26.986058530123262,0
1029,17.413138,78.463707,0.1202017574192687,0.955600280265955,29.088934796177664,1
1030,17.413138,78.468207,0.1546924452663263,0.9619565567125692,29.3690842184308,1
1031,17.413138,78.472707,0.1711601466500529,1.1804569729047836,27.091175439696062,0
1032,17.413138,78.477207,0.3756758922678017,1.522342484141742,26.32215512104732,0
1033,17.413138,78.481707,0.1284146610718574,1.8192749105247257,26.05600268434595,0
1034,17.413138,78.486207,0.1636877773818856,1.6880157631293775,23.34841930187281,0
1035,17.413138,78.490707,0.281744512478123,1.5426794417888896,24.10616720387774,0
1036,17.413138,78.495207,0.719330287495979,1.3806519077115609,27.62494972321092,0
1037,17.413138,78.499707,1.139412994938637,1.374219359631001,25.93264845247242,0
1038,17.413138,78.504207,0.8035614101561295,1.5253515445559314,25.512615718563605,0
1039,17.413138,78.508707,0.3619693660369582,1.7946741064359586,21.50441687739922,0
1040,17.413138,78.513207,0.0330624455604166,2.1379785521336707,15.229839582879135,0
1041,17.413138,78.517707,0.4477682103403168,2.5252700364430565,20.637539381181163,0
1042,17.413138,78.522207,0.3471047247636015,2.939211552444813,18.674145156854426,0
1043,17.413138,78.526707,0.4269592430365338,3.3699969832852146,17.30651561839689,0
1044,17.413138,78.531207,0.423236433204379,3.4002937582043544,15.078601858952936,0
1045,17.413138,78.535707,0.7758676749887851,2.957264116549589,16.715359145596214,0
1046,17.413138,78.540207,0.5136976809800311,2.526808238715572,15.70119184794795,0
1047,17.413138,78.544707,0.6000725618112442,2.1166114674137355,18.49947365018372,0
1048,17.413138,78.549207,0.7003144774404129,1.7410524812138235,16.42389502006256,0
1049,17.413138,78.553707,0.3889413521114102,1.4277320445703483,17.850909993952087,0
1050,17.413138,78.558207,0.3388433481265022,1.2253608655403276,14.873888626447233,0
1051,17.413138,78.562707,0.1106276656489551,1.1918620397295756,16.413153443694483,0
1052,17.417638,78.324207,0.6569337223988146,4.125446327593282,27.86814391529328,0
1053,17.417638,78.328707,0.230043017154603,3.799424944795551,29.23393792461448,0
1054,17.417638,78.333207,0.2945782081898428,3.5082437133932336,21.136675096782533,1
1055,17.417638,78.337707,0.0517028175178585,3.2612481548229484,24.46987409268154,0
1056,17.417638,78.342207,0.0996039498357258,3.0691247345732795,21.1654473568798,0
1057,17.417638,78.346707,0.5350154868500168,2.942640868394147,23.344422095702143,0
1058,17.417638,78.351207,0.6259807227509482,2.890426518642974,22.37064356299936,0
1059,17.417638,78.355707,0.3751335044388045,2.9164734139938675,20.636805135874727,0
1060,17.417638,78.360207,0.0180218353715382,3.018756436818994,16.49669134878884,0
1061,17.417638,78.364707,0.316502859093827,3.1899506595313167,20.80919125751524,0
1062,17.417638,78.369207,0.6334881949617599,3.4197224346685298,18.325387265843496,0
1063,17.417638,78.373707,0.8828017759888319,3.2096525145780426,22.58143635144599,0
1064,17.417638,78.378207,1.018871026569547,2.951987336067964,19.5883163980291,0
1065,17.417638,78.382707,1.1476670850805872,2.753618992338352,21.442185745266688,0
1066,17.417638,78.387207,0.9708793970312248,2.6280095572390265,18.442910816506515,0
1067,17.417638,78.391707,0.9549921092515754,2.457621629377652,21.655699953219,0
1068,17.417638,78.396207,0.5545004596743612,2.094168308545441,21.64815061572216,0
1069,17.417638,78.400707,0.3272910798955044,1.7852258146892852,17.802765847990827,0
1070,17.417638,78.405207,0.5809339083825857,1.563449707724899,19.777852567528324,0
1071,17.417638,78.409707,0.6392364128931941,1.4688676735469477,19.09157719356193,0
1072,17.417638,78.414207,0.2928674408296801,1.525327168514508,19.66463764588749,0
1073,17.417638,78.418707,0.3315621584156948,1.718000923847948,18.10322662512453,0
1074,17.417638,78.423207,0.0289075601002745,1.7712569285662465,18.603192321565945,0
1075,17.417638,78.427707,0.2642085443016069,1.2938382156283363,23.242131064952545,0
1076,17.417638,78.432207,0.3521933046271323,0.8164372026212631,26.8634166847282,1
1077,17.417638,78.436707,0.4014337718576732,0.3391286486978091,30.979925881167404,0
1078,17.417638,78.441207,0.5039437141815564,0.1390429147880504,25.54864874010011,1
1079,17.417638,78.445707,0.5988051246541484,0.6160712468805211,30.78734567484813,1
1080,17.417638,78.450207,0.5893278735581878,0.8811968393519141,28.83342781855605,1
1081,17.417638,78.454707,0.6949131138288132,0.9208350349621218,29.00755776742566,1
1082,17.417638,78.459207,0.2576600587129851,1.172703475781422,27.716236997426947,0
1083,17.417638,78.463707,0.0593365287768297,1.4466334128003886,25.778031990786868,0
1084,17.417638,78.468207,0.2652506398223986,1.450839912662351,26.932369207328165,0
1085,17.417638,78.472707,0.3418331322635708,1.6040708119888034,26.01085747719469,0
1086,17.417638,78.477207,0.5422645347762007,1.87004502188536,24.73600197951236,0
1087,17.417638,78.481707,0.3834258944820704,2.208395819066238,22.85579427986353,0
1088,17.417638,78.486207,0.2875772483692594,2.184356750357759,25.920599449482275,0
1089,17.417638,78.490707,0.1756258358747789,1.996926143642927,22.541818191835155,0
1090,17.417638,78.495207,0.6527305718468545,1.87458409231504,23.852521134275356,0
1091,17.417638,78.499707,1.1301133174200837,1.8698516288002396,26.976399982438828,0
1092,17.417638,78.504207,0.955530275035051,1.9835707214196872,26.546373753142124,0
1093,17.417638,78.508707,0.4802233874066959,2.1974277231255264,21.535110896108204,0
1094,17.417638,78.513207,0.0226189921242764,2.485709654744449,16.241518107135565,0
1095,17.417638,78.517707,0.4167697802705836,2.8257290163996536,21.579423911078365,0
1096,17.417638,78.522207,0.2410388774336392,3.201041167597307,20.548144553531824,0
1097,17.417638,78.526707,0.161854710298654,3.6006267140656054,17.352177638974663,0
1098,17.417638,78.531207,0.2008631799113927,3.6048433922316967,18.141736545387182,0
1099,17.417638,78.535707,0.6770408336210304,3.190357137941806,21.294600879931565,0
1100,17.417638,78.540207,1.0056895094374494,2.796030334303955,22.971668781742387,0
1101,17.417638,78.544707,0.7422559646420995,2.4316901060761027,20.45995372561189,0
1102,17.417638,78.549207,0.4014925051963606,2.112906077800838,18.6534845772898,0
1103,17.417638,78.553707,0.0584437422458065,1.863210024661119,16.867452304162292,0
1104,17.417638,78.558207,0.0984905323220172,1.7130835588821112,14.449504610849456,0
1105,17.417638,78.562707,0.299550441840359,1.6892848028218077,19.955284031394463,1
1106,17.422138,78.315207,1.7246241871839234,4.573033858530749,31.406570669621185,0
1107,17.422138,78.319707,1.2976663242302844,4.173416381359596,29.58821486563173,0
1108,17.422138,78.324207,0.8419007597559939,3.791830719406364,30.561327354298918,0
1109,17.422138,78.328707,0.3985878205730467,3.43429270888122,26.39233991864193,0
1110,17.422138,78.333207,0.2254863549971609,3.109109665245758,25.990690081437656,0
1111,17.422138,78.337707,0.4046882650619127,2.827467012465654,22.83662381535492,0
1112,17.422138,78.342207,0.0113274971461093,2.6035335218432496,17.973421377350355,0
1113,17.422138,78.346707,0.3789336816479717,2.453164117939319,21.254008692309643,0
1114,17.422138,78.351207,0.1365871406513222,2.390282802839148,19.753600773923942,0
1115,17.422138,78.355707,0.103452707817959,2.4217142406862497,18.81847987888375,0
1116,17.422138,78.360207,0.1030484552917858,2.5439650444619195,20.298548385049884,0
1117,17.422138,78.364707,0.2385644457792315,2.7449274542169086,17.57844908848908,0
1118,17.422138,78.369207,0.5833436438174587,3.008871151672814,20.63159194109439,0
1119,17.422138,78.373707,0.3832569079329078,2.8221331631452755,16.423044224949024,0
1120,17.422138,78.378207,0.6362255752318113,2.525239532636506,20.61803575847538,0
1121,17.422138,78.382707,0.7358825994300422,2.2902076153509863,20.25333129890279,0
1122,17.422138,78.387207,0.4866303731583242,2.137541640251413,17.31842985365007,0
1123,17.422138,78.391707,0.4740558295944632,2.085409965632513,18.46994371510213,0
1124,17.422138,78.396207,0.6144097049433149,1.7796581917789678,19.74047486083429,0
1125,17.422138,78.400707,0.8275002099496899,1.4031048160363162,21.28776242690042,0
1126,17.422138,78.405207,0.9592999553984024,1.107278288677396,26.703619307965702,0
1127,17.422138,78.409707,0.5975635112619634,0.9691591878330368,21.419538623817733,0
1128,17.422138,78.414207,0.2092195621527616,1.0527659252159998,19.48810911960644,0
1129,17.422138,78.418707,0.2204922342830376,1.316512398075304,16.579511140662163,0
1130,17.422138,78.423207,0.0147589778309908,1.6774790412965723,18.500199269174026,0
1131,17.422138,78.427707,0.1082098405206378,1.382856019647673,21.065308291247597,0
1132,17.422138,78.432207,0.5621926493283375,0.9512454855333468,23.655337812349337,1
1133,17.422138,78.436707,0.4300652622042241,0.5944073515855397,27.65594377879299,1
1134,17.422138,78.441207,0.1077483636441057,0.5075895477565457,23.21229020798144,1
1135,17.422138,78.445707,0.1236136926014094,0.7381329986324267,26.70421794083592,1
1136,17.422138,78.450207,0.1825893731132827,0.4005147955855371,24.985165387709024,1
1137,17.422138,78.454707,0.6483585153552114,0.4814972824782798,27.989702829392236,1
1138,17.422138,78.459207,0.6963608839320764,0.8712766026263579,28.15448327892676,0
1139,17.422138,78.463707,0.5565909358515264,1.3199477099259618,27.49564007513513,0
1140,17.422138,78.468207,0.4669219235938944,1.7836077899750715,30.24816564630388,0
1141,17.422138,78.472707,0.2206804151187236,2.06236812839017,20.42490458154164,0
1142,17.422138,78.477207,0.5790015618120501,2.275382329865395,22.821110287040653,0
1143,17.422138,78.481707,0.3983258370768079,1.998973564197852,24.155701150679693,0
1144,17.422138,78.486207,0.0304009596807078,1.8025151629501155,22.473286284505917,0
1145,17.422138,78.490707,0.3585088153774435,1.7198987975872868,25.1297380051054,0
1146,17.422138,78.495207,0.7721902895572113,1.7671638844079829,26.46279295031684,0
1147,17.422138,78.499707,1.2203356771860063,1.9348152040481652,26.693452162140176,0
1148,17.422138,78.504207,1.075357440903054,2.195444581850173,27.882093562849708,0
1149,17.422138,78.508707,0.6463879077266411,2.52037086720273,24.60216193364066,0
1150,17.422138,78.513207,0.227374936097743,2.8787683649575087,19.71057873912816,0
1151,17.422138,78.517707,0.3384797248528363,3.1769883218144583,21.31450594202332,0
1152,17.422138,78.522207,0.6880506781215479,3.5149849444392287,21.497365862759704,0
1153,17.422138,78.526707,0.53866372670445,3.405164361235294,18.500878647425218,0
1154,17.422138,78.531207,0.5540167883355661,3.2849128168771284,20.79627618334756,0
1155,17.422138,78.535707,0.8561469583246816,3.2314008604944378,21.246106397830268,0
1156,17.422138,78.540207,1.0394091316964753,3.122749748099775,22.071459035926345,1
1157,17.422138,78.544707,0.5620832283741525,2.801239734764788,22.229725706163283,0
1158,17.422138,78.549207,0.0858374792449341,2.529473277674318,11.735710415694683,0
1159,17.422138,78.553707,0.0881279957987338,2.324960004511761,14.152234468406048,1
1160,17.422138,78.558207,0.0603091952225227,2.206480440092709,14.897378493766512,1
1161,17.422138,78.562707,0.5355086169922008,2.1880552535434634,19.946880753192687,0
1162,17.426638,78.283707,2.608854312877324,7.483335856935792,37.10844333174793,0
1163,17.426638,78.306207,1.7676111616374768,5.208608112090748,30.460083479450383,0
1164,17.426638,78.310707,1.640684023442735,4.766849292136472,30.655113567797045,0
1165,17.426638,78.315207,1.4060129200612352,4.332655644118145,29.31810544347056,0
1166,17.426638,78.319707,1.1954822281371629,3.908549185727151,34.429705902847246,0
1167,17.426638,78.324207,0.8365199754585205,3.49820062261678,30.627146176807685,0
1168,17.426638,78.328707,0.4007875788781885,3.1070657393592334,23.18357513856257,0
1169,17.426638,78.333207,0.2527283120213451,2.743375015655067,21.93758179500217,0
1170,17.426638,78.337707,0.3231110158205716,2.4195360093902725,20.297559495064927,0
1171,17.426638,78.342207,0.1307612625546193,2.153602001824776,17.113291907903125,0
1172,17.426638,78.346707,0.2733813269241393,1.9691743756669255,21.0345116627234,0
1173,17.426638,78.351207,0.1152194611069224,1.8902626589211384,17.81861659629266,0
1174,17.426638,78.355707,0.1181306297430044,1.9298541852220887,19.18544427360445,0
1175,17.426638,78.360207,0.1625073108031993,2.0811968891056734,15.988091084563164,0
1176,17.426638,78.364707,0.3459890142959133,2.3225466334142286,18.390269259487752,0
1177,17.426638,78.369207,0.4509305339077435,2.6292326437800333,20.535797349568757,0
1178,17.426638,78.373707,0.1111681630763443,2.475430573892184,18.70678050845295,0
1179,17.426638,78.378207,0.5184255014476498,2.1307732817105483,21.11424812530294,0
1180,17.426638,78.382707,0.389528234695802,1.8461957936490137,16.817826554540193,0
1181,17.426638,78.387207,0.0500578736010778,1.6530241734734994,19.177245226813795,0
1182,17.426638,78.391707,0.0106293718647747,1.585037793628573,15.768295396442992,0
1183,17.426638,78.396207,0.2647841271858299,1.565113500598052,20.38386353626841,0
1184,17.426638,78.400707,0.721946056802169,1.118539074061473,22.14417247456002,0
1185,17.426638,78.405207,1.1932292555711308,0.7130989073671,22.614701007369373,1
1186,17.426638,78.409707,0.7601515689648288,0.4708730663682552,22.568842420370405,1
1187,17.426638,78.414207,0.3106257558548913,0.6251110614827209,21.710972922292186,1
1188,17.426638,78.418707,0.2233042185626778,1.0077882889102665,22.186957951439663,0
1189,17.426638,78.423207,0.3579639749865701,1.4478748677004738,22.003960867851227,0
1190,17.426638,78.427707,0.5746167730851774,1.6282870850569595,27.161898087666543,0
1191,17.426638,78.432207,0.7994818158870785,1.28215477351452,27.954015091663543,0
1192,17.426638,78.436707,0.5418632839976927,1.045172991764249,24.334532789265047,0
1193,17.426638,78.441207,0.0992501900280591,0.9983566447253422,24.09537244469572,1
1194,17.426638,78.445707,0.2779439759063751,0.6553546395693848,27.87323167001833,1
1195,17.426638,78.450207,0.3890993910321506,0.2122992168781857,28.85635328236566,1
1196,17.426638,78.454707,0.7491654616783173,0.3413161706769265,24.81854938216761,1
1197,17.426638,78.459207,0.5815420768884727,0.8023509308285355,24.504696518521666,1
1198,17.426638,78.463707,0.4291243456233505,1.2754927756361392,28.40935876584296,0
1199,17.426638,78.468207,0.2723909127679994,1.770399885516008,22.286254958878477,0
1200,17.426638,78.472707,0.1021336878663198,2.097716474646386,20.55043135503604,0
1201,17.426638,78.477207,0.4065129076451286,1.931049407559302,23.7801864286822,0
1202,17.426638,78.481707,0.2129272861286469,1.589440690984528,24.087544985296766,0
1203,17.426638,78.486207,0.2543903546976478,1.3339811565060216,22.883466575906628,0
1204,17.426638,78.490707,0.5260965067599238,1.2200425656982998,22.95929002245421,0
1205,17.426638,78.495207,0.9648257107690889,1.285813407508166,25.050620026758946,0
1206,17.426638,78.499707,1.4277493947078947,1.5079597130756,27.238451762814584,0
1207,17.426638,78.504207,1.300914929935946,1.8304051447049805,25.62651633095957,0
1208,17.426638,78.508707,0.9180827857082158,2.20966911795594,29.14879477412892,0
1209,17.426638,78.513207,0.6707365908980476,2.62120322498262,23.22328378899853,0
1210,17.426638,78.517707,0.7160692615678966,3.0101736757253432,24.24569908722264,0
1211,17.426638,78.522207,0.7079933313178981,3.142353702698352,21.076439557400285,0
1212,17.426638,78.526707,0.2859530624172363,2.934984555671539,18.85218199609293,0
1213,17.426638,78.531207,0.3307367467949433,2.7945772613228392,17.847942818287247,0
1214,17.426638,78.535707,0.7650406092723426,2.7314776176494253,16.44725742878942,0
1215,17.426638,78.540207,0.9509795922253146,2.751010370913934,20.071843501610655,0
1216,17.426638,78.544707,0.503757516753963,2.8514779194153466,16.577842506572246,0
1217,17.426638,78.549207,0.0811103165194687,2.972011549258014,13.309412916722252,0
1218,17.426638,78.553707,0.2733193763535502,2.8000144768979207,16.803823578017557,0
1219,17.426638,78.558207,0.2607480752299121,2.7024454128060174,22.080348224438293,0
1220,17.426638,78.562707,0.6394840805301691,2.6874231271408773,21.994260493921846,0
1221,17.431138,78.279207,2.717572629761141,7.842243467279011,39.69511687519115,0
1222,17.431138,78.283707,2.3038502392161084,7.372883981957208,35.665799092442214,0
1223,17.431138,78.288207,1.9199067268621892,6.904624653882018,34.28448691149827,0
1224,17.431138,78.292707,1.58749763598636,6.437705554197503,29.06354427990898,0
1225,17.431138,78.297207,1.3421523145912937,5.972441024362341,30.538281514181072,0
1226,17.431138,78.301707,1.237763695728339,5.509250273408268,30.3721413489133,0
1227,17.431138,78.306207,1.2701154997122583,5.048704107209051,27.95810871461968,0
1228,17.431138,78.310707,1.2620484425789855,4.591598365875286,30.13649254477101,0
1229,17.431138,78.315207,0.9590477891540942,4.139073054627354,28.239498604937,0
1230,17.431138,78.319707,0.753356530389276,3.692812445611233,24.637871818288023,0
1231,17.431138,78.324207,0.6138673970748841,3.2553939202778226,22.479187708294297,0
1232,17.431138,78.328707,0.5191248406914821,2.830919145156101,21.579040642587703,0
1233,17.431138,78.333207,0.127555797129994,2.426191387865285,21.535020389719254,0
1234,17.431138,78.337707,0.1617788596095838,2.052923259598698,21.966213565392824,0
1235,17.431138,78.342207,0.2285885223439937,1.7315804876115324,19.86181086463197,0
1236,17.431138,78.346707,0.0080059944350959,1.4960066433873678,19.90791460786808,0
1237,17.431138,78.351207,0.0768459472545208,1.3904994017131571,21.146480052734294,0
1238,17.431138,78.355707,0.0923583973290738,1.4438591041247535,21.08720832798067,0
1239,17.431138,78.360207,0.1754087043426515,1.640657629176204,23.227961419317825,0
1240,17.431138,78.364707,0.0214619962133589,1.9376722159992417,21.559549251204643,0
1241,17.431138,78.369207,0.401244008224362,2.296340043074025,19.12305647400863,0
1242,17.431138,78.373707,0.6072342525092914,2.189025370169427,25.6115320125625,0
1243,17.431138,78.378207,0.7923055923345035,1.790058511582878,22.220820243005704,0
1244,17.431138,78.382707,0.4464191026226207,1.4396463163549007,23.272719362763315,0
1245,17.431138,78.387207,0.109692089783966,1.181798712039224,19.322429172675307,0
1246,17.431138,78.391707,0.0993380047121471,1.08467023284429,18.3714312783492,0
1247,17.431138,78.396207,0.4047374644951978,1.188345686674405,17.529378988659246,0
1248,17.431138,78.400707,0.6548551752409566,1.0170107254532632,22.460474021173614,0
1249,17.431138,78.405207,0.800911140463381,0.5401013959623481,20.755665183857836,1
1250,17.431138,78.409707,0.9925303631354452,0.0701995883232546,27.183322464769525,1
1251,17.431138,78.414207,0.6982674836727764,0.417092566086863,26.76413654413157,1
1252,17.431138,78.418707,0.6612673313399083,0.8937696556039837,22.176966075115374,1
1253,17.431138,78.423207,0.8327194913356812,1.3709492870412932,25.67203987397461,0
1254,17.431138,78.427707,0.9707419330212088,1.848242262032316,24.711727924262004,0
1255,17.431138,78.432207,0.9167627830759608,1.6981544023787922,24.837020955482227,0
1256,17.431138,78.436707,0.7368265053815404,1.527156733819432,26.79954175582786,0
1257,17.431138,78.441207,0.453989432866762,1.2865209880904258,23.685826658887763,0
1258,17.431138,78.445707,0.5291429748499853,0.9027146316327572,27.868922061228837,1
1259,17.431138,78.450207,0.6232169105520909,0.6561131287330355,24.126153842924374,1
1260,17.431138,78.454707,0.6879757240018982,0.708454972181027,27.57072895865331,1
1261,17.431138,78.459207,0.2183571118028808,0.906499213040433,22.99539011835073,1
1262,17.431138,78.463707,0.0885296929757194,1.0845324028609071,23.61121408400997,0
1263,17.431138,78.468207,0.3887064006374837,1.4094250966536752,22.876365603579742,0
1264,17.431138,78.472707,0.4390348284173099,1.8034817807372805,23.87701657922411,0
1265,17.431138,78.477207,0.2645062760943812,1.6613558250224525,22.558086836918516,0
1266,17.431138,78.481707,0.3053039748535373,1.247999491179126,21.18303693424924,0
1267,17.431138,78.486207,0.34389804920259,0.9003916715866754,24.199092674115697,1
1268,17.431138,78.490707,0.6735746203969167,0.720909477387594,25.915478016760392,1
1269,17.431138,78.495207,1.1381043869842478,0.8273564329356213,28.33272664089757,1
1270,17.431138,78.499707,1.4875433514754763,1.1424227500231354,32.04939818615677,0
1271,17.431138,78.504207,1.6095442495102494,1.5432250944666162,32.33775539730776,0
1272,17.431138,78.508707,1.319776174321663,1.978322654117172,26.689212095155163,0
1273,17.431138,78.513207,1.1613915839911308,2.356682254559424,26.9890383951526,0
1274,17.431138,78.517707,1.1881483386015417,2.5736105005628787,24.933852812129587,0
1275,17.431138,78.522207,0.7362736522221036,2.7192095067608806,23.3247236633644,0
1276,17.431138,78.526707,0.3491594804490732,2.476666908678609,19.60086044968149,0
1277,17.431138,78.531207,0.3866973311928752,2.3085550778223176,24.15259024905175,0
1278,17.431138,78.535707,0.7913270587542833,2.231757839571004,23.999975052700155,0
1279,17.431138,78.540207,0.7512071998097672,2.2556215325670625,22.575825599415023,0
1280,17.431138,78.544707,0.2943594776666219,2.3771165050038525,22.68637789363744,0
1281,17.431138,78.549207,0.1238194951690316,2.58249998929652,15.01041638862008,0
1282,17.431138,78.553707,0.4164088496244136,2.853716602377653,17.19968006188955,0
1283,17.431138,78.558207,0.738291792009753,3.199784541147054,24.91261750195897,0
1284,17.431138,78.562707,0.7812718264540862,3.187107616670635,23.89734314811994,0
1285,17.431138,78.567207,0.3724468742449414,3.2453935496708906,22.051379045456624,0
1286,17.431138,78.571707,0.1415385797465204,3.3709633794473253,17.761382500393275,0
1287,17.431138,78.576207,0.4946392542654448,3.556697822385905,22.749507183236616,0
1288,17.435638,78.274707,3.019978550284624,8.243629557577028,42.151442737488736,0
1289,17.435638,78.279207,2.5271583715489463,7.769199670019376,36.84616256589575,0
1290,17.435638,78.283707,2.076016659764492,7.2951542330379056,32.8394617257344,0
1291,17.435638,78.288207,1.6396467758792577,6.8215733962261,29.011436995129102,0
1292,17.435638,78.292707,1.233927555851435,6.348561133452122,26.672129870551203,0
1293,17.435638,78.297207,0.9013837271082564,5.8762547496244935,21.21179813384187,0
1294,17.435638,78.301707,0.7379353238341217,5.4048392996691375,25.006965767072327,0
1295,17.435638,78.306207,0.7763325129617656,4.934570131874304,26.41314534402287,1
1296,17.435638,78.310707,0.9901343943902676,4.46580938673159,22.851788873915417,0
1297,17.435638,78.315207,0.5744248664227095,3.9990875377223856,22.181963160050174,0
1298,17.435638,78.319707,0.3086277873027987,3.535212208034593,19.589229652728346,0
1299,17.435638,78.324207,0.1186396532438078,3.075471694707597,18.82597924173109,0
1300,17.435638,78.328707,0.5152063025843728,2.622041857676308,23.234047281971712,0
1301,17.435638,78.333207,0.5974649028773423,2.1788660887296385,19.4416755361912,0
1302,17.435638,78.337707,0.3453395919945647,1.7537354229685105,23.315282948744493,0
1303,17.435638,78.342207,0.3733000205226792,1.3636330180070904,23.750753732738197,0
1304,17.435638,78.346707,0.2983092321398866,1.0484172143619217,21.27932783118515,0
1305,17.435638,78.351207,0.2941828187082148,0.8914251942285231,16.784060569421044,1
1306,17.435638,78.355707,0.2963557946755839,0.9725613978430484,19.75501520752558,0
1307,17.435638,78.360207,0.2802652039023856,1.2461496869536448,24.107428297991724,0
1308,17.435638,78.364707,0.3593634583690995,1.617306089064879,16.551832341616905,0
1309,17.435638,78.369207,0.5842644923177256,2.033284412542079,22.75534986196044,0
1310,17.435638,78.373707,0.5686307788535934,1.98913605009263,20.991545770045427,0
1311,17.435638,78.378207,0.4994387988198396,1.5392136913712315,24.542435397504125,0
1312,17.435638,78.382707,0.6471772370526419,1.112420219400264,22.46844348332801,0
1313,17.435638,78.387207,0.1706362389576249,0.7493744703926603,21.768360079388977,1
1314,17.435638,78.391707,0.0294452019997775,0.5843191295175614,21.247300794984977,1
1315,17.435638,78.396207,0.4853257945439284,0.7596571525253196,26.52913749993517,1
1316,17.435638,78.400707,0.1550367199809816,1.1262826153013072,20.475875678477323,0
1317,17.435638,78.405207,0.4724772039360463,0.7587249879060337,23.546865295194856,1
1318,17.435638,78.409707,0.9341513894670638,0.5374840872714448,22.60438010230787,1
1319,17.435638,78.414207,0.7076568458009604,0.6767002303725069,26.6070031782996,1
1320,17.435638,78.418707,0.667561763092274,1.0405603203692828,22.475878772033493,0
1321,17.435638,78.423207,0.7894284109146789,1.470855832279309,23.61815276031265,0
1322,17.435638,78.427707,0.5121451929305527,1.9235063031482067,23.042931058153105,0
1323,17.435638,78.432207,0.4258251079245869,2.150416356654342,19.45473198845941,0
1324,17.435638,78.436707,0.6816942281854023,2.01811382742166,24.5834244115659,0
1325,17.435638,78.441207,0.680284191922963,1.594137433930442,26.061371461210605,0
1326,17.435638,78.445707,0.2507471813497577,1.3042439692583907,22.142653813280965,0
1327,17.435638,78.450207,0.1402742153438807,0.9127586986441296,17.722032507060074,1
1328,17.435638,78.454707,0.2274174722029218,0.5253705091253343,21.179067829451768,1
1329,17.435638,78.459207,0.4510879383125285,0.4179563613611669,24.254757012690103,1
1330,17.435638,78.463707,0.3436183689570318,0.7274259319258458,18.369820699208816,0
1331,17.435638,78.468207,0.197082319288953,1.1573232353029257,19.09489549464383,0
1332,17.435638,78.472707,0.3578284959093398,1.5604138407816064,23.957836142563544,0
1333,17.435638,78.477207,0.0706737906128722,1.5139382931020384,21.015988966505624,0
1334,17.435638,78.481707,0.0352251281016728,1.0437616441690312,21.07935433197454,0
1335,17.435638,78.486207,0.1343745582682378,0.5853710120190666,24.560178701956424,1
1336,17.435638,78.490707,0.4513731252781329,0.2273141248482302,23.670038324892687,1
1337,17.435638,78.495207,0.8157393516722209,0.4652696411019383,26.22386049799789,1
1338,17.435638,78.499707,1.258138182427505,0.914916173399895,32.97248185256302,1
1339,17.435638,78.504207,1.7093513639007516,1.3832783549456047,29.819104256954358,0
1340,17.435638,78.508707,1.7724268452541052,1.733009802982769,29.018147791069737,0
1341,17.435638,78.513207,1.657868472634184,1.9018563831606583,30.771570119021234,0
1342,17.435638,78.517707,1.3981214560242727,2.164844353736718,29.22590075805667,0
1343,17.435638,78.522207,1.038476325300106,2.326922539488537,25.128359286438755,0
1344,17.435638,78.526707,0.8094616924716405,2.0382291899006506,22.73623590118247,0
1345,17.435638,78.531207,0.8266032852997203,1.830285673874374,29.518697120432854,0
1346,17.435638,78.535707,1.0782394892785865,1.73241760482317,27.05959973384045,0
1347,17.435638,78.540207,0.7500344026722718,1.7630523416200057,22.97125143468754,0
1348,17.435638,78.544707,0.3016105686491089,1.916036026097432,23.57836014440581,0
1349,17.435638,78.549207,0.1091356471879863,2.165592814732444,20.3766210442941,0
1350,17.435638,78.553707,0.4065441784002225,2.482770250443161,21.878796585930868,0
1351,17.435638,78.558207,0.8604909095763856,2.8450415962287976,26.23975023402459,0
1352,17.435638,78.562707,0.6133080433222468,3.2373033440691623,21.05685001624689,0
1353,17.435638,78.567207,0.1361943016335592,3.737477300399231,21.492961514105897,0
1354,17.435638,78.571707,0.3206524387040085,3.847015844233897,25.73109243557976,0
1355,17.435638,78.576207,0.8130347543005029,4.0107610854182845,25.803164203333928,0
1356,17.440138,78.274707,2.5327379108205155,8.204734982934172,33.922066967322685,0
1357,17.440138,78.279207,2.4579828048629686,7.72792978775837,32.993633988178985,0
1358,17.440138,78.283707,1.952049088450096,7.251198988093714,29.95735933773973,0
1359,17.440138,78.288207,1.4799011150250403,6.77455829005893,27.27321135120236,0
1360,17.440138,78.292707,1.0124977315243355,6.2980281509081735,24.092576578684486,0
1361,17.440138,78.297207,0.5618658484393326,5.821635720400668,23.888135475942967,0
1362,17.440138,78.301707,0.2404012108300344,5.345417817428127,16.613933951047702,0
1363,17.440138,78.306207,0.3037171103068777,4.86942564765581,22.181886605991448,0
1364,17.440138,78.310707,0.6844954337758339,4.393732575985648,22.02491019972038,0
1365,17.440138,78.315207,0.4272177011804774,3.918447534289949,22.07897878090345,0
1366,17.440138,78.319707,0.0497764967582716,3.443739468858893,16.930936739947978,0
1367,17.440138,78.324207,0.1570506106324363,2.9698850655160367,22.646284013305937,0
1368,17.440138,78.328707,0.5929334537750396,2.4973702968697085,25.28685652154802,0
1369,17.440138,78.333207,0.8267431991727141,2.0271321670563847,26.333516456324336,1
1370,17.440138,78.337707,0.8164112367888012,1.561229186460826,21.55637109762771,0
1371,17.440138,78.342207,0.463091174288289,1.1051577491161233,24.36783993086053,0
1372,17.440138,78.346707,0.0591639063140187,0.6790258144712775,21.341609801425992,1
1373,17.440138,78.351207,0.1966912292772927,0.3956561536676564,18.386669890365177,1
1374,17.440138,78.355707,0.3283056451191504,0.554776402032401,22.564976472010944,1
1375,17.440138,78.360207,0.2402017383656923,0.9564388373472816,23.019888299580582,1
1376,17.440138,78.364707,0.2403515606249315,1.406249967679241,23.582287240681318,0
1377,17.440138,78.369207,0.7151895112372941,1.8697775326770791,25.81888731786451,0
1378,17.440138,78.373707,0.3046165688881068,1.9032201632389896,23.69067990245009,0
1379,17.440138,78.378207,0.1338291490127356,1.426465112260267,25.09662859963084,0
1380,17.440138,78.382707,0.6109350540460049,0.9503318333599704,27.48651562756697,1
1381,17.440138,78.387207,0.4242939630969944,0.476687131549617,18.15866719909524,1
1382,17.440138,78.391707,0.20772605555693,0.0842781142235687,21.89314287406036,1
1383,17.440138,78.396207,0.5730769032929008,0.4926937497820432,24.28405943402266,1
1384,17.440138,78.400707,0.3038948246326416,0.9665213980363424,19.349344197726907,1
1385,17.440138,78.405207,0.5490669744546737,1.16634999881943,24.33492512120701,0
1386,17.440138,78.409707,0.7492531132903538,1.0361490868785077,27.63964071953192,0
1387,17.440138,78.414207,0.3172024647584259,1.114735313198709,20.150241354936224,0
1388,17.440138,78.418707,0.226492918410025,1.3665511276240987,22.21190092207707,0
1389,17.440138,78.423207,0.5272167703139959,1.7169992509177403,21.26595360625989,0
1390,17.440138,78.427707,0.137974239271213,2.117665730848904,19.17460267270866,0
1391,17.440138,78.432207,0.0760678669589526,2.6202303832276947,22.86805522765724,0
1392,17.440138,78.436707,0.1822729851353589,2.2856462065400005,19.249212750194516,0
1393,17.440138,78.441207,0.4868124176389819,1.779984182805122,22.894354961263996,0
1394,17.440138,78.445707,0.3724526573475976,1.3037217565727988,17.380427690873002,0
1395,17.440138,78.450207,0.3230684770644561,0.8287421306191929,24.426213311239422,0
1396,17.440138,78.454707,0.1395892994731037,0.3601569006825574,20.720992659968005,1
1397,17.440138,78.459207,0.0566501687045321,0.1684898839837574,18.610750307599893,1
1398,17.440138,78.463707,0.1294412999074655,0.6187415153412088,20.565366096178003,1
1399,17.440138,78.468207,0.125757158397669,0.8699710239354385,16.618327554417696,1
1400,17.440138,78.472707,0.4381457172491302,1.2290127098710657,23.765699464155247,0
1401,17.440138,78.477207,0.0587833179987047,1.5246867705827434,18.604521776104,0
1402,17.440138,78.481707,0.2389316371510442,1.059305730053172,20.08882056952336,0
1403,17.440138,78.486207,0.2259960989975689,0.6126727546274109,19.629878469639834,1
1404,17.440138,78.490707,0.2732266543142961,0.2904953913943209,19.95311494137065,1
1405,17.440138,78.495207,0.7323485551503243,0.4991869733498014,25.49329734475047,1
1406,17.440138,78.499707,1.1772078718935666,0.9326135802114172,27.529107718930195,1
1407,17.440138,78.504207,1.2245415911475526,1.1871086800051809,28.85045948226133,0
1408,17.440138,78.508707,1.438378794015762,1.251878267163494,29.051610632652896,0
1409,17.440138,78.513207,1.7590090145310324,1.476793410231371,32.24441166491893,0
1410,17.440138,78.517707,1.7295925842874695,1.8028826251108097,30.40739246409093,0
1411,17.440138,78.522207,1.4537856029214915,1.983882880168851,34.225255931141646,0
1412,17.440138,78.526707,1.299579598315335,1.6357359518243135,25.84653497479191,0
1413,17.440138,78.531207,1.3103976885444435,1.3679252068210022,31.67273077762629,0
1414,17.440138,78.535707,1.379299638107013,1.2339177787703506,32.362000676508806,0
1415,17.440138,78.540207,0.984949941035516,1.2765708927485209,25.574053362862383,0
1416,17.440138,78.544707,0.6950292584667738,1.4806957316544551,29.971452133735436,0
1417,17.440138,78.549207,0.5962734376451683,1.7919355181009071,26.842021490682907,0
1418,17.440138,78.553707,0.7599010773377588,2.1645674850947296,27.664608820825663,0
1419,17.440138,78.558207,1.080823468175421,2.572045555274488,27.55585644458599,0
1420,17.440138,78.562707,0.7973843608519302,3.0002051134224423,25.183878884721597,0
1421,17.440138,78.567207,0.5263821326490099,3.441335431019452,23.365704423018773,0
1422,17.440138,78.571707,0.6037286090799974,3.891027475538931,24.801631268174543,0
1423,17.440138,78.576207,0.8470860414779005,4.474713866026895,28.042189527799174,0
1424,17.440138,78.580707,0.7282502649261979,4.665358940574013,24.64345026415149,0
1425,17.444638,78.274707,2.050986600858603,8.19626002185845,29.43147228992573,0
1426,17.444638,78.279207,1.9588093787078984,7.718943481834943,31.91070576370446,0
1427,17.444638,78.283707,1.928312275280102,7.241633286404559,31.529904204613835,0
1428,17.444638,78.288207,1.479706662465366,6.764330778939988,27.9748428804095,0
1429,17.444638,78.292707,1.0097999100320496,6.28703771071116,25.07813455436744,0
1430,17.444638,78.297207,0.5383286772340231,5.809756408419206,20.037372401037224,0
1431,17.444638,78.301707,0.0765661179193475,5.332490031677456,15.85724673751448,0
1432,17.444638,78.306207,0.200854526642644,4.855242982296171,16.7198117891226,0
1433,17.444638,78.310707,0.6433016594664933,4.378021581203214,17.92402314372463,0
1434,17.444638,78.315207,0.5143849522565773,3.900835242020829,21.065523417655424,0
1435,17.444638,78.319707,0.0590668046192655,3.423698625621177,17.94360628612664,0
1436,17.444638,78.324207,0.253353648253072,2.946635886645061,18.719542226928397,0
1437,17.444638,78.328707,0.4465995205542333,2.46968983786482,15.233107687413902,0
1438,17.444638,78.333207,0.3306644071777168,1.9929442593429063,18.38906018181079,0
1439,17.444638,78.337707,0.3835789707659557,1.5165882191449067,23.913377560125284,0
1440,17.444638,78.342207,0.6663698423229931,1.0411565266442242,22.53005300083066,0
1441,17.444638,78.346707,0.4227827119653119,0.5689710722901903,23.614317764649808,1
1442,17.444638,78.351207,0.30598793047485,0.1385760847109645,19.89482960286621,1
1443,17.444638,78.355707,0.1994209642995084,0.412834910825999,25.370892959324173,1
1444,17.444638,78.360207,0.156828271136786,0.8817120153705195,22.3646457984624,1
1445,17.444638,78.364707,0.5150048671404761,1.3565226036708762,25.741306250812368,0
1446,17.444638,78.369207,0.8480676472213862,1.8326606755418244,32.10370071936248,0
1447,17.444638,78.373707,0.5409794980962045,1.9464291313041449,28.85865297348758,0
1448,17.444638,78.378207,0.4630366353988391,1.4836378470716622,24.877781707299043,0
1449,17.444638,78.382707,0.7563961823991127,1.0341842500708502,26.10977300848101,0
1450,17.444638,78.387207,0.7842828819490988,0.6274183367608357,26.768473798346296,1
1451,17.444638,78.391707,0.6915401386037556,0.4165709786689979,27.75124198135881,1
1452,17.444638,78.396207,0.8928173530299544,0.6396638930812851,27.51356084224452,1
1453,17.444638,78.400707,0.769622298024343,1.0490802241474082,25.902763479564204,1
1454,17.444638,78.405207,0.6958907588125112,1.499243022878435,28.82657261231257,0
1455,17.444638,78.409707,0.6032249075652635,1.535928169123867,24.693666381656875,0
1456,17.444638,78.414207,0.1303919885576031,1.590000332956878,26.22804316971841,0
1457,17.444638,78.418707,0.2706721579873269,1.7756443364394452,22.168454410342456,0
1458,17.444638,78.423207,0.029165993969759,2.057549657370412,23.613264947945275,0
1459,17.444638,78.427707,0.4511283486364998,2.4020604503727943,22.79801414350507,0
1460,17.444638,78.432207,0.4379302541450109,2.7860481425824744,23.45922440382389,0
1461,17.444638,78.436707,0.3100782669826841,2.3339032365292938,18.88144474923833,0
1462,17.444638,78.441207,0.5514245023128144,1.8768916212838624,19.68513326339444,0
1463,17.444638,78.445707,0.7098923359451689,1.4332149610300045,22.93868565098643,0
1464,17.444638,78.450207,0.3467463351685876,1.020418158262351,21.5657021020142,0
1465,17.444638,78.454707,0.0371981692233013,0.6958206939912674,17.64053674118431,1
1466,17.444638,78.459207,0.4296974945559472,0.4395890346936216,17.257003967562945,1
1467,17.444638,78.463707,0.5396331798298293,0.1880087167358365,17.7724667716032,1
1468,17.444638,78.468207,0.6042961775739866,0.577237981243042,18.11895960841546,1
1469,17.444638,78.504207,0.7601820541292814,0.6883761756060385,21.42821694405519,1
1470,17.444638,78.508707,1.071118176657856,0.79487737293374,27.529999140208368,1
1471,17.444638,78.513207,1.4607979194796792,1.116035157132993,32.35257056731638,0
1472,17.444638,78.517707,1.8835832039972604,1.5215042098757376,33.02251427337261,0
1473,17.444638,78.522207,1.9100445340334529,1.719816465208012,29.040958234970518,0
1474,17.444638,78.526707,1.795366440946307,1.302935377187318,32.77796656957325,0
1475,17.444638,78.531207,1.8031136447271257,0.945117832727082,33.08900147482783,1
1476,17.444638,78.535707,1.6738130591405995,0.737963438308129,36.95554132571498,1
1477,17.444638,78.540207,1.3638531910941696,0.807259284829289,28.026344847514636,1
1478,17.444638,78.544707,1.1624000113442652,1.1020346036632351,28.89828036241602,0
1479,17.444638,78.549207,1.0952282377301172,1.4943320180431334,32.54863102815654,0
1480,17.444638,78.553707,1.2079953180432146,1.9254379475374013,30.490905743188694,0
1481,17.444638,78.558207,1.4420962148376797,2.3743061293459577,31.8238937825224,0
1482,17.444638,78.562707,1.1810168179337386,2.8325047391289013,28.99560403155803,0
1483,17.444638,78.567207,1.0178732270132034,3.2961449896044006,28.0288086000266,0
1484,17.444638,78.571707,0.896195534883647,3.763216135197335,27.734654092033814,0
1485,17.444638,78.576207,0.4615674096736358,4.2325825164415445,21.46735012704749,0
1486,17.444638,78.580707,0.2292136427412504,4.703557060913086,22.95273334661904,0
1487,17.444638,78.585207,0.516728559043087,5.329302866825421,19.685888833238344,0
1488,17.444638,78.589707,0.9643038570933068,5.572759591435965,25.305872004350974,0
1489,17.449138,78.279207,1.4604600369224143,7.742353164661624,26.926463419443525,0
1490,17.449138,78.283707,1.4279362321841205,7.266592939838039,24.565565678398457,0
1491,17.449138,78.288207,1.506722396302652,6.791057074169335,25.73930015128521,0
1492,17.449138,78.292707,1.0446332812847114,6.315796246238128,21.386056573992324,0
1493,17.449138,78.297207,0.5717550070085787,5.840877594578839,17.386975530553553,0
1494,17.449138,78.301707,0.1351871196115624,5.366391966715773,16.066276430453197,0
1495,17.449138,78.306207,0.094355340074964,4.892465352319787,14.313538974480696,0
1496,17.449138,78.310707,0.5440598258544966,4.419277602417661,19.989031207534147,0
1497,17.449138,78.315207,0.543057149822868,3.947094457140874,17.287637616907972,0
1498,17.449138,78.319707,0.0999080780701295,3.476325301945695,18.7218611620948,0
1499,17.449138,78.324207,0.1886786812161389,3.0076341837422977,15.943246973269886,1
1500,17.449138,78.328707,0.0798731632705846,2.542170724027637,17.087767694508138,0
1501,17.449138,78.333207,0.037457616488333,2.0821007245123737,17.356633318214364,0
1502,17.449138,78.337707,0.0693797086169891,1.6319919408961767,22.139953106120014,0
1503,17.449138,78.342207,0.5443513316046206,1.2030772192282753,23.722297708132118,0
1504,17.449138,78.346707,0.6201110090505338,0.8289359013361525,23.82164108792817,1
1505,17.449138,78.351207,0.1835037748265319,0.6185608255144638,23.334790868486447,1
1506,17.449138,78.355707,0.2721911318772976,0.7306456696703775,19.32702909948472,1
1507,17.449138,78.360207,0.2917618144322181,1.0680877902503156,24.18284727980421,0
1508,17.449138,78.364707,0.6979202085414318,1.4844267559372333,31.229989021594378,0
1509,17.449138,78.369207,0.8502663726736119,1.9292425695610296,28.84415577103981,0
1510,17.449138,78.373707,0.4096939954985207,2.1108482527333274,26.38990104565378,0
1511,17.449138,78.378207,0.2447883707968073,1.693609878929392,26.556288130576704,0
1512,17.449138,78.382707,0.6319805924792896,1.317838439764806,29.640816225206635,0
1513,17.449138,78.387207,1.00702482226168,1.0299667667608634,26.04024315632252,0
1514,17.449138,78.391707,1.1034991565720844,0.9169048938226962,27.05564984771488,1
1515,17.449138,78.396207,0.6601356789857015,1.0374715825000094,27.864219220941774,0
1516,17.449138,78.400707,0.3203626226181874,1.329559942625549,23.546220767116544,0
1517,17.449138,78.405207,0.2176277252365311,1.7072965921475611,26.45591441909032,0
1518,17.449138,78.409707,0.5904023655448145,2.03600107452714,24.828837528848737,0
1519,17.449138,78.414207,0.5466090413768291,2.07709458684891,20.656103546000864,0
1520,17.449138,78.418707,0.5912671846942478,2.222412710475246,21.545578988218267,0
1521,17.449138,78.423207,0.4146613494745583,2.453505527613025,16.7938576597951,0
1522,17.449138,78.427707,0.6213180773536292,2.748824344542487,22.342430033248405,0
1523,17.449138,78.432207,0.93112537016386,2.946570624591706,23.59992566553195,0
1524,17.449138,78.436707,0.4200103965039741,2.5104162807583257,19.42027290700188,0
1525,17.449138,78.441207,0.05455509965894,2.092332487054716,19.666150174265137,0
1526,17.449138,78.445707,0.43830702795661,1.7056595345638863,21.73095616262897,0
1527,17.449138,78.450207,0.2309531187919604,1.3771156588662448,17.37852898710429,0
1528,17.449138,78.454707,0.1795938816916966,0.9401991535891784,12.889747261146232,0
1529,17.449138,78.459207,0.5603581031694413,0.519952595661648,20.5528819463734,1
1530,17.449138,78.463707,1.0006580630274724,0.3353555681509349,23.07610457618623,1
1531,17.449138,78.468207,0.9142670239716688,0.6405563320740223,22.20158316950692,1
1532,17.449138,78.504207,0.3947627500121032,0.198118965356556,24.92355844708583,1
1533,17.449138,78.526707,2.29308248743166,1.1047188373836192,34.94135865908417,0
1534,17.449138,78.531207,2.2991411773700494,0.6450044083859419,41.63184215234235,1
1535,17.449138,78.535707,2.0478334810472982,0.2595796834180358,34.37117656009537,1
1536,17.449138,78.540207,1.8033553646445348,0.4176798839816971,36.375807683658685,1
1537,17.449138,78.544707,1.642138779576451,0.858635724331211,30.45846569428524,1
1538,17.449138,78.549207,1.59450864368122,1.3250577634853649,31.481334840412377,0
1539,17.449138,78.553707,1.5662414375929676,1.7972269732420845,35.87750816300464,0
1540,17.449138,78.558207,1.6472791097836046,2.2715623382596988,32.37031515336453,0
1541,17.449138,78.562707,1.6292741489127365,2.746941947924289,33.92783757479054,0
1542,17.449138,78.567207,1.325560479366477,3.2229037556232885,30.283640444517644,0
1543,17.449138,78.571707,0.8546965725953816,3.699223041839141,26.09866516993956,0
1544,17.449138,78.576207,0.3990087501903784,4.175777478411328,25.588048576675007,0
1545,17.449138,78.580707,0.1536233829197537,4.652494806418498,20.18554422888286,0
1546,17.449138,78.585207,0.5155813759014487,5.129329608686385,18.54845406495848,0
1547,17.449138,78.589707,0.9646435907844424,5.6062519100584,22.50892515910501,0
1548,17.449138,78.594207,1.4315499161949012,6.253304423560755,27.384369958887387,0
1549,17.449138,78.598707,1.821003112657948,6.5321988796471375,28.849422414183184,0
1550,17.449138,78.603207,1.7019266232007308,6.8331013241299,23.7421874062714,1
1551,17.449138,78.607707,1.7080926584163227,7.153234982805516,25.10474455696481,0
1552,17.453638,78.283707,0.9275614048064652,7.325725060398895,20.83475426574678,0
1553,17.453638,78.288207,1.0447846411221948,6.854304918701686,21.34435646307692,0
1554,17.453638,78.292707,1.0753335384693008,6.383766578902031,19.01602123883511,0
1555,17.453638,78.297207,0.6262045774789351,5.914320511276054,17.476949038312206,0
1556,17.453638,78.301707,0.2282653753563701,5.446249172628353,14.711775264360789,0
1557,17.453638,78.306207,0.2883061072967888,4.979940216266535,18.063292192988893,0
1558,17.453638,78.310707,0.645916654833007,4.5159396181222204,20.443452778187066,0
1559,17.453638,78.315207,0.3921959331807653,4.055039862145009,17.333774173796886,0
1560,17.453638,78.319707,0.0614020774748965,3.5984326458861915,15.331828576349366,0
1561,17.453638,78.324207,0.0517775884665866,3.1479863892062347,16.95069560214871,0
1562,17.453638,78.328707,0.014274653674447,2.706778654459745,15.542976951901183,0
1563,17.453638,78.333207,0.5091263361697479,2.280178642391105,18.67588511726776,0
1564,17.453638,78.337707,0.3264544360789151,1.8781667068608403,18.884766028883163,0
1565,17.453638,78.342207,0.3490828756497777,1.520374065086764,20.561609014322634,0
1566,17.453638,78.346707,0.3763006657059234,1.2455103367622795,20.60635742176203,0
1567,17.453638,78.351207,0.574358333988418,1.1165958457550975,25.362705883684228,0
1568,17.453638,78.355707,0.1692556064571835,1.1823739464681302,24.93288168738046,0
1569,17.453638,78.360207,0.236474277417003,1.4159666657396672,21.48862398877207,0
1570,17.453638,78.364707,0.3076341519008369,1.7514698484459716,25.82127417351845,0
1571,17.453638,78.369207,0.6907938118917583,2.1415095711417185,28.18450617760833,0
1572,17.453638,78.373707,0.3313873418333755,2.3713980978305167,27.56061130704434,0
1573,17.453638,78.378207,0.1080122478630074,2.009030163717811,25.763135731516588,0
1574,17.453638,78.382707,0.3138353800626614,1.7042927753703754,24.202306191728592,0
1575,17.453638,78.387207,0.6551284949056209,1.4929045298913874,26.54915589759426,0
1576,17.453638,78.391707,1.0307883059359837,1.4172693507863323,31.13722250739007,0
1577,17.453638,78.396207,0.6071380557517017,1.4980918851074312,30.18639120850004,0
1578,17.453638,78.400707,0.190608587151669,1.7133722846698856,20.64867890748617,0
1579,17.453638,78.405207,0.1286659228193205,2.0205811741311583,24.717153409050557,0
1580,17.453638,78.409707,0.4218297316303808,2.384447605152161,27.379093992935307,0
1581,17.453638,78.414207,0.7485379787583829,2.5692990114498016,25.789438896927024,0
1582,17.453638,78.418707,0.7137182346746976,2.688136589325508,26.07053043656541,0
1583,17.453638,78.423207,0.9137887491073832,2.882121227863658,23.825738494602884,0
1584,17.453638,78.427707,1.0303636346825673,3.137344539148863,24.76202750456521,0
1585,17.453638,78.432207,0.9845411113194684,3.168289741057544,20.59160649007847,0
1586,17.453638,78.436707,0.5853339824105307,2.767314599269144,15.924123224579228,0
1587,17.453638,78.441207,0.4048442125037718,2.394523527981015,20.68370245217665,0
1588,17.453638,78.445707,0.6039639688014401,2.0140056485542384,17.408522851394032,0
1589,17.453638,78.450207,0.3599812215826106,1.5909619272343392,16.526359661222298,0
1590,17.453638,78.454707,0.0848973928691124,1.2090600090461223,12.689422416268831,0
1591,17.453638,78.459207,0.5619266168734246,0.9209872462155504,15.343021671632687,1
1592,17.453638,78.463707,0.998409914979361,0.8308634429942837,20.440967716219816,1
1593,17.453638,78.526707,2.2063155950172315,1.1153122619794815,36.30299149002913,0
1594,17.453638,78.531207,2.142123702184981,0.6629994560716418,38.528317716879336,1
1595,17.453638,78.535707,1.7772772777959365,0.3015423884903037,36.72478899145546,1
1596,17.453638,78.540207,1.4367704587073435,0.4449719562306006,34.48818010385244,1
1597,17.453638,78.544707,1.1883808699632803,0.8722298825532442,32.73429329634165,1
1598,17.453638,78.549207,1.0941549015454397,1.3338975186658133,34.58256022809912,0
1599,17.453638,78.553707,1.0660807412721889,1.803744135991644,28.701572250834023,0
1600,17.453638,78.558207,1.1813468771118047,2.2767116463568318,30.853190898847885,0
1601,17.453638,78.562707,1.4818004903141566,2.7511909469974447,34.340655264559295,0
1602,17.453638,78.567207,1.4765963397625392,3.2265151518842554,33.7797250140359,0
1603,17.453638,78.571707,1.073244665989332,3.702358858159261,25.11634109161769,0
1604,17.453638,78.576207,0.7531188445224077,4.178544590254803,24.494607504068977,0
1605,17.453638,78.580707,0.6470840222977242,4.654967385250912,26.26014944350625,0
1606,17.453638,78.585207,0.8320977263989526,5.131561215384416,24.74188643501462,0
1607,17.453638,78.589707,1.18023662197117,5.608282476716891,25.31776190764846,0
1608,17.453638,78.594207,1.5934405827530165,6.085101219299191,26.153371782494943,0
1609,17.453638,78.598707,2.028896711611916,6.561996192895557,27.71218758508696,1
1610,17.453638,78.603207,2.108521515758362,7.220108772586696,28.931637457979622,0
1611,17.453638,78.607707,1.7666808408485355,7.523786098244886,25.33588082480299,0
1612,17.458138,78.288207,0.6429106735643287,6.953077742169516,18.77664619571109,0
1613,17.458138,78.292707,1.0424096636768334,6.489716766210749,20.831369796925998,0
1614,17.458138,78.297207,0.919282484715334,6.028538598276589,18.174954877041834,0
1615,17.458138,78.301707,0.6904559545361868,5.570085445279066,19.011464098330865,0
1616,17.458138,78.306207,0.740137359500878,5.115090069485951,24.063043459011435,1
1617,17.458138,78.310707,0.9663047427457012,4.6645644263283,16.22738637417427,0
1618,17.458138,78.315207,0.5859366418769394,4.219940340261938,18.53138512381638,0
1619,17.458138,78.319707,0.4073956239921331,3.783299087459947,15.857935857181964,0
1620,17.458138,78.324207,0.4195492387218433,3.357756366787497,19.335942513547103,0
1621,17.458138,78.328707,0.4541792783161339,2.9481221103712474,19.352044782358625,0
1622,17.458138,78.333207,0.629054534888251,2.5620383415266343,22.8139033967283,0
1623,17.458138,78.337707,0.2250643384097641,2.2118718944098714,22.27954713975632,0
1624,17.458138,78.342207,0.0636844197783013,1.9174030405892817,20.45332178431176,0
1625,17.458138,78.346707,0.1788499314989437,1.7076919782197526,24.14193637709852,0
1626,17.458138,78.351207,0.6192978732369758,1.616078492816163,20.92427984264013,0
1627,17.458138,78.355707,0.1729363032537938,1.662205711586947,27.146667099967303,0
1628,17.458138,78.360207,0.0071984471798046,1.835719556593814,24.657899955124407,0
1629,17.458138,78.364707,0.2545583633504817,2.105356284121285,28.359187299513025,0
1630,17.458138,78.369207,0.4048998192738254,2.43944752043014,25.32626462842168,0
1631,17.458138,78.373707,0.0962735708856805,2.7003948119061527,24.74074560511428,0
1632,17.458138,78.378207,0.121538805048051,2.388481649798779,27.14557062825395,0
1633,17.458138,78.382707,0.1127343867135309,2.138523835655818,26.868711664325417,0
1634,17.458138,78.387207,0.3502112577381012,1.974196280393272,28.79451510573689,0
1635,17.458138,78.391707,0.6914881890622354,1.9176404421465096,32.14781614474415,0
1636,17.458138,78.396207,0.8640699921506877,1.9781218191255567,26.99820440470901,0
1637,17.458138,78.400707,0.5194517622546677,2.1457665649408906,29.7502563087926,0
1638,17.458138,78.405207,0.2852882143594417,2.3982054800898727,25.60446928207976,0
1639,17.458138,78.409707,0.4783600225630232,2.711861362828336,25.4037917871018,0
1640,17.458138,78.414207,0.3237953101514968,3.0641520068954726,20.91171825201081,0
1641,17.458138,78.418707,0.2604585273502072,3.164457775211155,23.388251725662226,0
1642,17.458138,78.423207,0.6816855498752006,3.3308123313642217,18.96305012646576,0
1643,17.458138,78.427707,0.6920289507504114,3.55395284827716,24.04152010382169,0
1644,17.458138,78.432207,0.6026853971662485,3.448854290123408,18.161343054948848,0
1645,17.458138,78.436707,0.7368917570970286,3.0845785584705925,21.07442285375824,0
1646,17.458138,78.441207,0.4948218623879193,2.667488726613552,18.405066842404107,0
1647,17.458138,78.445707,0.4668017816253488,2.26600109643401,20.082446258923337,0
1648,17.458138,78.450207,0.4226766371363954,1.8999315060737796,16.552813823352952,0
1649,17.458138,78.454707,0.0047388960551662,1.5938733900972404,12.627514346383132,0
1650,17.458138,78.459207,0.4572340276869832,1.3881062413562752,15.52513479993371,0
1651,17.458138,78.531207,1.6419966410906297,0.9817639703519544,38.25856186321897,1
1652,17.458138,78.535707,1.5147601099831998,0.7843651167148871,36.30361498490604,1
1653,17.458138,78.540207,1.0954999095231617,0.8498812987645864,32.02736483412944,1
1654,17.458138,78.544707,0.7492744136407068,1.1336089495213446,30.13037770418417,0
1655,17.458138,78.549207,0.5938406408225543,1.517742310584807,26.2209591468966,0
1656,17.458138,78.553707,0.5663026375527582,1.9436346452313429,29.46451576056691,0
1657,17.458138,78.558207,0.760327884653464,2.3890565058242528,25.658643774794506,0
1658,17.458138,78.562707,0.984539183403936,2.8448493425684305,31.20452728641211,0
1659,17.458138,78.567207,1.122127429154178,3.30672738738449,29.83851404503578,0
1660,17.458138,78.571707,1.3947744466087957,3.7724561871757047,34.953820909461854,0
1661,17.458138,78.576207,1.2107457902152023,4.2407672406191335,25.77971172053389,0
1662,17.458138,78.580707,1.1465556874180958,4.710890502576101,26.270635548223524,0
1663,17.458138,78.585207,1.261698969399403,5.18233280446757,29.65754642441755,0
1664,17.458138,78.589707,1.52154016026565,5.654764247388509,28.945715982941444,0
1665,17.458138,78.594207,1.8629878045223336,6.127956063504308,26.24504099935394,0
1666,17.458138,78.598707,2.201415726172921,6.601744751297612,29.25621159836669,0
1667,17.458138,78.603207,1.831158085347028,7.076010417267778,25.87315625388684,0
1668,17.458138,78.607707,1.4242439630546917,7.550663183105314,23.439380392829847,0
1669,17.462638,78.292707,0.9391843676174064,6.63182675732601,17.94164057066523,0
1670,17.462638,78.297207,0.8632276522365315,6.181271927142635,18.248445344325745,0
1671,17.462638,78.301707,1.01525404035735,5.735052588468052,15.905148539763132,0
1672,17.462638,78.306207,1.2144452128020315,5.294265086652072,20.554529970568204,0
1673,17.462638,78.310707,0.7909161765858346,4.860387483087505,18.857298408500373,0
1674,17.462638,78.315207,0.3147665569045756,4.43544803023841,15.079014512070929,0
1675,17.462638,78.319707,0.0434591804071603,4.022280576928174,11.314739748383351,0
1676,17.462638,78.324207,0.3989810409715194,3.6249126774912144,19.47856498053676,0
1677,17.462638,78.328707,0.2555205776256864,3.2491463294786262,18.35140286246365,0
1678,17.462638,78.333207,0.3408098895219525,2.903380941888519,17.790039999234782,0
1679,17.462638,78.337707,0.3378742355177975,2.599615162039958,19.861802358586488,0
1680,17.462638,78.342207,0.1976200600763985,2.3541635801792227,17.83052363409014,0
1681,17.462638,78.346707,0.3702595115265108,2.186751565451755,21.078697207387737,0
1682,17.462638,78.351207,0.6539139740077415,2.115983868420526,24.988301285595583,1
1683,17.462638,78.355707,0.432863860725816,2.1514186318900204,28.35778144689892,0
1684,17.462638,78.360207,0.2842465135788815,2.288127095160044,24.786792466365718,0
1685,17.462638,78.364707,0.0293629096364395,2.509613148069186,26.732595107514967,0
1686,17.462638,78.369207,0.4395521930631788,2.7958003822033617,27.58186020679779,0
1687,17.462638,78.373707,0.1786287490631579,3.075953502800725,28.139476143246817,1
1688,17.462638,78.378207,0.4590458942831324,2.806107909560494,29.381569646595143,0
1689,17.462638,78.382707,0.3061195331412337,2.5966727070975404,30.607909520780524,0
1690,17.462638,78.387207,0.1853791785982499,2.463106289845272,26.95572668050613,0
1691,17.462638,78.391707,0.405031855989948,2.418014049245154,25.862824581029635,0
1692,17.462638,78.396207,0.736702925559244,2.466253675054729,27.686082736467988,0
1693,17.462638,78.400707,0.2594048838440321,2.60264064693202,25.779673446935533,0
1694,17.462638,78.405207,0.0816787276784591,2.8143889894605016,22.365350677983187,0
1695,17.462638,78.409707,0.3604618705158122,3.086024680698149,26.301676697757152,0
1696,17.462638,78.414207,0.0797940023345944,3.40323774864869,21.703563506276534,0
1697,17.462638,78.418707,0.1662870707782452,3.6472266614992135,26.671448877411574,0
1698,17.462638,78.423207,0.6391504081730488,3.7924600746773978,20.022290698656143,0
1699,17.462638,78.427707,0.354161287991551,3.9898603419790737,20.944250862522228,0
1700,17.462638,78.432207,0.121172400996627,3.7751670876057126,15.68365636297116,0
1701,17.462638,78.436707,0.2414656114624846,3.336335246213132,16.565100726688335,0
1702,17.462638,78.441207,0.1433654828526415,2.948685133310631,16.26264202961501,1
1703,17.462638,78.445707,0.0116006620276598,2.591149898427686,9.71267000968227,0
1704,17.462638,78.450207,0.0301947525095605,2.277953954397692,14.30721009382646,0
1705,17.462638,78.454707,0.1343775215638108,2.029727391292953,17.828157852654797,0
1706,17.462638,78.459207,0.281133400848649,1.8724889827541369,13.778896322978811,0
1707,17.462638,78.535707,1.1987037865072914,1.280735759175432,34.64223176513636,0
1708,17.462638,78.540207,0.914042084137484,1.3218740582810224,34.55832228102973,0
1709,17.462638,78.544707,0.4449788474176139,1.5199039951079154,29.23305441291418,0
1710,17.462638,78.549207,0.0937588527839705,1.824432917287292,25.935913926494592,0
1711,17.462638,78.553707,0.0725941531358004,2.191504727671374,21.852394135473343,0
1712,17.462638,78.558207,0.5030079288343732,2.5947101299937207,29.50850043108087,0
1713,17.462638,78.562707,0.4936159827857178,3.019609002913985,27.01570056301141,0
1714,17.462638,78.567207,0.7032629142300513,3.4582143637186107,25.40811231080029,0
1715,17.462638,78.571707,0.9673658135996585,3.90591152254918,28.10100227959904,0
1716,17.462638,78.576207,1.0560367225470568,4.359900599588089,25.976150537883825,0
1717,17.462638,78.580707,1.3162046893746724,4.81840345262683,26.385258048892418,0
1718,17.462638,78.585207,1.559247002938141,5.280244369497996,28.865243810190155,0
1719,17.462638,78.589707,1.886819677228692,5.744618311403577,25.74865260941513,0
1720,17.462638,78.594207,2.205883876487652,6.2109571448939445,31.33531428357704,0
1721,17.462638,78.598707,1.8566466874124072,6.678849297187308,23.37984593575956,0
1722,17.462638,78.603207,1.5105805871287232,7.147989743753342,21.96379773311096,0
1723,17.462638,78.607707,1.2265853142129792,7.618147870642333,24.80808236926438,0
1724,17.462638,78.612207,0.753360907723843,8.089146230421141,19.96122833032024,0
1725,17.467138,78.292707,0.5232933922152665,6.807832476974757,16.52648801508822,0
1726,17.467138,78.297207,0.3701867238313858,6.369750554708899,13.038281171349675,0
1727,17.467138,78.301707,0.6429646737901329,5.937723387352178,15.240105832318076,0
1728,17.467138,78.306207,1.070233470061279,5.51317455953985,18.99571049467701,0
1729,17.467138,78.310707,0.909953325185638,5.097972756859858,18.19410100538999,0
1730,17.467138,78.315207,0.5474440702638477,4.6945986563616975,16.231028787408356,0
1731,17.467138,78.319707,0.3196408470797996,4.306377209448264,15.675106768776654,0
1732,17.467138,78.324207,0.5531303662739318,3.937792606122384,17.59950581989117,0
1733,17.467138,78.328707,0.192026039770467,3.5948900348068404,14.039170468043167,0
1734,17.467138,78.333207,0.2832062920523611,3.2857200020732265,17.63533678856082,1
1735,17.467138,78.337707,0.706944887447053,3.02065809370151,24.336122413072964,0
1736,17.467138,78.342207,0.3136287479443472,2.812204210994098,18.762449095404826,0
1737,17.467138,78.346707,0.0386535805231957,2.6736319022205164,20.834660462236805,0
1738,17.467138,78.351207,0.4427659272742213,2.6160696458957537,23.331716367079554,0
1739,17.467138,78.355707,0.837092724045867,2.644812102082335,28.81787281938748,0
1740,17.467138,78.360207,0.5098998117896226,2.7571615001519865,26.997294529368908,0
1741,17.467138,78.364707,0.115790550242722,2.9435600621754574,29.354879844293933,0
1742,17.467138,78.369207,0.3577984447372397,3.1910578120553525,29.67113863254884,0
1743,17.467138,78.373707,0.2490821304760497,3.4830449856501065,25.97750724761515,0
1744,17.467138,78.378207,0.5265126885799019,3.2472131474152457,31.97395859394416,0
1745,17.467138,78.382707,0.4153107470678118,3.06804314189554,28.539339217702423,0
1746,17.467138,78.387207,0.0139320403193489,2.955856704923524,26.40525818271576,0
1747,17.467138,78.391707,0.2412400900711572,2.918388878071695,29.188059423326088,0
1748,17.467138,78.396207,0.714225841050497,2.95847985821888,29.82232420128318,0
1749,17.467138,78.400707,0.3771355341654794,3.07309569382559,29.765778744920077,0
1750,17.467138,78.405207,0.15476017221465,3.2543718071302905,24.10884530931214,0
1751,17.467138,78.409707,0.2682101031154991,3.491942041006373,23.959906214794483,0
1752,17.467138,78.414207,0.0928498767227754,3.775193666375126,21.576175409355432,0
1753,17.467138,78.418707,0.2657681381826651,4.134185076970002,21.46308136946221,0
1754,17.467138,78.423207,0.6196352726578408,4.262857101272163,25.551572347605408,0
1755,17.467138,78.427707,0.4141581803627164,4.439385639870577,22.025328736452767,0
1756,17.467138,78.432207,0.182837743844477,4.012866215334824,21.502598544022423,0
1757,17.467138,78.436707,0.0677298711756729,3.6347042800120186,20.72764933873422,0
1758,17.467138,78.441207,0.0730285497937882,3.282490902730486,13.09918241810437,0
1759,17.467138,78.445707,0.3728603790295797,2.965486340156364,16.2074407852629,0
1760,17.467138,78.450207,0.2999072392132569,2.6961385954106096,12.582865049416425,0
1761,17.467138,78.454707,0.3006134723156534,2.489961606810368,12.912472745870778,0
1762,17.467138,78.459207,0.0444217998746572,2.363545148166714,11.435596283934691,0
1763,17.467138,78.535707,0.7251084052623094,1.7793521735708102,29.730727834058943,0
1764,17.467138,78.540207,0.9858979698090284,1.809187235675612,31.40746959396582,0
1765,17.467138,78.544707,0.5569187979582224,1.9585458074166628,30.504827545248137,0
1766,17.467138,78.549207,0.3082413089086661,2.2032530121003666,26.483131886113764,0
1767,17.467138,78.553707,0.3975015512484455,2.5156360865418663,30.52326429835425,0
1768,17.467138,78.558207,0.2994089211806131,2.8737092637686152,25.593282079845597,0
1769,17.467138,78.562707,0.0137451188294041,3.262462853818012,30.330283346330823,0
1770,17.467138,78.567207,0.4803562315294644,3.672165810280365,25.45481766532374,0
1771,17.467138,78.571707,0.4681345228387445,4.096537382724234,25.162765234612817,0
1772,17.467138,78.576207,0.6277496610101254,4.531458290692779,22.048803662761784,0
1773,17.467138,78.580707,0.8754255788322467,4.97416212771792,28.172581780003974,0
1774,17.467138,78.585207,1.1998154008755717,5.422743071850402,27.59649810425632,0
1775,17.467138,78.589707,1.602177175863199,5.875855247464816,27.07575898873088,0
1776,17.467138,78.594207,1.7688303616190926,6.3325260573902495,23.59967630299021,0
1777,17.467138,78.598707,1.5621007033957508,6.79203773217857,24.425253070791207,0
1778,17.467138,78.603207,1.176240981686754,7.253850408520342,18.57039100248764,0
1779,17.467138,78.607707,0.8205168397820821,7.717551026430476,20.929877073664983,0
1780,17.467138,78.612207,0.549109879585919,8.182818636663516,17.544909102721306,0
1781,17.471638,78.297207,0.1136859818449735,6.590908594929152,13.257655811518934,0
1782,17.471638,78.301707,0.5448128120648051,6.17438615283792,10.512376802224884,0
1783,17.471638,78.306207,1.0142973014518035,5.767295654602688,16.221537053947337,0
1784,17.471638,78.310707,0.9445776469664076,5.37178187561302,19.387093413070872,0
1785,17.471638,78.315207,0.8268583465351435,4.990598002391499,20.219924770790684,0
1786,17.471638,78.319707,0.8197058903737879,4.6272867726933455,20.690068584850152,0
1787,17.471638,78.324207,0.6729592091995656,4.286395208901176,15.336012656878909,0
1788,17.471638,78.328707,0.4310257192446315,3.973697453711005,18.77862397059305,0
1789,17.471638,78.333207,0.3211386453590951,3.696355715885933,20.79682812873592,0
1790,17.471638,78.337707,0.6645998715904559,3.4628754326847715,18.861635982628428,0
1791,17.471638,78.342207,0.5548689952888708,3.2826290540259477,22.914317844391288,0
1792,17.471638,78.346707,0.3633366719675548,3.1361103740961567,23.751718298447813,0
1793,17.471638,78.351207,0.6116467702182024,3.007487493476764,25.48237693584777,0
1794,17.471638,78.355707,1.0308165848477815,2.9513257744467136,26.206609822038228,0
1795,17.471638,78.360207,0.7937983886672239,2.971736308823687,29.029038774395417,0
1796,17.471638,78.364707,0.6134289724049835,3.067190833670732,28.9763163193884,0
1797,17.471638,78.369207,0.1570737894050939,3.231045123410372,27.437088482397584,0
1798,17.471638,78.373707,0.0590083320250044,3.453577221763124,26.63890670911492,0
1799,17.471638,78.378207,0.535475330724931,3.703417268601163,30.120141636816143,0
1800,17.471638,78.382707,0.5408668205935199,3.547368449134012,31.08879435991148,0
1801,17.471638,78.387207,0.2681115472694844,3.4508027686929714,30.290263498706437,0
1802,17.471638,78.391707,0.434063127374828,3.4187643921854507,29.41395797143708,0
1803,17.471638,78.396207,0.8119827357534017,3.453049894890105,30.85307006190895,0
1804,17.471638,78.400707,0.7775409862492985,3.551739090961023,30.812723255741496,0
1805,17.471638,78.405207,0.654934190019253,3.709695533312596,25.02016764361938,0
1806,17.471638,78.409707,0.5453953139803978,3.919760798162624,27.969083030201087,0
1807,17.471638,78.414207,0.4464575262167878,4.174074971077934,25.109571879423505,0
1808,17.471638,78.418707,0.5478753346841597,4.465083694268844,24.409321245295217,0
1809,17.471638,78.423207,0.3437838897598555,4.7393989629809,23.603891617984715,0
1810,17.471638,78.427707,0.0491763049594406,4.693756433872953,14.59847176600433,0
1811,17.471638,78.432207,0.2069965502392049,4.322466972787262,14.15055232864903,0
1812,17.471638,78.436707,0.3881330075184601,3.973886274597916,18.48142535321966,0
1813,17.471638,78.441207,0.4881155416744473,3.654518250045577,17.410271314279726,0
1814,17.471638,78.445707,0.7636195865860508,3.3726718312991357,18.48653004926992,0
1815,17.471638,78.450207,0.7988000104947228,3.138472088404423,16.709600591333295,0
1816,17.471638,78.454707,0.3983304181208701,2.9632379156821678,16.067664811104326,0
1817,17.471638,78.459207,0.087228515270182,2.7379871889588947,14.492768628952383,0
1818,17.471638,78.486207,0.2287949844786448,0.8938183512197918,18.04138917948804,0
1819,17.471638,78.490707,0.0244382649192786,1.1302031282139091,16.586540364390395,0
1820,17.471638,78.531207,0.1513981948997774,2.353989140706369,24.150839142560308,1
1821,17.471638,78.535707,0.2977231732309824,2.2787406290761254,31.141029182156625,0
1822,17.471638,78.540207,0.6393223002470185,2.302112183477828,34.20143540926415,0
1823,17.471638,78.544707,0.9428387974766884,2.4212496415383638,34.718038470707874,0
1824,17.471638,78.549207,0.8071150637053724,2.6231368279761305,30.45400892777224,0
1825,17.471638,78.553707,0.8969166146564448,2.890486374239163,33.46024294819944,0
1826,17.471638,78.558207,0.5311159067509545,3.2069680088762,30.78195920289787,0
1827,17.471638,78.562707,0.392192881424021,3.5595004998037534,30.29823310405731,0
1828,17.471638,78.567207,0.4342588823590467,3.9384148426451073,24.47802842441288,0
1829,17.471638,78.571707,0.0111226558343139,4.336801448347143,21.918650032177464,0
1830,17.471638,78.576207,0.2086256331662665,4.7497631304212735,23.656774589575484,0
1831,17.471638,78.580707,0.5244134761018929,5.173811017893353,22.74801122763566,0
1832,17.471638,78.585207,0.9712308628027646,5.606430126321119,21.672259475211597,0
1833,17.471638,78.589707,1.3894575361860246,6.045780737827376,25.90038198670768,0
1834,17.471638,78.594207,1.3286450609202924,6.4904960019780376,24.623992467698265,0
1835,17.471638,78.598707,1.0971633531256375,6.939544626535754,21.159674209128003,0
1836,17.471638,78.603207,0.930362233847352,7.392136940184959,19.50900683339012,0
1837,17.471638,78.607707,0.5167330492174582,7.847659848927008,15.36797596197972,0
1838,17.471638,78.612207,0.1465661426461254,8.305631180458878,16.151405944774982,0
1839,17.471638,78.616707,0.149762374523104,8.765667181819603,11.191410706428949,0
1840,17.476138,78.297207,0.6005493784257391,6.774344000052275,14.745828658168543,0
1841,17.476138,78.301707,0.7777571923548499,6.33171558980507,16.73489882423631,0
1842,17.476138,78.306207,0.9705117655457016,5.894492918062158,19.613576127941396,0
1843,17.476138,78.310707,0.5563176503464364,5.463973827423139,12.619417482979443,0
1844,17.476138,78.315207,0.3268585563065981,5.04187584039085,12.11005050092858,0
1845,17.476138,78.319707,0.5948916438232482,4.630502432029988,12.990256847299444,0
1846,17.476138,78.324207,0.3674960980688994,4.23298149515384,16.703751858387054,0
1847,17.476138,78.328707,0.0235000054003405,3.853602300153072,13.454665927065356,0
1848,17.476138,78.333207,0.0102869616003745,3.498272119632821,16.10357395475085,0
1849,17.476138,78.337707,0.483188641565082,3.1750753921064256,22.39656197577346,0
1850,17.476138,78.342207,0.9601032464598972,2.8947950629729453,24.074910188635567,0
1851,17.476138,78.346707,0.8622267031206622,2.670975843603949,26.669012649664005,0
1852,17.476138,78.351207,0.9098795289827308,2.518714800797508,27.29602019120001,0
1853,17.476138,78.355707,0.8281872793484226,2.451382330233077,30.072406836735937,0
1854,17.476138,78.360207,0.9696827112038824,2.4759170424244616,31.72957775037997,0
1855,17.476138,78.364707,0.7132554505218374,2.589709223765332,28.898751315493502,0
1856,17.476138,78.369207,0.5165357765660258,2.7818269746199484,29.612882410137303,0
1857,17.476138,78.373707,0.4700105654949323,3.037444247980708,32.38503390610652,0
1858,17.476138,78.378207,0.7190075094963809,3.3420222308415086,32.96317792710943,0
1859,17.476138,78.382707,0.8675221516742554,3.683435408850445,30.404429310823502,0
1860,17.476138,78.387207,0.4115195764833424,3.947118602247318,31.646133631633536,0
1861,17.476138,78.391707,0.1384997298904637,3.9191403291044544,26.145952801061604,0
1862,17.476138,78.396207,0.5206429734093139,3.949083274009365,32.809621980574114,0
1863,17.476138,78.400707,0.957390845475264,4.035658387130252,33.8081547046737,0
1864,17.476138,78.405207,0.5209452819776736,4.1753443757970015,28.681548398251813,0
1865,17.476138,78.409707,0.2462271562310395,4.363043068899344,25.567637194640604,0
1866,17.476138,78.414207,0.0803159702937442,4.592871771609442,22.517336449446702,0
1867,17.476138,78.418707,0.0707193527154954,4.858855783358252,22.833286562629063,0
1868,17.476138,78.423207,0.5021522178466906,5.220403146437383,21.88770654792905,0
1869,17.476138,78.427707,0.1834337771246269,5.011252017773256,19.76491576814345,0
1870,17.476138,78.432207,0.4948167487776439,4.665308219173571,21.541149666576,0
1871,17.476138,78.436707,0.8466006072880244,4.34433235791448,19.522061394219865,0
1872,17.476138,78.441207,0.9729573901957558,4.0542589157118725,19.05239193881356,0
1873,17.476138,78.445707,1.0931914814912709,3.802167268818476,17.677844124272184,0
1874,17.476138,78.450207,0.6237037295772336,3.5960541417569845,14.390888235054492,0
1875,17.476138,78.454707,0.1617253295921239,3.4441840409019635,9.594732117255855,0
1876,17.476138,78.459207,0.2528546711644107,2.932885413810532,15.010931333296949,0
1877,17.476138,78.477207,0.7326416353088291,1.52128927499711,21.58909606043617,0
1878,17.476138,78.481707,0.7051412168875948,1.3716807985837365,21.61212550853849,0
1879,17.476138,78.486207,0.2794199200516046,1.3799709454444469,14.08690397590837,0
1880,17.476138,78.490707,0.0543535489137436,1.5436177795727537,18.71047142053976,0
1881,17.476138,78.495207,0.0028751814007898,1.8212128734339288,21.167241693705343,0
1882,17.476138,78.531207,0.0281035472085794,2.840523821508372,26.77892213550088,0
1883,17.476138,78.535707,0.0255323740059998,2.778484870547802,28.241574978312663,0
1884,17.476138,78.540207,0.449391468196329,2.7976842532194217,26.672812975236795,0
1885,17.476138,78.544707,0.9266477042272736,2.8965069644392183,33.93412272239911,0
1886,17.476138,78.549207,1.3070683007792658,3.067266603760835,33.15121281117823,0
1887,17.476138,78.553707,1.2201719832608806,3.298810793400681,34.51110860954026,0
1888,17.476138,78.558207,0.960432469316566,3.5793626933503937,28.56645113676948,0
1889,17.476138,78.562707,0.886017797430736,3.898355850504246,31.272047865559145,0
1890,17.476138,78.567207,0.6220529328519552,4.2471373640552885,29.43816035606753,1
1891,17.476138,78.571707,0.3223251200410463,4.618964131162723,22.69283985007189,0
1892,17.476138,78.576207,0.2278146114992949,5.008706410117343,20.0115879349532,0
1893,17.476138,78.580707,0.519878864153504,5.412495409738415,18.289388499847323,0
1894,17.476138,78.585207,0.9692043351529216,5.827411914020913,23.344909033063196,0
1895,17.476138,78.589707,0.9232208530725844,6.251240602143428,21.081601394833203,0
1896,17.476138,78.594207,0.8288783932415685,6.682285904404825,17.326104801171553,0
1897,17.476138,78.598707,0.6842008935185568,7.119237117807638,19.36239018925778,0
1898,17.476138,78.603207,0.4552077279120144,7.56107041076665,15.261256167101529,0
1899,17.476138,78.607707,0.4604749794754432,8.006977629273127,13.3324272449469,0
1900,17.476138,78.612207,0.0201617985185197,8.456314335038911,11.259175915093437,0
1901,17.476138,78.616707,0.4170278130713406,8.908561605804607,16.668934933732455,0
1902,17.480638,78.288207,0.8629121512204003,7.527215964565803,20.120977776197616,0
1903,17.480638,78.297207,0.1374670036858284,6.609875647719697,13.0626880789572,0
1904,17.480638,78.301707,0.4659581156499354,6.155443548204829,16.267478866906917,0
1905,17.480638,78.306207,0.8506142502382713,5.704738554380821,15.00191895024379,0
1906,17.480638,78.310707,0.3897536684927162,5.258719062417553,14.8612470862219,0
1907,17.480638,78.315207,0.0677568003104364,4.818686323949446,13.64080007562275,0
1908,17.480638,78.319707,0.3544733809730921,4.386442420673685,14.836551131302745,0
1909,17.480638,78.324207,0.2420901851046949,3.9645357664463727,16.887815905286846,0
1910,17.480638,78.328707,0.1271521983796444,3.5566470293310037,14.857018464138028,0
1911,17.480638,78.333207,0.0299854837019501,3.1681950468696947,18.085539769827623,0
1912,17.480638,78.337707,0.4900339858178516,2.807260076336678,22.26154213034231,0
1913,17.480638,78.342207,0.6101282849077361,2.485857183345594,17.43329917670777,0
1914,17.480638,78.346707,0.4582307060556282,2.2212136897107198,26.13877715757022,0
1915,17.480638,78.351207,0.4952254084038364,2.035588881621982,19.25420475139476,0
1916,17.480638,78.355707,0.3289794190428153,1.9516612040284436,24.41238862065534,0
1917,17.480638,78.360207,0.5991771690854997,1.9823895521624948,30.49025495565608,0
1918,17.480638,78.364707,0.4444499598200752,2.1228006827195984,27.89396956894748,0
1919,17.480638,78.369207,0.035480177617056,2.3533432943553314,23.970288268111595,0
1920,17.480638,78.373707,0.4475330023057459,2.650602592532401,27.799274709748097,0
1921,17.480638,78.378207,0.928046849389685,2.994777298079334,35.299482864006805,0
1922,17.480638,78.382707,0.8392537174867318,3.3715301488566465,28.997666422792584,0
1923,17.480638,78.387207,0.3361296371444367,3.7711095901459375,31.955471202511568,0
1924,17.480638,78.391707,0.1463653100070406,4.186985437305602,28.07607297964453,0
1925,17.480638,78.396207,0.5726282262174099,4.446090243895592,27.75029481102468,0
1926,17.480638,78.400707,0.9154907815494012,4.523160541642163,30.20078903770188,0
1927,17.480638,78.405207,0.440941245760452,4.648216322300632,25.470224959584524,0
1928,17.480638,78.409707,0.059250560350645,4.817522136588371,25.7749237662464,0
1929,17.480638,78.414207,0.056691276172087,5.026608693486947,24.20078147410055,0
1930,17.480638,78.418707,0.1666330825969483,5.2707438982088695,18.588648763353586,0
1931,17.480638,78.423207,0.1163157929813091,5.545300567538196,19.51608676426089,0
1932,17.480638,78.427707,0.0631997685361535,5.35674329022484,16.8885123108319,0
1933,17.480638,78.432207,0.3597286833694945,5.034603798644767,21.648395471859445,0
1934,17.480638,78.436707,0.8359118054802968,4.738716043496407,17.985666497661633,0
1935,17.480638,78.441207,1.3128840819288734,4.474291192316917,25.66344796076479,0
1936,17.480638,78.445707,1.0220115357766133,4.247209814567551,19.7256655197245,0
1937,17.480638,78.450207,0.5537128752794997,4.063736992956338,13.94595071956492,0
1938,17.480638,78.454707,0.116200318340689,3.5942568734266778,11.805435666250004,0
1939,17.480638,78.459207,0.3614529856443345,3.1949670500129805,12.78704941517691,0
1940,17.480638,78.477207,1.2144055525913005,1.980018714724075,18.4637735475731,0
1941,17.480638,78.481707,0.9403322885070904,1.867530981409007,20.49095328258064,0
1942,17.480638,78.486207,0.6294125523849176,1.8736282981411057,17.08525063242419,0
1943,17.480638,78.490707,0.4063024885237913,1.9972248771394847,15.083846160291005,0
1944,17.480638,78.495207,0.0475379744265009,2.2187709654362324,17.871515070776184,0
1945,17.480638,78.499707,0.4260583235587032,2.512487842890992,18.688610925159303,0
1946,17.480638,78.526707,0.4886129973241205,3.449764462060423,28.183796150911466,0
1947,17.480638,78.531207,0.2062113966061588,3.331162095930364,26.76595792928436,0
1948,17.480638,78.535707,0.3982003717266746,3.278422199987548,28.346723441007548,0
1949,17.480638,78.540207,0.665203568117661,3.2947091646932702,35.79735337059836,0
1950,17.480638,78.544707,1.0499946916354352,3.3790250050765818,34.06907515531162,0
1951,17.480638,78.549207,1.0501888783861126,3.5264935326911613,34.05284272326789,0
1952,17.480638,78.553707,0.9410735744877295,3.7296311389858734,28.724675011932224,0
1953,17.480638,78.558207,1.0601379550323635,3.979922784985516,30.83972842262698,0
1954,17.480638,78.562707,1.3135152250551745,4.2690827421956365,33.06733286364657,0
1955,17.480638,78.567207,1.000624558192989,4.58977065738054,27.52546802989613,0
1956,17.480638,78.571707,0.7592029637514052,4.935845120726603,28.641883040161886,0
1957,17.480638,78.576207,0.7085768074200205,5.302337650811181,22.743001237712868,0
1958,17.480638,78.580707,0.8710110778321022,5.685300977742093,24.14767948618149,0
1959,17.480638,78.585207,0.8717408787203076,6.081624370705146,22.166438034867408,0
1960,17.485138,78.306207,0.8649229131312717,5.553718726465935,18.177086328175488,0
1961,17.485138,78.310707,0.4003355730234879,5.094506540805978,14.004447347714107,0
1962,17.485138,78.315207,0.0323916498709205,4.638935042848122,12.990438718738456,0
1963,17.485138,78.319707,0.2529140060548267,4.188192451110959,15.0528325884726,0
1964,17.485138,78.324207,0.0908344217453552,3.744023226937189,13.947202241835626,0
1965,17.485138,78.328707,0.2072529080223287,3.3090754120543457,18.113771230856425,0
1966,17.485138,78.333207,0.4004620710860233,2.8875190883646344,19.94118962653144,0
1967,17.485138,78.337707,0.5112231150481354,2.486175604084996,21.208271733898705,0
1968,17.485138,78.342207,0.2509463294234282,2.116574598232744,20.273787344770614,0
1969,17.485138,78.346707,0.0522307678224142,1.7983946099891075,22.8583509428469,0
1970,17.485138,78.351207,0.3266139343811537,1.5633536276530144,23.73198795758173,0
1971,17.485138,78.355707,0.0146825532144496,1.4523918912961415,22.938259517484035,0
1972,17.485138,78.360207,0.3082479476102528,1.493427633279662,26.630095815022443,0
1973,17.485138,78.364707,0.1910934323922406,1.67532869456991,30.07092299555705,0
1974,17.485138,78.369207,0.2235674914909633,1.9592454217384088,24.97311535524323,0
1975,17.485138,78.373707,0.264242586566088,2.3078291224705523,30.01485503018403,0
1976,17.485138,78.378207,0.6402707653976913,2.6961127835811465,27.29960713860405,0
1977,17.485138,78.382707,0.3556976588096026,3.109258636927562,29.93361320578299,0
1978,17.485138,78.387207,0.466635068634631,3.5385690110208463,33.19743451329025,0
1979,17.485138,78.391707,0.5875600272705254,3.978814932053056,31.398548838293696,0
1980,17.485138,78.396207,0.8355588558430707,4.426734928002468,31.676025102637716,0
1981,17.485138,78.400707,1.074272717432594,5.013200432241677,30.867467696681835,0
1982,17.485138,78.405207,0.7130803580059014,5.126312896916499,28.925515289897135,0
1983,17.485138,78.409707,0.5507694005123832,5.280307648344319,26.27948656665613,0
1984,17.485138,78.414207,0.3790755225168852,5.471734040060815,22.96313731744214,0
1985,17.485138,78.418707,0.1875188892359216,5.696819950457241,21.51459400189065,0
1986,17.485138,78.423207,0.2834729145015022,5.95174775071016,21.7441077883129,0
1987,17.485138,78.427707,0.097726170392015,5.725164201638744,17.387129199313748,0
1988,17.485138,78.432207,0.5206573189309665,5.42495388175432,18.589078756678216,0
1989,17.485138,78.436707,0.9655036390905836,5.151542529965673,18.98715281636442,0
1990,17.485138,78.441207,1.4022651290131116,4.909409597290479,24.07858743376286,0
1991,17.485138,78.445707,0.956552588365338,4.703388256172021,20.84776339782688,0
1992,17.485138,78.450207,0.4874484611345883,4.265181182863765,16.733368213758755,0
1993,17.485138,78.454707,0.0256936938232417,3.8762569100057687,14.972443849307473,0
1994,17.485138,78.459207,0.4360747372896491,3.509211684592925,15.452517771132214,0
1995,17.485138,78.463707,0.9079867838216183,3.1716506063761782,18.901833818307523,0
1996,17.485138,78.477207,1.6268318614668509,2.455072663983847,24.4491136251224,1
1997,17.485138,78.481707,1.3051685834914275,2.365288638616537,22.60849459739794,0
1998,17.485138,78.486207,1.031482961203632,2.370105654385986,21.130770156807177,0
1999,17.485138,78.490707,0.6039105353971516,2.468970067129595,25.227374245436955,0
2000,17.485138,78.495207,0.3474197856741822,2.6513821833127227,19.61957587214865,0
2001,17.485138,78.499707,0.5737010340550368,2.901627764076032,21.863204528369447,0
2002,17.485138,78.531207,0.6933774436221037,3.8243248895704096,31.96075675270584,0
2003,17.485138,78.535707,0.7828635744069246,3.778475974666374,32.46650548962176,0
2004,17.485138,78.540207,1.0581993111018806,3.792615773173849,30.903599729581515,0
2005,17.485138,78.544707,0.981646386389054,3.866086134104832,35.35964386005156,0
2006,17.485138,78.549207,0.6296551495528975,3.995615530927259,30.44093331009524,0
2007,17.485138,78.553707,0.4407693674433152,4.175990759852716,26.679741734739466,0
2008,17.485138,78.558207,0.657681344909758,4.400964446761017,31.7840605440456,0
2009,17.485138,78.562707,1.0612967614366624,4.664087389378895,32.10651254606083,0
2010,17.485138,78.567207,1.4309458846345864,4.959291095243577,29.425949739862357,0
2011,17.485138,78.571707,1.2325839416883069,5.281198636189381,33.09233254894501,0
2012,17.485138,78.576207,1.2024801481035396,5.625227442201014,29.378815058115507,0
2013,17.485138,78.580707,1.1443965870703074,5.98756564808323,26.368855498630047,0
2014,17.485138,78.585207,0.6713916732244601,6.36508718505654,25.42360200839329,0
2015,17.489638,78.315207,0.0402668543969901,4.507821349538966,14.511604870238628,0
2016,17.489638,78.319707,0.1364306556907419,4.042497924057472,15.321881221273326,0
2017,17.489638,78.324207,0.4248398962098524,3.580311519903605,16.57175580390115,0
2018,17.489638,78.328707,0.6035110031494393,3.122655386363909,21.062406390845258,0
2019,17.489638,78.333207,0.1463837150544338,2.671858475852235,19.163749752758157,0
2020,17.489638,78.337707,0.2367347553658067,2.232080585467792,19.922814625092737,0
2021,17.489638,78.342207,0.3519177481493821,1.811365434773973,20.194723761500835,0
2022,17.489638,78.346707,0.0907871168214076,1.426678208551691,21.66879976911496,0
2023,17.489638,78.351207,0.3982307246549835,1.1159218870945178,24.287106393453303,0
2024,17.489638,78.355707,0.4103895970239544,0.9542838051438238,22.9399796956698,1
2025,17.489638,78.360207,0.0548404151474078,1.0156468278542738,21.53566972472252,0
2026,17.489638,78.364707,0.0140451724631357,1.2680395705736267,26.236385423789187,0
2027,17.489638,78.369207,0.1046508004793842,1.6247508120545897,21.1552237653666,0
2028,17.489638,78.373707,0.2148156335560321,2.0315538448547064,27.9549117269433,0
2029,17.489638,78.378207,0.5998691016983585,2.4637596923270646,29.22022488080105,0
2030,17.489638,78.382707,0.2122734950455586,2.910071750172651,30.576764320023308,0
2031,17.489638,78.387207,0.3682331009418194,3.3648816222970925,27.80248357182621,0
2032,17.489638,78.391707,0.8232954839286265,3.825159348666147,32.51953627115501,0
2033,17.489638,78.396207,0.9023549542674087,4.28914498719417,30.35956788395087,0
2034,17.489638,78.400707,1.1462505997742225,4.7557533961923255,32.13728596399364,0
2035,17.489638,78.405207,1.1485092506299726,5.2242818619451565,32.52742852247354,0
2036,17.489638,78.409707,0.8259874598052543,5.749394124166601,27.189419462848196,0
2037,17.489638,78.414207,0.3541753432795367,5.925681939963464,26.17061132293878,0
2038,17.489638,78.418707,0.0217076024452367,6.1341281732399455,19.02282270319553,1
2039,17.489638,78.423207,0.0597147258062824,6.371577416150534,20.626536007987237,0
2040,17.489638,78.427707,0.2803644036541439,6.112369929962108,22.015987307712926,0
2041,17.489638,78.432207,0.6594257392477741,5.83213240670897,22.623450155368563,0
2042,17.489638,78.436707,1.102793248690972,5.578719004169781,26.740500436554605,0
2043,17.489638,78.441207,1.42817088676463,5.355938584094874,22.39688062684627,0
2044,17.489638,78.445707,0.9700572593381684,4.941765591457377,17.630762435221648,0
2045,17.489638,78.450207,0.5136183294255603,4.560606533344956,15.051239523524586,0
2046,17.489638,78.454707,0.0449677445386882,4.199143648161949,15.13360010781601,0
2047,17.489638,78.459207,0.4205271229653709,3.862909970525617,16.8552713650394,0
2048,17.489638,78.463707,0.8825431324185659,3.559063098762687,18.844711895835538,0
2049,17.489638,78.481707,1.64258056406499,2.863959382662454,23.03422710499207,0
2050,17.489638,78.495207,0.8474476570302152,3.104426675754549,25.20113991067289,0
2051,17.489638,78.499707,0.9625979136813084,3.320699747695729,23.10170121556828,0
2052,17.489638,78.504207,1.2127245182475164,3.587787519323374,30.569826899382168,0
2053,17.489638,78.508707,1.2651067219060488,3.8952512617953934,35.44963157864445,0
2054,17.489638,78.531207,1.191543554740305,4.319147535732975,34.17620687378848,0
2055,17.489638,78.535707,1.2468860035778004,4.278605366838651,35.244038340348084,0
2056,17.489638,78.540207,1.3102009070871374,4.2910971731888905,33.56130439120014,0
2057,17.489638,78.544707,0.8330369352695626,4.356166735697506,27.93688961995413,0
2058,17.489638,78.549207,0.3560906480343057,4.471519308151109,27.15153448028729,0
2059,17.489638,78.553707,0.0607488458216947,4.633400892551975,23.85946824439749,0
2060,17.489638,78.558207,0.4918858023155595,4.8371422712351055,25.014847256120596,0
2061,17.489638,78.562707,0.9628994148877016,5.077707109051345,33.29624278171267,0
2062,17.489638,78.567207,1.4123003254557516,5.350130487117585,32.07859253477327,0
2063,17.489638,78.571707,1.721305269370069,5.649805800399665,33.03236505554044,0
2064,17.489638,78.576207,1.5110640711017471,5.972632379662522,29.216737556984526,0
2065,17.489638,78.580707,1.121016116615935,6.315060736700069,25.94716303444779,0
2066,17.489638,78.585207,0.745923019224931,6.67407441348383,24.78385616826857,0
2067,17.494138,78.319707,0.243405432444164,3.955170980537261,16.682874456456403,0
2068,17.494138,78.324207,0.5117340726826216,3.481422957722956,20.097924016672454,0
2069,17.494138,78.328707,0.1604865735302297,3.008775137697023,17.346402986230085,0
2070,17.494138,78.333207,0.1074036758130844,2.5378423006462727,17.64916112952954,0
2071,17.494138,78.337707,0.2763488529219975,2.0697953892156478,17.5215353603324,0
2072,17.494138,78.342207,0.7332722016403123,1.607157758659772,20.15237222293248,0
2073,17.494138,78.346707,0.3049256113822465,1.1564397381245013,22.05506118866971,0
2074,17.494138,78.351207,0.0765427593435181,0.7397589972317196,22.337085211976184,0
2075,17.494138,78.355707,0.2525404756105576,0.4611155819105774,21.66699555992816,0
2076,17.494138,78.360207,0.2454280544031278,0.5774993383411702,24.998788909152644,1
2077,17.494138,78.364707,0.3962321008511366,0.953874777750454,26.835056224904257,1
2078,17.494138,78.369207,0.4578869331636506,1.3934641714427405,23.39988726760156,0
2079,17.494138,78.373707,0.7000668251361275,1.8517833030896784,27.78873788589082,0
2080,17.494138,78.378207,0.8979270280489915,2.317747636031364,31.899592094746303,0
2081,17.494138,78.382707,0.6755157279376153,2.787525875069532,30.61952866055092,0
2082,17.494138,78.387207,0.6333897499390987,3.259469373968354,27.192955295639404,0
2083,17.494138,78.391707,0.4007506006830031,3.732756942219541,28.144835304667907,0
2084,17.494138,78.396207,0.4562032629279687,4.206934973577242,29.75369321524323,0
2085,17.494138,78.400707,0.6842256429157451,4.68173291040425,30.018735243461624,0
2086,17.494138,78.405207,0.7082674428258275,5.156979533093729,27.66498653708215,0
2087,17.494138,78.409707,0.660373868205544,5.632561269122488,25.76244423931725,0
2088,17.494138,78.414207,0.4975426166657278,6.108399845994342,23.50450831251895,0
2089,17.494138,78.418707,0.3750958701600012,6.580429616212849,23.94849435165789,0
2090,17.494138,78.423207,0.1069794974353138,6.802312167938752,20.754071233793088,0
2091,17.494138,78.427707,0.3432037616294727,6.515012030096831,22.00870697229518,0
2092,17.494138,78.432207,0.8142535754511049,6.252852691372107,22.8509432256346,0
2093,17.494138,78.436707,1.2766082503614775,6.017190009398915,26.08411422304188,0
2094,17.494138,78.441207,1.3866853067633298,5.621963939259943,24.48531887181264,0
2095,17.494138,78.445707,0.9096085646635084,5.246815564019785,22.32216118138868,0
2096,17.494138,78.450207,0.4328784722283236,4.889503855570442,19.105185705000324,0
2097,17.494138,78.454707,0.0019668448274151,4.554228991692121,12.809269630274564,0
2098,17.494138,78.459207,0.3027392315883996,4.246214176178206,12.427661512071838,0
2099,17.494138,78.463707,0.6798303486884568,3.971806556063021,21.400998522362222,0
2100,17.494138,78.468207,1.0136257930830943,3.73841399211437,21.02390066961283,0
2101,17.494138,78.495207,1.1487477917216804,3.57013404601392,22.235790647339265,0
2102,17.494138,78.499707,0.8573975049373412,3.7597080418489712,23.52229229588625,0
2103,17.494138,78.504207,0.714814214832647,3.997565682154144,26.67773401583205,0
2104,17.494138,78.508707,0.7999233453519149,4.275656391136857,26.09753303830062,0
2105,17.494138,78.535707,1.6366616358437338,4.778786635057031,34.510093502506685,0
2106,17.494138,78.540207,1.162886885864993,4.789973916461515,35.5706987757015,0
2107,17.494138,78.544707,0.6938663805826558,4.848351254145295,27.750462762748576,0
2108,17.494138,78.549207,0.2570899552603265,4.952250093912436,25.334701754749336,0
2109,17.494138,78.553707,0.1283206601372072,5.098888452111069,26.113680103604544,0
2110,17.494138,78.558207,0.3346831542012662,5.284709759863064,27.083496603499857,0
2111,17.494138,78.562707,0.7660682872996152,5.505748122494764,29.118322099272888,0
2112,17.494138,78.567207,1.225295261660722,5.757949189843538,31.82417392964156,0
2113,17.494138,78.571707,1.6945011621923087,6.037408939091669,32.24916440296814,0
2114,17.494138,78.576207,1.3183094025851054,6.340524099908094,29.55425163835968,0
2115,17.494138,78.580707,0.8638719388981665,6.6640675538164125,24.28955945650145,0
2116,17.494138,78.585207,0.4354547497068259,7.005209361353908,21.334115870002915,0
2117,17.498638,78.315207,0.1417750200893019,4.407287933400039,16.8043881166136,0
2118,17.498638,78.319707,0.321092955367259,3.930104332631399,18.52380836517997,0
2119,17.498638,78.324207,0.4366508535766232,3.4529314526736683,20.88427631786204,0
2120,17.498638,78.328707,0.0309827170499816,2.975774451192702,18.673724733495604,0
2121,17.498638,78.333207,0.0515606997704691,2.498642425311895,18.518319391385045,0
2122,17.498638,78.337707,0.3775339698317502,2.021553059886308,19.571188029927526,0
2123,17.498638,78.342207,0.3685711352629923,1.5445458875226894,22.109481243882023,0
2124,17.498638,78.346707,0.3158810854828602,1.0677310732152774,22.448105992999515,0
2125,17.498638,78.351207,0.045834251680931,0.5915739283993776,22.09669315485805,1
2126,17.498638,78.355707,0.2405260402231754,0.1239040082709594,28.07162168935461,1
2127,17.498638,78.360207,0.1957131235024823,0.3690895777523048,23.05065252094653,1
2128,17.498638,78.364707,0.5711819818153249,0.8441471744388372,27.809614291291307,1
2129,17.498638,78.369207,0.9481682801198498,1.3207665236787836,31.863582970465355,0
2130,17.498638,78.373707,0.9770038983295652,1.7977058685158984,30.464914166208658,0
2131,17.498638,78.378207,0.5788839754597793,2.2747639416365644,32.782720793151235,0
2132,17.498638,78.382707,0.3908527090222724,2.7518789963216648,26.2998763024658,0
2133,17.498638,78.387207,0.3896476217098088,3.229025773983824,27.62179522411911,0
2134,17.498638,78.391707,0.0202224177964387,3.706192022079912,22.934553893672454,0
2135,17.498638,78.396207,0.2846050516511991,4.1833710778510165,25.047986066352628,0
2136,17.498638,78.400707,0.1857119993419398,4.660559007064843,25.1574663995798,0
2137,17.498638,78.405207,0.2510861108834099,5.137753337035708,26.131813957777908,0
2138,17.498638,78.409707,0.2005962707427682,5.614952435597301,24.067056191188623,0
2139,17.498638,78.414207,0.052619714383723,6.092155181944741,24.27993171231297,0
2140,17.498638,78.418707,0.1196256298861799,6.5693607809057575,21.147778199488684,0
2141,17.498638,78.423207,0.2920117475721228,7.242006453210547,20.86162741291189,0
2142,17.498638,78.427707,0.5890890855906701,6.930400559168712,27.87764373747417,0
2143,17.498638,78.432207,0.9990205222322824,6.68455830485459,24.913390906466397,0
2144,17.498638,78.436707,1.4137690687400877,6.304603935131251,24.43049624155084,0
2145,17.498638,78.441207,1.4839371060395896,5.934236143488986,24.242430352180914,0
2146,17.498638,78.445707,1.0511727064094212,5.580130332007046,20.5952503237222,0
2147,17.498638,78.450207,0.6431518078529188,5.245580857026324,21.47550397777292,0
2148,17.498638,78.454707,0.2574374249496086,4.934566913618186,16.26674500360535,0
2149,17.498638,78.459207,0.029897056264575,4.651811562827154,15.739397070154368,0
2150,17.498638,78.463707,0.3235388660745039,4.40276266704855,17.125618731514088,0
2151,17.498638,78.468207,0.6385678214303707,4.193430038182334,20.763408561897137,0
2152,17.498638,78.472707,0.4155629680985196,4.030007439867535,16.572928286283897,0
2153,17.498638,78.477207,0.5345415957606812,3.9182435534130176,17.269749683619402,1
2154,17.498638,78.495207,0.7350802635240282,4.044132026294304,23.860579171989144,1
2155,17.498638,78.499707,0.4588705029858278,4.212424114218108,23.796994128633795,0
2156,17.498638,78.504207,0.2239073045981119,4.42601379204544,22.69582071779259,0
2157,17.498638,78.508707,0.413332892219669,4.678701460135433,22.371653025648037,0
2158,17.498638,78.513207,0.8422350904764602,4.964520592549045,28.693383980078966,0
2159,17.498638,78.535707,1.640353470999579,5.279005033707096,33.00174373168525,0
2160,17.498638,78.540207,1.169497163889423,5.289134136587886,30.68417250539768,0
2161,17.498638,78.544707,0.7072298280034817,5.342058195062863,26.976459746648167,0
2162,17.498638,78.549207,0.2968345500960525,5.436527538737027,28.765716644443987,0
2163,17.498638,78.553707,0.0563029298459706,5.5704288590989135,25.60685156234368,0
2164,17.498638,78.558207,0.3157099080351406,5.74100372261837,26.596914103992574,0
2165,17.498638,78.562707,0.7576393322374134,5.945096288950386,29.91054651203569,0
2166,17.498638,78.567207,1.220033841529334,6.179386385254033,35.100662494913294,0
2167,17.498638,78.571707,1.682965911070121,6.440579351399045,28.049738596017303,0
2168,17.498638,78.576207,1.2089327989088428,6.72554151970338,26.318192301128683,0
2169,17.498638,78.580707,0.7390130471713496,7.031383587243419,22.896537725295648,0
2170,17.498638,78.585207,0.2783936866791363,7.355501453497912,18.82685492649495,0
2171,17.503138,78.288207,0.5128818047450623,7.291247444209642,18.132282922902835,0
2172,17.503138,78.306207,0.8454455332500911,5.389836326754946,21.007457272992266,0
2173,17.503138,78.315207,0.0629189002768983,4.441529640656761,14.79895387385973,0
2174,17.503138,78.319707,0.2399432716288799,3.968477945794929,19.280589482872333,0
2175,17.503138,78.324207,0.4076194872616183,3.4965583076022178,20.127573290545584,0
2176,17.503138,78.328707,0.0475526496845775,3.026300369664205,19.31169385509293,0
2177,17.503138,78.333207,0.2530935524196308,2.558620525759921,21.146746609806257,0
2178,17.503138,78.337707,0.2411986696118291,2.0952458572143717,21.85916825365865,0
2179,17.503138,78.342207,0.0206424168011762,1.639830037114359,19.201890720051605,0
2180,17.503138,78.346707,0.4767032747945385,1.201457881552213,27.55191153284602,0
2181,17.503138,78.351207,0.3250649161006592,0.8083505888079062,23.478686341270144,1
2182,17.503138,78.355707,0.2801021025588256,0.5646516190662483,19.59087415257928,0
2183,17.503138,78.360207,0.0627968963813369,0.6631013276964739,20.53021876983749,1
2184,17.503138,78.364707,0.4949361082376441,1.0079912866657394,22.10002066982418,0
2185,17.503138,78.369207,0.9650239105530756,1.4310348144610523,28.80506235106564,0
2186,17.503138,78.373707,0.895639711818857,1.8801983908162456,28.38301742607745,0
2187,17.503138,78.378207,0.3991271351005806,2.340491930996151,24.878134855651147,0
2188,17.503138,78.382707,0.0202099292269199,2.806444389221913,27.620252717297195,0
2189,17.503138,78.387207,0.3827888783784758,3.275641750819977,26.816401898094878,0
2190,17.503138,78.391707,0.1829838141888972,3.746865194694033,25.805800284408555,0
2191,17.503138,78.396207,0.337082280032311,4.219435961174394,23.144844976768734,0
2192,17.503138,78.400707,0.1294818983860277,4.692947049275915,21.39546053426418,0
2193,17.503138,78.405207,0.0981198962643654,5.167139955088376,22.826992403043104,1
2194,17.503138,78.409707,0.2214300342474778,5.6418427621031215,23.317113723261755,0
2195,17.503138,78.414207,0.0733487508427663,6.116936759109771,17.79477172967178,0
2196,17.503138,78.418707,0.5426851193383523,6.592337370029064,23.35309481995493,0
2197,17.503138,78.423207,0.6470137840470298,7.067982725287278,23.743334617859983,1
2198,17.503138,78.427707,0.9558206528136912,7.356376596896841,24.518635656373803,0
2199,17.503138,78.432207,1.2801687839610951,6.988967736290428,24.6745416628244,0
2200,17.503138,78.436707,1.652095986078388,6.622488445732688,26.90469644707983,0
2201,17.503138,78.441207,1.7123747098330029,6.2709324043314485,27.50492674192817,0
2202,17.503138,78.445707,1.3321455299948013,5.9369512410791785,25.350130525428767,0
2203,17.503138,78.450207,0.9004449061662856,5.623677059885478,23.470432225223384,0
2204,17.503138,78.454707,0.5714856894050384,5.334759050465425,22.2328489247686,0
2205,17.503138,78.459207,0.3352147933266904,5.07435921064111,17.957357020260325,0
2206,17.503138,78.463707,0.0500335056234375,4.8470759733774695,15.927164521994314,0
2207,17.503138,78.468207,0.191257118378471,4.65775980563512,18.6784671550547,0
2208,17.503138,78.472707,0.0491947889171801,4.511193206406078,18.39687476572795,0
2209,17.503138,78.477207,0.1673924057654132,4.411639004727031,17.34118770272358,0
2210,17.503138,78.481707,0.6267627412656525,4.362317055763809,22.962121663231752,0
2211,17.503138,78.486207,1.0898769980876808,4.364930504223275,26.61159458050909,0
2212,17.503138,78.495207,0.4428412411676359,4.523815337070709,24.50341469260955,0
2213,17.503138,78.499707,0.0587038358224882,4.674867258934602,23.79213380816748,0
2214,17.503138,78.504207,0.0085157143472816,4.868204946028616,18.82557753850992,0
2215,17.503138,78.508707,0.3474886925155017,5.0990206634740805,23.22769796235304,0
2216,17.503138,78.513207,0.8066118283907034,5.3624771213833,26.5488220350756,0
2217,17.503138,78.531207,1.6027892555399537,5.809327576892296,32.693578659036234,0
2218,17.503138,78.535707,1.3160815799241834,5.779250921413871,30.02823877468004,0
2219,17.503138,78.540207,1.161523925406582,5.788504498838163,27.47473839404209,0
2220,17.503138,78.544707,0.9145724599702858,5.836901254672953,29.08361433805657,0
2221,17.503138,78.549207,0.5719054329181047,5.923481829426535,25.129431269000968,0
2222,17.503138,78.553707,0.5226648783285376,6.046606197921261,26.26205358976676,0
2223,17.503138,78.558207,0.6839026045981956,6.20409903560177,25.09331930754898,0
2224,17.503138,78.562707,0.99727565544173,6.3934209915294,25.90293978785013,0
2225,17.503138,78.567207,1.2751785285184802,6.6118384663814425,29.71042463507041,0
2226,17.503138,78.571707,1.44621401940897,6.8565714926461645,29.99063660030323,0
2227,17.503138,78.576207,1.105862396007556,7.124908852597092,28.193315921750543,0
2228,17.503138,78.580707,0.7118534720709372,7.414288130063488,28.41758274412944,0
2229,17.507638,78.283707,0.2964284419344568,7.818676553109596,20.878645525258527,0
2230,17.507638,78.288207,0.3147189663312381,7.346101982455266,21.148625236732084,0
2231,17.507638,78.301707,0.2987963104022569,5.932832985305408,17.517126722635474,0
2232,17.507638,78.306207,0.7690326083346174,5.463868398726499,19.91617646499365,0
2233,17.507638,78.310707,0.526267194859176,4.996465587986427,24.26402053149305,0
2234,17.507638,78.315207,0.224807654424411,4.531107890375121,17.57414708580744,0
2235,17.507638,78.324207,0.1340340513485187,3.6096895926599792,17.232190329399934,0
2236,17.507638,78.337707,0.5190710435325125,2.2790761808095725,22.549574722845424,0
2237,17.507638,78.342207,0.3609962915482873,1.86901517305192,21.878248614305157,0
2238,17.507638,78.346707,0.6015925056523039,1.4992354909143637,22.0799756757247,0
2239,17.507638,78.351207,0.8102158143979723,1.2073343608869278,24.90066008510469,0
2240,17.507638,78.355707,0.5118784737414038,1.0597477637752408,26.53223093879681,0
2241,17.507638,78.360207,0.4065506735177023,1.1153180035071435,22.15003852736014,0
2242,17.507638,78.364707,0.6901315647621515,1.3491712409000334,22.95393857021803,0
2243,17.507638,78.369207,0.7379674923513538,1.6888018496798365,28.13954264237708,0
2244,17.507638,78.382707,0.1853230043934851,2.9462139776972998,24.22761953895952,0
2245,17.507638,78.387207,0.3467716424018716,3.39614559343786,22.936703157411475,0
2246,17.507638,78.391707,0.2495059790187366,3.8526475101844975,20.328072117309432,0
2247,17.507638,78.396207,0.5078867865130967,4.313634272659377,23.38722838246193,0
2248,17.507638,78.405207,0.5584370454903885,5.244322243578798,24.5679023964636,0
2249,17.507638,78.409707,0.3440823025967621,5.71260388485365,25.40251348277223,0
2250,17.507638,78.414207,0.0210753638178779,6.182251235650372,18.707421893920333,0
2251,17.507638,78.418707,0.4196118894068568,6.652975077190156,22.62908663873929,0
2252,17.507638,78.423207,0.6604758746752064,7.124562039378039,25.210858801340077,0
2253,17.507638,78.427707,1.0174587724579756,7.791203753390062,20.860496476715927,1
2254,17.507638,78.432207,1.445558851062156,7.3113352749770115,29.89533393354602,0
2255,17.507638,78.436707,1.887968862380387,6.961855368424291,27.78077376262977,0
2256,17.507638,78.441207,1.9750130749165296,6.6283317941504905,31.03358238866253,0
2257,17.507638,78.445707,1.5828979727183388,6.313293919432033,28.259756714404773,0
2258,17.507638,78.450207,1.2513648921359417,6.019644789560203,27.751787393476537,0
2259,17.507638,78.454707,1.0118144888569542,5.750661893504872,25.114803985713397,0
2260,17.507638,78.459207,0.7162702099951447,5.509958854444556,17.419248754176984,0
2261,17.507638,78.463707,0.3348275171039527,5.301389109166848,18.31838052943705,0
2262,17.507638,78.468207,0.1379792338582489,5.128874334784854,19.054560924310163,1
2263,17.507638,78.472707,0.2107498524977433,4.996150812811109,18.962347911648727,0
2264,17.507638,78.477207,0.1375916964159866,4.906448766118018,20.067901417776987,0
2265,17.507638,78.481707,0.59621986829222,4.862149894139701,23.697850626709723,0
2266,17.507638,78.486207,1.0233926562420734,4.8644947569316965,26.20084455088002,0
2267,17.507638,78.490707,0.8184621537637059,4.913416574638275,23.66496180046102,0
2268,17.507638,78.495207,0.3484090480020753,5.007550417115744,17.94608049841289,0
2269,17.507638,78.499707,0.1177246889944772,5.144414978574238,19.723842938971217,0
2270,17.507638,78.504207,0.495383719216334,5.320713797096891,24.115964715953783,0
2271,17.507638,78.508707,0.6886832320471872,5.532678437741863,22.634552957899803,0
2272,17.507638,78.513207,1.0174126967883907,5.776383957545964,28.40071491530282,0
2273,17.507638,78.531207,1.2912572936636677,6.3072085712575925,31.57029716106037,0
2274,17.507638,78.535707,0.911379879963637,6.279517728589592,27.824377583421853,0
2275,17.507638,78.540207,0.6702184546561024,6.288034937492744,20.024580004210875,0
2276,17.507638,78.544707,0.7140808494095313,6.33261410285374,23.818749381615767,0
2277,17.507638,78.549207,1.0080528459412543,6.412503169976065,31.803200790674595,0
2278,17.507638,78.558207,1.0200327379044134,6.672579752037365,26.60713284213698,0
2279,17.512138,78.252207,1.1956945262733554,11.196068157556253,23.554749806911584,0
2280,17.512138,78.256707,0.844154343408094,10.723688325125996,27.76667833614448,0
2281,17.512138,78.261207,0.6654004287170053,10.251755406598749,24.125287123610757,0
2282,17.512138,78.283707,0.7128700971715902,7.901595089561741,25.9983008035152,0
2283,17.512138,78.288207,0.2645536634962529,7.43430519870692,21.566626342488902,0
2284,17.512138,78.292707,0.1748371346821856,6.968359287913077,21.324283108046608,0
2285,17.512138,78.297207,0.3450170943979683,6.504046209621024,22.107758214981644,0
2286,17.512138,78.337707,0.4821293087593243,2.549328515749661,24.124207608664573,0
2287,17.512138,78.342207,0.8613335636673864,2.1904674154368773,29.68678814500703,0
2288,17.512138,78.346707,0.5269075776940558,1.8848521673938647,25.19602038718261,0
2289,17.512138,78.351207,0.3107613059989649,1.6621180663293276,18.922096904347296,0
2290,17.512138,78.355707,0.4589606310577011,1.558221363928461,23.983889114487862,0
2291,17.512138,78.360207,0.864968289997755,1.5965336673144035,27.91728520453751,0
2292,17.512138,78.364707,1.0602016832641945,1.767833211008923,29.304473864589845,0
2293,17.512138,78.369207,0.6404569126038108,2.0388715878931456,23.60336215269657,0
2294,17.512138,78.405207,0.2573233538770727,5.367238655891456,24.319676190787938,0
2295,17.512138,78.409707,0.3147750965539113,5.825637392841146,24.08243879792652,0
2296,17.512138,78.414207,0.032468253675649,6.286835439086405,25.559672589892536,0
2297,17.512138,78.418707,0.0295852903360654,6.750259047029056,18.771758014148784,0
2298,17.512138,78.423207,0.3901526845246799,7.215479410341758,21.291740794048494,0
2299,17.512138,78.427707,0.8662438036319444,7.682170109525998,24.42333737863307,0
2300,17.512138,78.432207,1.2549408388148748,7.652864266980332,26.26503120403185,0
2301,17.512138,78.436707,1.4479561223528972,7.319717320351788,26.510425783683907,0
2302,17.512138,78.441207,1.7522146394829363,7.003265386064363,24.49040426710665,0
2303,17.512138,78.445707,1.9394355880887444,6.705872407430872,30.1854954928302,0
2304,17.512138,78.450207,1.5588113018812335,6.430183332020358,29.444475177220035,0
2305,17.512138,78.454707,1.081858913748373,6.179103890179719,24.813121148441237,0
2306,17.512138,78.459207,0.6052761307923534,5.955747337926073,26.7886976563674,0
2307,17.512138,78.463707,0.1317545765381813,5.763337755819596,20.10448694429642,0
2308,17.512138,78.468207,0.2897345392171612,5.60506307638049,23.631634737983312,0
2309,17.512138,78.472707,0.6546274487290532,5.483879681564313,23.807994360652227,0
2310,17.512138,78.477207,0.3131369676050926,5.402284230156629,22.95600916528753,1
2311,17.512138,78.481707,0.3321190047758246,5.36208426969247,22.061153795153206,0
2312,17.512138,78.486207,0.7506355998541941,5.364210547486471,26.852758021864386,0
2313,17.512138,78.490707,0.9250060749861572,5.408613144867485,25.38726629406023,0
2314,17.512138,78.495207,0.5440051963872571,5.494267173538154,24.10447434591548,0
2315,17.512138,78.499707,0.4378013651493543,5.619286579932278,23.33543141542353,0
2316,17.512138,78.504207,0.7367641303097032,5.781118043217564,23.948503709289163,0
2317,17.512138,78.508707,1.1124284952988095,5.976772060220107,27.71418159975617,0
2318,17.512138,78.513207,1.379604882833022,6.203049004864351,33.09378346360272,0
2319,17.512138,78.540207,0.2202258197704472,6.78769011085498,21.49664754799769,0
2320,17.512138,78.544707,0.3177846122123222,6.829007330206669,23.448151179617444,0
2321,17.516638,78.252207,0.966443668695177,11.276286603534128,27.962569899993348,0
2322,17.516638,78.256707,0.5361955740801835,10.807425467153994,25.2645790988652,0
2323,17.516638,78.261207,0.1694118507841852,10.3393272567774,20.932884238797243,0
2324,17.516638,78.279207,0.6281909348722542,8.477088658483298,19.392648714906983,0
2325,17.516638,78.283707,0.9605925695657151,8.014952355073651,27.28965815900703,0
2326,17.516638,78.288207,0.7094337705391567,7.554689116393527,20.39684747147256,0
2327,17.516638,78.337707,0.3502739398827048,2.881790785607972,25.206366623880744,0
2328,17.516638,78.342207,0.4012748325391181,2.5697921887962583,22.78295842721824,0
2329,17.516638,78.346707,0.2174216607770078,2.3148181242332697,23.210577919642898,0
2330,17.516638,78.351207,0.0710702839764902,2.137374861072556,18.40225233803758,0
2331,17.516638,78.355707,0.3257950202555095,2.0576192406375946,18.510268146273194,0
2332,17.516638,78.360207,0.7892868440338351,2.0867821823455905,24.80917257808377,0
2333,17.516638,78.364707,1.2265849321011746,2.2205765260435752,26.75015313385288,0
2334,17.516638,78.369207,0.7563395372737683,2.4418635575121237,22.936231938347003,0
2335,17.516638,78.405207,0.2227146482580776,5.53284197315175,21.056209320164967,0
2336,17.516638,78.409707,0.1053225934540009,5.978546095428704,25.825807228412803,0
2337,17.516638,78.414207,0.1866866201393373,6.428773118356533,22.567590318950916,0
2338,17.516638,78.418707,0.3471144763809483,6.882635503434207,24.086683038292183,0
2339,17.516638,78.423207,0.6007719154997622,7.339458863520924,25.327153440996693,0
2340,17.516638,78.427707,0.729724859871894,7.798722883407791,27.50045123564576,0
2341,17.516638,78.432207,0.7796118072508064,8.011104416746052,24.583962209263163,0
2342,17.516638,78.436707,1.0615138413701808,7.693493852006271,22.6599966128876,1
2343,17.516638,78.441207,1.4469198361498656,7.393065960925344,28.805845259475607,0
2344,17.516638,78.445707,1.880938681017411,7.111998589268923,33.49545961531469,0
2345,17.516638,78.450207,1.5609540396428712,6.852674408332661,28.078390458601355,0
2346,17.516638,78.454707,1.0846032824987022,6.61765004689685,26.851989254317772,0
2347,17.516638,78.459207,0.6095438706741233,6.4095991079972165,22.993134476973307,0
2348,17.516638,78.463707,0.1443408431348839,6.231223980429314,24.588577538238223,0
2349,17.516638,78.468207,0.3079061205016525,6.085134908245943,24.04067219382344,0
2350,17.516638,78.472707,0.3596988160989732,5.973701063669209,24.10900770116309,0
2351,17.516638,78.477207,0.2163735921463433,5.898886753837429,23.12165990080248,0
2352,17.516638,78.481707,0.2986861034111426,5.862094204429494,22.211567708549072,0
2353,17.516638,78.486207,0.7314624257787391,5.864039135215774,25.1756097816688,0
2354,17.516638,78.490707,0.5558796178535186,5.904683267356246,21.24174669341585,0
2355,17.516638,78.495207,0.545873849212012,5.983238001843204,19.0553674062352,0
2356,17.516638,78.499707,0.859016749822412,6.098238473160804,25.478497052010827,0
2357,17.516638,78.504207,1.1008018920471665,6.247672442880524,27.147469107790247,0
2358,17.516638,78.508707,1.4206755899363837,6.429139321841872,30.711106123646537,0
2359,17.516638,78.513207,1.7844543906715151,6.640013318707873,33.49924724018592,0
2360,17.516638,78.540207,0.2244643755117531,7.287444362097855,23.764988613893337,0
2361,17.516638,78.544707,0.1434898174785078,7.3259426340820175,18.156778093991917,0
2362,17.521138,78.256707,0.3649922447349049,10.91348493026128,20.795496184171625,0
2363,17.521138,78.261207,0.1076529642293676,10.450150311396042,21.289831692569752,0
2364,17.521138,78.265707,0.1071972265560002,9.988120728586871,25.77364573201055,0
2365,17.521138,78.274707,0.559810699458931,9.068774000761262,27.13375051267339,0
2366,17.521138,78.279207,0.7021664866264843,8.611959934686162,27.606937378771093,1
2367,17.521138,78.283707,0.4618947439460784,8.157479508174792,23.454067187079826,0
2368,17.521138,78.351207,0.286588949043511,2.621995566350285,19.302139614483053,0
2369,17.521138,78.400707,0.1854089758100859,5.31442041555228,21.08227835869232,0
2370,17.521138,78.405207,0.2147707439980595,5.73743708690741,17.757173822135073,0
2371,17.521138,78.409707,0.4522468937988854,6.168365285238711,21.22732361385953,0
2372,17.521138,78.414207,0.496429481652763,6.605656836996263,22.09319164991832,0
2373,17.521138,78.418707,0.7149369105575634,7.048127424438508,27.194263565229136,0
2374,17.521138,78.423207,0.6404759741908868,7.494859846434691,23.23601215651489,0
2375,17.521138,78.427707,0.2539771449819865,7.945135242664001,17.12833381543628,0
2376,17.521138,78.432207,0.3735413434482978,8.383913821401206,24.097920853521984,0
2377,17.521138,78.436707,0.7990031527866828,8.080976931897965,24.581177881566497,0
2378,17.521138,78.441207,1.2585825214785595,7.795503644934776,29.12108202542508,0
2379,17.521138,78.445707,1.3809276911648516,7.529480571739775,29.847641353123148,0
2380,17.521138,78.450207,1.3658007020119052,7.285038776984108,29.577962543424658,0
2381,17.521138,78.454707,0.931782355833493,7.06441887108177,29.234641691514927,0
2382,17.521138,78.459207,0.561118769243163,6.869916279966994,22.43027979024541,0
2383,17.521138,78.463707,0.2948473529599441,6.703804673964321,22.861579987148964,0
2384,17.521138,78.468207,0.1435747515185221,6.568238441627333,24.28456248205773,0
2385,17.521138,78.472707,0.0946872915772129,6.465139368411728,21.257102517639588,0
2386,17.521138,78.477207,0.124639800101552,6.39607767214783,19.24753579866652,0
2387,17.521138,78.481707,0.5565119716489781,6.362161883515535,26.13816424139973,0
2388,17.521138,78.486207,0.7232155274555185,6.363953942711638,27.74489500723045,0
2389,17.521138,78.490707,0.2464363387684003,6.401423860894427,22.20800740385124,0
2390,17.521138,78.495207,0.2167915109415176,6.473952179110466,17.831928557041675,1
2391,17.521138,78.499707,0.6932618836481114,6.580379768385847,25.64323894948589,0
2392,17.521138,78.504207,1.170217498635432,6.719095972105488,23.38979712485174,0
2393,17.521138,78.508707,1.6472928487610017,6.88815034497206,29.816236163102843,0
2394,17.521138,78.513207,2.109486172124513,7.085371646752924,29.845620522760544,0
2395,17.521138,78.540207,0.5344942914686538,7.787278616060896,18.750934516261395,0
2396,17.521138,78.544707,0.4978069276456012,7.823316717429031,20.00716156500441,0
2397,17.525638,78.252207,0.7414727510114522,11.500534625573025,22.385909798665654,0
2398,17.525638,78.256707,0.3053965186362935,11.041223463878284,19.41950244193044,0
2399,17.525638,78.261207,0.0079685159971098,10.583494183908153,20.708963156610665,0
2400,17.525638,78.265707,0.242493404673849,10.127561274267386,20.671454381104205,0
2401,17.525638,78.270207,0.5482853387996817,9.673678734293205,25.98010348502867,0
2402,17.525638,78.274707,0.9215207589032336,9.222149305696815,27.419269070254103,0
2403,17.525638,78.279207,0.5153967257237184,8.773336312693306,23.579947972553278,0
2404,17.525638,78.283707,0.043245576739346,8.327678966912572,20.904325191470367,0
2405,17.525638,78.396207,0.7959966750891815,5.179786616559126,18.492059090729683,0
2406,17.525638,78.400707,0.4766039564405326,5.572232835877447,20.82034679004397,0
2407,17.525638,78.405207,0.4975366728981119,5.977021237066748,20.108169763828396,0
2408,17.525638,78.409707,0.5787145118894443,6.391807386317628,17.08293867620593,1
2409,17.525638,78.414207,0.6387092407284968,6.81476596521901,21.69193907212249,0
2410,17.525638,78.418707,0.3286208465357463,7.244465705348046,19.711379627717463,0
2411,17.525638,78.423207,0.4349190621759707,7.679775142946201,25.928009538834385,0
2412,17.525638,78.427707,0.2354885888673312,8.119792104961391,18.794530935502426,0
2413,17.525638,78.432207,0.35382717810631,8.56379098862515,20.621999651354333,0
2414,17.525638,78.436707,0.7845414644749215,8.480287920753662,28.85886023822806,0
2415,17.525638,78.441207,1.031134310446251,8.208720021686617,31.31952094789022,0
2416,17.525638,78.445707,0.8813324452237921,7.956531027028652,26.626563855339317,0
2417,17.525638,78.450207,0.9724102739773272,7.725618938960348,27.716773988034383,0
2418,17.525638,78.454707,0.8068209045619199,7.517944560472456,29.436158014653493,0
2419,17.525638,78.459207,0.3303607203033736,7.335481801406108,20.798344701238275,0
2420,17.525638,78.463707,0.078447505093481,7.180152959708968,20.214158764010072,0
2421,17.525638,78.468207,0.2365891004790443,7.053750790448526,24.207418999334458,0
2422,17.525638,78.472707,0.2199452761152336,6.957851990850614,27.54406778897699,0
2423,17.525638,78.486207,0.8646163510390522,6.863936131302499,26.205876779479777,0
2424,17.525638,78.490707,0.5313964708352884,6.898690095077806,24.725697531067368,1
2425,17.525638,78.495207,0.5141469149541706,6.9660412908868565,26.09055970711598,0
2426,17.525638,78.499707,0.8364078961778696,7.065057531919515,29.349121135446374,0
2427,17.525638,78.504207,1.2604873731848196,7.194431528350134,25.90115872089049,0
2428,17.525638,78.508707,1.7127273637562432,7.352560950150628,29.12606632326795,0
2429,17.525638,78.513207,1.8548170802267905,7.537636264554144,33.08391372644053,0
2430,17.525638,78.535707,0.8901224098485508,8.28071832090633,18.860968988862027,0
2431,17.525638,78.540207,0.5616730053700949,8.287178396864409,21.943320600279552,0
2432,17.525638,78.544707,0.2358687894194436,8.321050899137887,15.962698077657222,0
2433,17.530138,78.243207,0.1761694897518258,12.555489448829508,17.661442289473932,0
2434,17.530138,78.247707,0.6182910114731635,12.0985984385036,20.22730256693489,0
2435,17.530138,78.252207,0.8453988605424211,11.64333527845718,20.859326073555287,0
2436,17.530138,78.256707,0.4129298247268613,11.189898658918128,18.98871621703348,0
2437,17.530138,78.261207,0.090994942622429,10.738519961003975,20.39972560967409,0
2438,17.530138,78.265707,0.3444870228349289,10.289470019398877,24.205102989230948,0
2439,17.530138,78.270207,0.5876687749448254,9.843067559653024,24.25506415311297,0
2440,17.530138,78.274707,0.7320873781855629,9.399689785793791,26.330754418381183,0
2441,17.530138,78.279207,0.521361684402495,8.959785741898969,26.81990378822555,0
2442,17.530138,78.283707,0.1551514637370736,8.523893265585855,22.2060611907861,0
2443,17.530138,78.288207,0.3577476232732673,8.092660604556956,27.409270522353022,0
2444,17.530138,78.396207,1.0498829213518972,5.489787150945616,23.89060309931008,0
2445,17.530138,78.400707,0.7281581535822534,5.861505586129417,26.027389241159785,0
2446,17.530138,78.405207,0.4282089389775114,6.247570401864134,18.881472722795024,0
2447,17.530138,78.409707,0.0792585262885705,6.645481738001049,17.331910795599654,0
2448,17.530138,78.414207,0.2181350132095349,7.053234899318136,21.399336432411307,0
2449,17.530138,78.418707,0.0034036095284897,7.469218230019679,21.03806542608156,0
2450,17.530138,78.423207,0.3367175620803871,7.892130434481031,21.176459381539484,0
2451,17.530138,78.427707,0.5062370957365069,8.320915095282704,23.29700516148969,0
2452,17.530138,78.432207,0.559114299923009,8.754709398257567,26.307992769720556,0
2453,17.530138,78.436707,0.8833857795664907,8.889833113500979,26.260870477343524,0
2454,17.530138,78.441207,0.6586129926124994,8.631167143053997,26.40649235858386,0
2455,17.530138,78.445707,0.3837800074030668,8.391689272449966,26.31205373140808,0
2456,17.530138,78.450207,0.5622435127147037,8.17308635523934,29.626068978567965,0
2457,17.530138,78.454707,0.6877871603091941,7.977074741276864,27.47112329964815,0
2458,17.530138,78.490707,0.936012548501024,7.396375952524665,23.73966510225844,0
2459,17.530138,78.504207,1.5187409657443072,7.672952101687547,24.591262843572625,0
2460,17.530138,78.508707,1.4670005367645556,7.821409366084667,24.77112880080396,0
2461,17.530138,78.513207,1.3552804957694586,7.995635317156008,23.218097214602977,0
2462,17.530138,78.517707,1.405016025449432,8.193986387131538,25.13232931239381,0
2463,17.530138,78.535707,0.4053594413128962,8.781040412300229,15.402482403189117,0
2464,17.530138,78.540207,0.5556566965998596,8.787132521053863,17.213532406989838,0
2465,17.530138,78.544707,0.141498502267073,8.819084209393704,14.675288151568036,0
2466,17.534638,78.243207,0.4119328569376879,12.706119856929632,17.16481305468149,0
2467,17.534638,78.247707,0.5183697335847768,12.25485740461653,22.071053904247663,0
2468,17.534638,78.252207,0.527850654562322,11.805632988444328,21.66746641766658,0
2469,17.534638,78.256707,0.4190582117822708,11.358688417934578,20.674951607497015,0
2470,17.534638,78.261207,0.5001065158596257,10.914303778389032,21.21928434968104,0
2471,17.534638,78.265707,0.0416484086868839,10.47280494600313,19.56424356415165,0
2472,17.534638,78.270207,0.1261861058423127,10.034572835516578,22.62770589376633,0
2473,17.534638,78.274707,0.3709299820830941,9.600054824565124,25.60402931270898,0
2474,17.534638,78.279207,0.8240318124369324,9.169778916199457,26.262667617204453,0
2475,17.534638,78.283707,0.6536537518844661,8.744371344339985,27.95093783895456,0
2476,17.534638,78.396207,0.932504088718474,5.826327409667761,16.55673396034775,0
2477,17.534638,78.400707,0.5979510339874302,6.1778209127671095,19.64892392372496,0
2478,17.534638,78.405207,0.1238178832163402,6.5452458700894685,18.658791925644053,0
2479,17.534638,78.409707,0.0767855296484527,6.926067274514286,17.162555343186153,0
2480,17.534638,78.414207,0.06029900785808,7.318194066906696,22.21569333843309,0
2481,17.534638,78.418707,0.2394442080305432,7.719903692806175,18.91138867211122,0
2482,17.534638,78.423207,0.6021133349919462,8.129775751128589,24.325764231140194,0
2483,17.534638,78.427707,0.1442048927627308,8.546635982042845,22.10379684671455,0
2484,17.534638,78.432207,0.2428780798594865,8.96951010702872,23.556567184432428,0
2485,17.534638,78.436707,0.7194712724065864,9.308261753674294,27.303438805946904,0
2486,17.534638,78.441207,0.3809038345395877,9.061554096780222,26.526356730641734,0
2487,17.534638,78.508707,1.024341835263224,8.293943031726483,25.98335457083457,0
2488,17.534638,78.513207,0.8567255497570996,8.458437348428895,25.08433135926739,0
2489,17.534638,78.517707,0.9320113700155472,8.646173233759184,21.91403956998689,0
2490,17.534638,78.535707,0.1462862687360726,9.281368442150592,16.79020430301403,0
2491,17.534638,78.540207,0.3377382691007111,9.287132212231688,14.827330265555156,0
2492,17.534638,78.544707,0.1159406478305112,9.317368681135232,16.541839205114314,0
2493,17.539138,78.243207,0.0712092997425041,12.874447652835022,13.79526355026232,0
2494,17.539138,78.247707,0.025737643822213,12.429309309574416,18.08365008839805,0
2495,17.539138,78.252207,0.0532143894236262,11.986635817770036,21.481782325566893,0
2496,17.539138,78.256707,0.0435636681418999,11.546710670831416,17.857038236038782,0
2497,17.539138,78.261207,0.2402498896132616,11.109860358395691,16.064647062157952,0
2498,17.539138,78.265707,0.2090691045658649,10.676462327700294,20.36696069950564,0
2499,17.539138,78.270207,0.1984507291380363,10.246954634256088,25.05686043236549,0
2500,17.539138,78.274707,0.4352651486332132,9.82184766289264,26.268548707645625,0
2501,17.539138,78.279207,0.8642054354076445,9.401738379116294,29.299839350487957,0
2502,17.539138,78.396207,0.4646620749715953,6.18507669790482,19.06334383413186,0
2503,17.539138,78.400707,0.4718988674648875,6.517242458219966,18.76564706891061,0
2504,17.539138,78.405207,0.1774262240286641,6.866520631977723,19.335349819543534,0
2505,17.539138,78.409707,0.2037800958007794,7.23043171233688,19.90143612832491,0
2506,17.539138,78.414207,0.5502899423222478,7.606875884918852,24.291725687263128,0
2507,17.539138,78.418707,0.6854009802279948,7.994082782383582,23.949611307675447,0
2508,17.539138,78.423207,0.7800568032066221,8.390562505133353,26.811948608689782,0
2509,17.539138,78.427707,0.4690187736093367,8.795061090619914,23.7120479852955,0
2510,17.539138,78.432207,0.525947951070449,9.2065216468173,24.607193280547595,0
2511,17.539138,78.436707,0.779804524061845,9.734428359484834,31.803255847340544,0
2512,17.539138,78.441207,0.3530653749366023,9.498801692164545,27.198252580970543,0
2513,17.539138,78.508707,0.6678822324363202,8.769566246436176,23.47193163257698,0
2514,17.539138,78.513207,0.3632172039977733,8.925295245187444,19.181891487657836,0
2515,17.539138,78.549207,0.5369464022704652,9.867585603346392,15.825291989677613,0
2516,17.543638,78.252207,0.4361214089949572,12.185510260820871,19.049955284119164,0
2517,17.543638,78.256707,0.46669844781523,11.7530424238734,23.293284156510232,0
2518,17.543638,78.261207,0.5566453933569881,11.32416538210049,23.358170634743168,0
2519,17.543638,78.265707,0.5356609967241365,10.899303026956987,20.020841730662355,0
2520,17.543638,78.270207,0.6790217690610938,10.47894368910992,25.18804156279865,0
2521,17.543638,78.274707,0.8332547414121829,10.063651658537974,31.37319009003257,0
2522,17.543638,78.279207,1.0061901926899484,9.654080902543248,29.592527156285385,0
2523,17.543638,78.400707,0.2496463663072049,6.876349454705672,12.352507435775866,0
2524,17.543638,78.405207,0.5622086083623732,7.20823988187156,22.573018464443955,0
2525,17.543638,78.409707,0.6077394186387446,7.55570195925635,21.5311693407234,0
2526,17.543638,78.414207,0.8939555959316052,7.916685640336587,22.96238401768684,0
2527,17.543638,78.418707,0.5592070193684266,8.289424617176602,21.64288043955841,0
2528,17.543638,78.423207,0.3504110371636045,8.672403297909582,24.620769440292094,0
2529,17.543638,78.427707,0.5823707991965427,9.064323855504156,24.075557194958854,0
2530,17.543638,78.432207,0.4212629897008991,9.464075468190886,27.747279659020236,0
2531,17.543638,78.436707,0.433099715424062,9.87070673700028,27.769611532421788,0
2532,17.543638,78.441207,0.7778028097219044,9.942004781024322,30.274187711803396,0
2533,17.543638,78.508707,0.5780729648832205,9.2478023272125,21.39715006906928,0
2534,17.543638,78.513207,0.1513644413975294,9.395604431560194,16.984812392932753,0
2535,17.548138,78.252207,0.2768378283628304,12.40139655538902,19.949576604446964,0
2536,17.548138,78.256707,0.2345278181724167,11.976737422192604,17.155736412730704,0
2537,17.548138,78.261207,0.2745573312602756,11.55617584762755,17.24618653166661,0
2538,17.548138,78.265707,0.0548267593635324,11.14017591211728,21.80136685099614,0
2539,17.548138,78.270207,0.3628658566659887,10.729268226696076,25.076162133096908,0
2540,17.548138,78.274707,0.4539156473638021,10.32406083906084,26.66055153284648,0
2541,17.548138,78.279207,0.654656919767311,9.92525193345146,28.963877676764938,0
2542,17.548138,78.414207,0.9141597738276958,8.245242070367798,22.447714363219056,0
2543,17.548138,78.418707,0.4395205917947067,8.603750105794438,23.18475121848763,0
2544,17.548138,78.423207,0.0925619444445489,8.973314504171155,20.838939422443357,0
2545,17.548138,78.427707,0.4428790567575092,9.352624696774994,23.44764595861036,0
2546,17.548138,78.432207,0.0949183186281821,9.740542205800525,23.04322195867941,0
2547,17.548138,78.436707,0.182870135664138,10.1360788483196,29.46880266368252,0
2548,17.548138,78.441207,0.656900333668726,10.390401295686406,25.89463667732078,0
2549,17.552638,78.279207,0.1607913999650027,10.213751913877635,26.285928998238965,0
2550,17.552638,78.418707,0.2427191132821027,8.935056000323137,17.046140515139424,0
2551,17.552638,78.423207,0.091764412896603,9.291443474513075,20.717781441654186,0
2552,17.552638,78.427707,0.3288624547539258,9.658258894413812,22.91279923868613,0
2553,17.552638,78.432207,0.3245254993381429,10.034358714906377,20.94880872273128,1
2554,17.552638,78.436707,0.3412952497725663,10.41873752810622,27.25990552189172,0
2555,17.552638,78.441207,0.7484155257624188,10.843346976166307,29.28354636120205,0
2556,17.557138,78.418707,0.1946188993256779,9.281524121700864,15.926723194947105,0
2557,17.557138,78.423207,0.1514501481170486,9.6250831118233,22.968079232134432,0
