{"type": "FeatureCollection", "features": [{"type": "Feature", "geometry": {"type": "Point", "coordinates": [78.423207, 17.296138]}, "properties": {"cell_id": 0, "risk_score": 0.3918, "severity_band": "red", "population_exposed": 1071, "dist_to_drain_km": 0.128, "dist_to_incident_km": 6.852, "rainfall_mm": 60.0}}, {"type": "Feature", "geometry": {"type": "Point", "coordinates": [78.427707, 17.296138]}, "properties": {"cell_id": 1, "risk_score": 0.3869, "severity_band": "red", "population_exposed": 1103, "dist_to_drain_km": 0.16, "dist_to_incident_km": 6.474, "rainfall_mm": 60.0}}, {"type": "Feature", "geometry": {"type": "Point", "coordinates": [78.414207, 17.300638]}, "properties": {"cell_id": 2, "risk_score": 0.3576, "severity_band": "red", "population_exposed": 1060, "dist_to_drain_km": 0.226, "dist_to_incident_km": 7.389, "rainfall_mm": 60.0}}, {"type": "Feature", "geometry": {"type": "Point", "coordinates": [78.418707, 17.300638]}, "properties": {"cell_id": 3, "risk_score": 0.3176, "severity_band": "red", "population_exposed": 1096, "dist_to_drain_km": 0.391, "dist_to_incident_km": 6.974, "rainfall_mm": 60.0}}, {"type": "Feature", "geometry": {"type": "Point", "coordinates": [78.423207, 17.300638]}, "properties": {"cell_id": 4, "risk_score": 0.4377, "severity_band": "red", "population_exposed": 1132, "dist_to_drain_km": 0.056, "dist_to_incident_km": 6.568, "rainfall_mm": 60.0}}, {"type": "Feature", "geometry": {"type": "Point", "coordinates": [78.427707, 17.300638]}, "properties": {"cell_id": 5, "risk_score": 0.3533, "severity_band": "red", "population_exposed": 1169, "dist_to_drain_km": 0.263, "dist_to_incident_km": 6.172, "rainfall_mm": 60.0}}, {"type": "Feature", "geometry": {"type": "Point", "coordinates": [78.432207, 17.300638]}, "properties": {"cell_id": 6, "risk_score": 0.2043, "severity_band": "green", "population_exposed": 1206, "dist_to_drain_km": 0.638, "dist_to_incident_km": 5.788, "rainfall_mm": 60.0}}, {"type": "Feature", "geometry": {"type": "Point", "coordinates": [78.396207, 17.305138]}, "properties": {"cell_id": 7, "risk_score": 0.2177, "severity_band": "green", "population_exposed": 969, "dist_to_drain_km": 0.582, "dist_to_incident_km": 8.926, "rainfall_mm": 60.0}}, {"type": "Feature", "geometry": {"type": "Point", "coordinates": [78.400707, 17.305138]}, "properties": {"cell_id": 8, "risk_score": 0.2564, "severity_band": "green", "population_exposed": 1004, "dist_to_drain_km": 0.455, "dist_to_incident_km": 8.479, "rainfall_mm": 60.0}}, {"type": "Feature", "geometry": {"type": "Point", "coordinates": [78.405207, 17.305138]}, "properties": {"cell_id": 9, "risk_score": 0.357, "severity_band": "red", "population_exposed": 1041, "dist_to_drain_km": 0.232, "dist_to_incident_km": 8.035, "rainfall_mm": 60.0}}, {"type": "Feature", "geometry": {"type": "Point", "coordinates": [78.409707, 17.305138]}, "properties": {"cell_id": 10, "risk_score": 0.4091, "severity_band": "red", "population_exposed": 1079, "dist_to_drain_km": 0.093, "dist_to_incident_km": 7.596, "rainfall_mm": 60.0}}, {"type": "Feature", "geometry": {"type": "Point", "coordinates": [78.414207, 17.305138]}, "properties": {"cell_id": 11, "risk_score": 0.3869, "severity_band": "red", "population_exposed": 1118, "dist_to_drain_km": 0.144, "dist_to_incident_km": 7.161, "rainfall_mm": 60.0}}, {"type": "Feature", "geometry": {"type": "Point", "coordinates": [78.418707, 17.305138]}, "properties": {"cell_id": 12, "risk_score": 0.2718, "severity_band": "green", "population_exposed": 1158, "dist_to_drain_km": 0.403, "dist_to_incident_km": 6.733, "rainfall_mm": 60.0}}, {"type": "Feature", "geometry": {"type": "Point", "coordinates": [78.423207, 17.305138]}, "properties": {"cell_id": 13, "risk_score": 0.23, "severity_band": "green", "population_exposed": 1199, "dist_to_drain_km": 0.55, "dist_to_incident_km": 6.311, "rainfall_mm": 60.0}}, {"type": "Feature", "geometry": {"type": "Point", "coordinates": [78.427707, 17.305138]}, "properties": {"cell_id": 14, "risk_score": 0.2023, "severity_band": "green", "population_exposed": 1240, "dist_to_drain_km": 0.678, "dist_to_incident_km": 5.898, "rainfall_mm": 60.0}}, {"type": "Feature", "geometry": {"type": "Point", "coordinates": [78.432207, 17.305138]}, "properties": {"cell_id": 15, "risk_score": 0.1614, "severity_band": "green", "population_exposed": 1281, "dist_to_drain_km": 0.955, "dist_to_incident_km": 5.495, "rainfall_mm": 60.0}}, {"type": "Feature", "geometry": {"type": "Point", "coordinates": [78.436707, 17.305138]}, "properties": {"cell_id": 16, "risk_score": 0.1845, "severity_band": "green", "population_exposed": 1322, "dist_to_drain_km": 0.801, "dist_to_incident_km": 5.105, "rainfall_mm": 60.0}}, {"type": "Feature", "geometry": {"type": "Point", "coordinates": [78.441207, 17.305138]}, "properties": {"cell_id": 17, "risk_score": 0.2564, "severity_band": "green", "population_exposed": 1362, "dist_to_drain_km": 0.468, "dist_to_incident_km": 4.731, "rainfall_mm": 60.0}}, {"type": "Feature", "geometry": {"type": "Point", "coordinates": [78.445707, 17.305138]}, "properties": {"cell_id": 18, "risk_score": 0.3194, "severity_band": "red", "population_exposed": 1400, "dist_to_drain_km": 0.36, "dist_to_incident_km": 4.378, "rainfall_mm": 60.0}}, {"type": "Feature", "geometry": {"type": "Point", "coordinates": [78.450207, 17.305138]}, "properties": {"cell_id": 19, "risk_score": 0.3348, "severity_band": "red", "population_exposed": 1437, "dist_to_drain_km": 0.302, "dist_to_incident_km": 4.05, "rainfall_mm": 60.0}}, {"type": "Feature", "geometry": {"type": "Point", "coordinates": [78.454707, 17.305138]}, "properties": {"cell_id": 20, "risk_score": 0.2047, "severity_band": "green", "population_exposed": 1472, "dist_to_drain_km": 0.634, "dist_to_incident_km": 3.755, "rainfall_mm": 60.0}}, {"type": "Feature", "geometry": {"type": "Point", "coordinates": [78.459207, 17.305138]}, "properties": {"cell_id": 21, "risk_score": 0.1947, "severity_band": "green", "population_exposed": 1502, "dist_to_drain_km": 0.745, "dist_to_incident_km": 3.5, "rainfall_mm": 60.0}}, {"type": "Feature", "geometry": {"type": "Point", "coordinates": [78.571707, 17.305138]}, "properties": {"cell_id": 22, "risk_score": 0.1614, "severity_band": "green", "population_exposed": 938, "dist_to_drain_km": 0.934, "dist_to_incident_km": 5.464, "rainfall_mm": 60.0}}, {"type": "Feature", "geometry": {"type": "Point", "coordinates": [78.576207, 17.305138]}, "properties": {"cell_id": 23, "risk_score": 0.1593, "severity_band": "green", "population_exposed": 900, "dist_to_drain_km": 1.079, "dist_to_incident_km": 5.672, "rainfall_mm": 60.0}}, {"type": "Feature", "geometry": {"type": "Point", "coordinates": [78.580707, 17.305138]}, "properties": {"cell_id": 24, "risk_score": 0.1614, "severity_band": "green", "population_exposed": 864, "dist_to_drain_km": 0.868, "dist_to_incident_km": 5.911, "rainfall_mm": 60.0}}, {"type": "Feature", "geometry": {"type": "Point", "coordinates": [78.585207, 17.305138]}, "properties": {"cell_id": 25, "risk_score": 0.2718, "severity_band": "green", "population_exposed": 830, "dist_to_drain_km": 0.399, "dist_to_incident_km": 6.179, "rainfall_mm": 60.0}}, {"type": "Feature", "geometry": {"type": "Point", "coordinates": [78.589707, 17.305138]}, "properties": {"cell_id": 26, "risk_score": 0.4419, "severity_band": "red", "population_exposed": 798, "dist_to_drain_km": 0.041, "dist_to_incident_km": 6.47, "rainfall_mm": 60.0}}, {"type": "Feature", "geometry": {"type": "Point", "coordinates": [78.594207, 17.305138]}, "properties": {"cell_id": 27, "risk_score": 0.357, "severity_band": "red", "population_exposed": 767, "dist_to_drain_km": 0.231, "dist_to_incident_km": 6.783, "rainfall_mm": 60.0}}, {"type": "Feature", "geometry": {"type": "Point", "coordinates": [78.598707, 17.305138]}, "properties": {"cell_id": 28, "risk_score": 0.4457, "severity_band": "red", "population_exposed": 738, "dist_to_drain_km": 0.014, "dist_to_incident_km": 7.114, "rainfall_mm": 60.0}}, {"type": "Feature", "geometry": {"type": "Point", "coordinates": [78.603207, 17.305138]}, "properties": {"cell_id": 29, "risk_score": 0.3918, "severity_band": "red", "population_exposed": 712, "dist_to_drain_km": 0.137, "dist_to_incident_km": 7.461, "rainfall_mm": 60.0}}, {"type": "Feature", "geometry": {"type": "Point", "coordinates": [78.387207, 17.309638]}, "properties": {"cell_id": 30, "risk_score": 0.1358, "severity_band": "green", "population_exposed": 943, "dist_to_drain_km": 1.197, "dist_to_incident_km": 9.685, "rainfall_mm": 60.0}}, {"type": "Feature", "geometry": {"type": "Point", "coordinates": [78.391707, 17.309638]}, "properties": {"cell_id": 31, "risk_score": 0.193, "severity_band": "green", "population_exposed": 978, "dist_to_drain_km": 0.749, "dist_to_incident_km": 9.225, "rainfall_mm": 60.0}}, {"type": "Feature", "geometry": {"type": "Point", "coordinates": [78.396207, 17.309638]}, "properties": {"cell_id": 32, "risk_score": 0.3198, "severity_band": "red", "population_exposed": 1016, "dist_to_drain_km": 0.325, "dist_to_incident_km": 8.767, "rainfall_mm": 60.0}}, {"type": "Feature", "geometry": {"type": "Point", "coordinates": [78.400707, 17.309638]}, "properties": {"cell_id": 33, "risk_score": 0.4279, "severity_band": "red", "population_exposed": 1054, "dist_to_drain_km": 0.073, "dist_to_incident_km": 8.311, "rainfall_mm": 60.0}}, {"type": "Feature", "geometry": {"type": "Point", "coordinates": [78.405207, 17.309638]}, "properties": {"cell_id": 34, "risk_score": 0.2353, "severity_band": "green", "population_exposed": 1094, "dist_to_drain_km": 0.539, "dist_to_incident_km": 7.858, "rainfall_mm": 60.0}}, {"type": "Feature", "geometry": {"type": "Point", "coordinates": [78.409707, 17.309638]}, "properties": {"cell_id": 35, "risk_score": 0.3555, "severity_band": "red", "population_exposed": 1136, "dist_to_drain_km": 0.25, "dist_to_incident_km": 7.408, "rainfall_mm": 60.0}}, {"type": "Feature", "geometry": {"type": "Point", "coordinates": [78.414207, 17.309638]}, "properties": {"cell_id": 36, "risk_score": 0.3918, "severity_band": "red", "population_exposed": 1180, "dist_to_drain_km": 0.134, "dist_to_incident_km": 6.962, "rainfall_mm": 60.0}}, {"type": "Feature", "geometry": {"type": "Point", "coordinates": [78.418707, 17.309638]}, "properties": {"cell_id": 37, "risk_score": 0.2386, "severity_band": "green", "population_exposed": 1224, "dist_to_drain_km": 0.535, "dist_to_incident_km": 6.52, "rainfall_mm": 60.0}}, {"type": "Feature", "geometry": {"type": "Point", "coordinates": [78.423207, 17.309638]}, "properties": {"cell_id": 38, "risk_score": 0.2023, "severity_band": "green", "population_exposed": 1270, "dist_to_drain_km": 0.675, "dist_to_incident_km": 6.084, "rainfall_mm": 60.0}}, {"type": "Feature", "geometry": {"type": "Point", "coordinates": [78.427707, 17.309638]}, "properties": {"cell_id": 39, "risk_score": 0.2549, "severity_band": "green", "population_exposed": 1316, "dist_to_drain_km": 0.519, "dist_to_incident_km": 5.654, "rainfall_mm": 60.0}}, {"type": "Feature", "geometry": {"type": "Point", "coordinates": [78.432207, 17.309638]}, "properties": {"cell_id": 40, "risk_score": 0.1949, "severity_band": "green", "population_exposed": 1362, "dist_to_drain_km": 0.73, "dist_to_incident_km": 5.233, "rainfall_mm": 60.0}}, {"type": "Feature", "geometry": {"type": "Point", "coordinates": [78.436707, 17.309638]}, "properties": {"cell_id": 41, "risk_score": 0.1438, "severity_band": "green", "population_exposed": 1408, "dist_to_drain_km": 1.154, "dist_to_incident_km": 4.822, "rainfall_mm": 60.0}}, {"type": "Feature", "geometry": {"type": "Point", "coordinates": [78.441207, 17.309638]}, "properties": {"cell_id": 42, "risk_score": 0.1949, "severity_band": "green", "population_exposed": 1454, "dist_to_drain_km": 0.737, "dist_to_incident_km": 4.424, "rainfall_mm": 60.0}}, {"type": "Feature", "geometry": {"type": "Point", "coordinates": [78.445707, 17.309638]}, "properties": {"cell_id": 43, "risk_score": 0.3286, "severity_band": "red", "population_exposed": 1498, "dist_to_drain_km": 0.308, "dist_to_incident_km": 4.044, "rainfall_mm": 60.0}}, {"type": "Feature", "geometry": {"type": "Point", "coordinates": [78.450207, 17.309638]}, "properties": {"cell_id": 44, "risk_score": 0.359, "severity_band": "red", "population_exposed": 1540, "dist_to_drain_km": 0.221, "dist_to_incident_km": 3.687, "rainfall_mm": 60.0}}, {"type": "Feature", "geometry": {"type": "Point", "coordinates": [78.454707, 17.309638]}, "properties": {"cell_id": 45, "risk_score": 0.3854, "severity_band": "red", "population_exposed": 1580, "dist_to_drain_km": 0.168, "dist_to_incident_km": 3.359, "rainfall_mm": 60.0}}, {"type": "Feature", "geometry": {"type": "Point", "coordinates": [78.459207, 17.309638]}, "properties": {"cell_id": 46, "risk_score": 0.3194, "severity_band": "red", "population_exposed": 1616, "dist_to_drain_km": 0.353, "dist_to_incident_km": 3.072, "rainfall_mm": 60.0}}, {"type": "Feature", "geometry": {"type": "Point", "coordinates": [78.472707, 17.309638]}, "properties": {"cell_id": 47, "risk_score": 0.4694, "severity_band": "red", "population_exposed": 1696, "dist_to_drain_km": 0.041, "dist_to_incident_km": 2.574, "rainfall_mm": 60.0}}, {"type": "Feature", "geometry": {"type": "Point", "coordinates": [78.567207, 17.309638]}, "properties": {"cell_id": 48, "risk_score": 0.2554, "severity_band": "green", "population_exposed": 1022, "dist_to_drain_km": 0.493, "dist_to_incident_km": 4.82, "rainfall_mm": 60.0}}, {"type": "Feature", "geometry": {"type": "Point", "coordinates": [78.571707, 17.309638]}, "properties": {"cell_id": 49, "risk_score": 0.2564, "severity_band": "green", "population_exposed": 978, "dist_to_drain_km": 0.436, "dist_to_incident_km": 5.009, "rainfall_mm": 60.0}}, {"type": "Feature", "geometry": {"type": "Point", "coordinates": [78.576207, 17.309638]}, "properties": {"cell_id": 50, "risk_score": 0.2023, "severity_band": "green", "population_exposed": 937, "dist_to_drain_km": 0.694, "dist_to_incident_km": 5.235, "rainfall_mm": 60.0}}, {"type": "Feature", "geometry": {"type": "Point", "coordinates": [78.580707, 17.309638]}, "properties": {"cell_id": 51, "risk_score": 0.1601, "severity_band": "green", "population_exposed": 898, "dist_to_drain_km": 1.036, "dist_to_incident_km": 5.494, "rainfall_mm": 60.0}}, {"type": "Feature", "geometry": {"type": "Point", "coordinates": [78.585207, 17.309638]}, "properties": {"cell_id": 52, "risk_score": 0.2027, "severity_band": "green", "population_exposed": 860, "dist_to_drain_km": 0.68, "dist_to_incident_km": 5.781, "rainfall_mm": 60.0}}, {"type": "Feature", "geometry": {"type": "Point", "coordinates": [78.589707, 17.309638]}, "properties": {"cell_id": 53, "risk_score": 0.2386, "severity_band": "green", "population_exposed": 825, "dist_to_drain_km": 0.53, "dist_to_incident_km": 6.091, "rainfall_mm": 60.0}}, {"type": "Feature", "geometry": {"type": "Point", "coordinates": [78.594207, 17.309638]}, "properties": {"cell_id": 54, "risk_score": 0.3533, "severity_band": "red", "population_exposed": 792, "dist_to_drain_km": 0.262, "dist_to_incident_km": 6.422, "rainfall_mm": 60.0}}, {"type": "Feature", "geometry": {"type": "Point", "coordinates": [78.598707, 17.309638]}, "properties": {"cell_id": 55, "risk_score": 0.3711, "severity_band": "red", "population_exposed": 760, "dist_to_drain_km": 0.184, "dist_to_incident_km": 6.771, "rainfall_mm": 60.0}}, {"type": "Feature", "geometry": {"type": "Point", "coordinates": [78.603207, 17.309638]}, "properties": {"cell_id": 56, "risk_score": 0.3606, "severity_band": "red", "population_exposed": 731, "dist_to_drain_km": 0.215, "dist_to_incident_km": 7.135, "rainfall_mm": 60.0}}, {"type": "Feature", "geometry": {"type": "Point", "coordinates": [78.607707, 17.309638]}, "properties": {"cell_id": 57, "risk_score": 0.4377, "severity_band": "red", "population_exposed": 704, "dist_to_drain_km": 0.058, "dist_to_incident_km": 7.511, "rainfall_mm": 60.0}}, {"type": "Feature", "geometry": {"type": "Point", "coordinates": [78.612207, 17.309638]}, "properties": {"cell_id": 58, "risk_score": 0.4064, "severity_band": "red", "population_exposed": 678, "dist_to_drain_km": 0.111, "dist_to_incident_km": 7.898, "rainfall_mm": 60.0}}, {"type": "Feature", "geometry": {"type": "Point", "coordinates": [78.378207, 17.314138]}, "properties": {"cell_id": 59, "risk_score": 0.1273, "severity_band": "green", "population_exposed": 914, "dist_to_drain_km": 1.408, "dist_to_incident_km": 10.5, "rainfall_mm": 60.0}}, {"type": "Feature", "geometry": {"type": "Point", "coordinates": [78.382707, 17.314138]}, "properties": {"cell_id": 60, "risk_score": 0.1601, "severity_band": "green", "population_exposed": 949, "dist_to_drain_km": 1.014, "dist_to_incident_km": 10.032, "rainfall_mm": 60.0}}, {"type": "Feature", "geometry": {"type": "Point", "coordinates": [78.387207, 17.314138]}, "properties": {"cell_id": 61, "risk_score": 0.1945, "severity_band": "green", "population_exposed": 986, "dist_to_drain_km": 0.726, "dist_to_incident_km": 9.565, "rainfall_mm": 60.0}}, {"type": "Feature", "geometry": {"type": "Point", "coordinates": [78.391707, 17.314138]}, "properties": {"cell_id": 62, "risk_score": 0.2143, "severity_band": "green", "population_exposed": 1024, "dist_to_drain_km": 0.596, "dist_to_incident_km": 9.099, "rainfall_mm": 60.0}}, {"type": "Feature", "geometry": {"type": "Point", "coordinates": [78.396207, 17.314138]}, "properties": {"cell_id": 63, "risk_score": 0.3918, "severity_band": "red", "population_exposed": 1064, "dist_to_drain_km": 0.122, "dist_to_incident_km": 8.634, "rainfall_mm": 60.0}}, {"type": "Feature", "geometry": {"type": "Point", "coordinates": [78.400707, 17.314138]}, "properties": {"cell_id": 64, "risk_score": 0.356, "severity_band": "red", "population_exposed": 1107, "dist_to_drain_km": 0.247, "dist_to_incident_km": 8.171, "rainfall_mm": 60.0}}, {"type": "Feature", "geometry": {"type": "Point", "coordinates": [78.405207, 17.314138]}, "properties": {"cell_id": 65, "risk_score": 0.1945, "severity_band": "green", "population_exposed": 1151, "dist_to_drain_km": 0.723, "dist_to_incident_km": 7.71, "rainfall_mm": 60.0}}, {"type": "Feature", "geometry": {"type": "Point", "coordinates": [78.409707, 17.314138]}, "properties": {"cell_id": 66, "risk_score": 0.2554, "severity_band": "green", "population_exposed": 1197, "dist_to_drain_km": 0.492, "dist_to_incident_km": 7.251, "rainfall_mm": 60.0}}, {"type": "Feature", "geometry": {"type": "Point", "coordinates": [78.414207, 17.314138]}, "properties": {"cell_id": 67, "risk_score": 0.2564, "severity_band": "green", "population_exposed": 1245, "dist_to_drain_km": 0.481, "dist_to_incident_km": 6.794, "rainfall_mm": 60.0}}, {"type": "Feature", "geometry": {"type": "Point", "coordinates": [78.418707, 17.314138]}, "properties": {"cell_id": 68, "risk_score": 0.1687, "severity_band": "green", "population_exposed": 1294, "dist_to_drain_km": 0.819, "dist_to_incident_km": 6.34, "rainfall_mm": 60.0}}, {"type": "Feature", "geometry": {"type": "Point", "coordinates": [78.423207, 17.314138]}, "properties": {"cell_id": 69, "risk_score": 0.2564, "severity_band": "green", "population_exposed": 1345, "dist_to_drain_km": 0.432, "dist_to_incident_km": 5.891, "rainfall_mm": 60.0}}, {"type": "Feature", "geometry": {"type": "Point", "coordinates": [78.427707, 17.314138]}, "properties": {"cell_id": 70, "risk_score": 0.4429, "severity_band": "red", "population_exposed": 1396, "dist_to_drain_km": 0.04, "dist_to_incident_km": 5.446, "rainfall_mm": 60.0}}, {"type": "Feature", "geometry": {"type": "Point", "coordinates": [78.432207, 17.314138]}, "properties": {"cell_id": 71, "risk_score": 0.2554, "severity_band": "green", "population_exposed": 1448, "dist_to_drain_km": 0.511, "dist_to_incident_km": 5.007, "rainfall_mm": 60.0}}, {"type": "Feature", "geometry": {"type": "Point", "coordinates": [78.436707, 17.314138]}, "properties": {"cell_id": 72, "risk_score": 0.2027, "severity_band": "green", "population_exposed": 1501, "dist_to_drain_km": 0.654, "dist_to_incident_km": 4.576, "rainfall_mm": 60.0}}, {"type": "Feature", "geometry": {"type": "Point", "coordinates": [78.441207, 17.314138]}, "properties": {"cell_id": 73, "risk_score": 0.1759, "severity_band": "green", "population_exposed": 1552, "dist_to_drain_km": 0.811, "dist_to_incident_km": 4.155, "rainfall_mm": 60.0}}, {"type": "Feature", "geometry": {"type": "Point", "coordinates": [78.445707, 17.314138]}, "properties": {"cell_id": 74, "risk_score": 0.1956, "severity_band": "green", "population_exposed": 1603, "dist_to_drain_km": 0.738, "dist_to_incident_km": 3.747, "rainfall_mm": 60.0}}, {"type": "Feature", "geometry": {"type": "Point", "coordinates": [78.450207, 17.314138]}, "properties": {"cell_id": 75, "risk_score": 0.3194, "severity_band": "red", "population_exposed": 1652, "dist_to_drain_km": 0.342, "dist_to_incident_km": 3.359, "rainfall_mm": 60.0}}, {"type": "Feature", "geometry": {"type": "Point", "coordinates": [78.454707, 17.314138]}, "properties": {"cell_id": 76, "risk_score": 0.4505, "severity_band": "red", "population_exposed": 1697, "dist_to_drain_km": 0.042, "dist_to_incident_km": 2.996, "rainfall_mm": 60.0}}, {"type": "Feature", "geometry": {"type": "Point", "coordinates": [78.459207, 17.314138]}, "properties": {"cell_id": 77, "risk_score": 0.3316, "severity_band": "red", "population_exposed": 1739, "dist_to_drain_km": 0.304, "dist_to_incident_km": 2.669, "rainfall_mm": 60.0}}, {"type": "Feature", "geometry": {"type": "Point", "coordinates": [78.468207, 17.314138]}, "properties": {"cell_id": 78, "risk_score": 0.3321, "severity_band": "red", "population_exposed": 1807, "dist_to_drain_km": 0.351, "dist_to_incident_km": 2.189, "rainfall_mm": 60.0}}, {"type": "Feature", "geometry": {"type": "Point", "coordinates": [78.472707, 17.314138]}, "properties": {"cell_id": 79, "risk_score": 0.4178, "severity_band": "red", "population_exposed": 1832, "dist_to_drain_km": 0.148, "dist_to_incident_km": 2.077, "rainfall_mm": 60.0}}, {"type": "Feature", "geometry": {"type": "Point", "coordinates": [78.477207, 17.314138]}, "properties": {"cell_id": 80, "risk_score": 0.2942, "severity_band": "red", "population_exposed": 1850, "dist_to_drain_km": 0.463, "dist_to_incident_km": 2.071, "rainfall_mm": 60.0}}, {"type": "Feature", "geometry": {"type": "Point", "coordinates": [78.481707, 17.314138]}, "properties": {"cell_id": 81, "risk_score": 0.2083, "severity_band": "green", "population_exposed": 1860, "dist_to_drain_km": 0.883, "dist_to_incident_km": 2.172, "rainfall_mm": 60.0}}, {"type": "Feature", "geometry": {"type": "Point", "coordinates": [78.486207, 17.314138]}, "properties": {"cell_id": 82, "risk_score": 0.176, "severity_band": "green", "population_exposed": 1862, "dist_to_drain_km": 1.342, "dist_to_incident_km": 2.368, "rainfall_mm": 60.0}}, {"type": "Feature", "geometry": {"type": "Point", "coordinates": [78.499707, 17.314138]}, "properties": {"cell_id": 83, "risk_score": 0.1273, "severity_band": "green", "population_exposed": 1820, "dist_to_drain_km": 1.553, "dist_to_incident_km": 3.318, "rainfall_mm": 60.0}}, {"type": "Feature", "geometry": {"type": "Point", "coordinates": [78.504207, 17.314138]}, "properties": {"cell_id": 84, "risk_score": 0.1273, "severity_band": "green", "population_exposed": 1790, "dist_to_drain_km": 1.661, "dist_to_incident_km": 3.705, "rainfall_mm": 60.0}}, {"type": "Feature", "geometry": {"type": "Point", "coordinates": [78.553707, 17.314138]}, "properties": {"cell_id": 85, "risk_score": 0.318, "severity_band": "red", "population_exposed": 1224, "dist_to_drain_km": 0.395, "dist_to_incident_km": 4.015, "rainfall_mm": 60.0}}, {"type": "Feature", "geometry": {"type": "Point", "coordinates": [78.558207, 17.314138]}, "properties": {"cell_id": 86, "risk_score": 0.2596, "severity_band": "green", "population_exposed": 1170, "dist_to_drain_km": 0.414, "dist_to_incident_km": 4.076, "rainfall_mm": 60.0}}, {"type": "Feature", "geometry": {"type": "Point", "coordinates": [78.562707, 17.314138]}, "properties": {"cell_id": 87, "risk_score": 0.2027, "severity_band": "green", "population_exposed": 1118, "dist_to_drain_km": 0.677, "dist_to_incident_km": 4.191, "rainfall_mm": 60.0}}, {"type": "Feature", "geometry": {"type": "Point", "coordinates": [78.567207, 17.314138]}, "properties": {"cell_id": 88, "risk_score": 0.3655, "severity_band": "red", "population_exposed": 1068, "dist_to_drain_km": 0.2, "dist_to_incident_km": 4.356, "rainfall_mm": 60.0}}, {"type": "Feature", "geometry": {"type": "Point", "coordinates": [78.571707, 17.314138]}, "properties": {"cell_id": 89, "risk_score": 0.4215, "severity_band": "red", "population_exposed": 1020, "dist_to_drain_km": 0.075, "dist_to_incident_km": 4.564, "rainfall_mm": 60.0}}, {"type": "Feature", "geometry": {"type": "Point", "coordinates": [78.576207, 17.314138]}, "properties": {"cell_id": 90, "risk_score": 0.2304, "severity_band": "green", "population_exposed": 975, "dist_to_drain_km": 0.548, "dist_to_incident_km": 4.812, "rainfall_mm": 60.0}}, {"type": "Feature", "geometry": {"type": "Point", "coordinates": [78.580707, 17.314138]}, "properties": {"cell_id": 91, "risk_score": 0.1601, "severity_band": "green", "population_exposed": 932, "dist_to_drain_km": 1.024, "dist_to_incident_km": 5.092, "rainfall_mm": 60.0}}, {"type": "Feature", "geometry": {"type": "Point", "coordinates": [78.585207, 17.314138]}, "properties": {"cell_id": 92, "risk_score": 0.1442, "severity_band": "green", "population_exposed": 891, "dist_to_drain_km": 1.123, "dist_to_incident_km": 5.4, "rainfall_mm": 60.0}}, {"type": "Feature", "geometry": {"type": "Point", "coordinates": [78.589707, 17.314138]}, "properties": {"cell_id": 93, "risk_score": 0.1932, "severity_band": "green", "population_exposed": 853, "dist_to_drain_km": 0.752, "dist_to_incident_km": 5.731, "rainfall_mm": 60.0}}, {"type": "Feature", "geometry": {"type": "Point", "coordinates": [78.594207, 17.314138]}, "properties": {"cell_id": 94, "risk_score": 0.318, "severity_band": "red", "population_exposed": 817, "dist_to_drain_km": 0.384, "dist_to_incident_km": 6.082, "rainfall_mm": 60.0}}, {"type": "Feature", "geometry": {"type": "Point", "coordinates": [78.598707, 17.314138]}, "properties": {"cell_id": 95, "risk_score": 0.3355, "severity_band": "red", "population_exposed": 783, "dist_to_drain_km": 0.3, "dist_to_incident_km": 6.449, "rainfall_mm": 60.0}}, {"type": "Feature", "geometry": {"type": "Point", "coordinates": [78.603207, 17.314138]}, "properties": {"cell_id": 96, "risk_score": 0.4419, "severity_band": "red", "population_exposed": 752, "dist_to_drain_km": 0.054, "dist_to_incident_km": 6.83, "rainfall_mm": 60.0}}, {"type": "Feature", "geometry": {"type": "Point", "coordinates": [78.607707, 17.314138]}, "properties": {"cell_id": 97, "risk_score": 0.2564, "severity_band": "green", "population_exposed": 722, "dist_to_drain_km": 0.472, "dist_to_incident_km": 7.222, "rainfall_mm": 60.0}}, {"type": "Feature", "geometry": {"type": "Point", "coordinates": [78.612207, 17.314138]}, "properties": {"cell_id": 98, "risk_score": 0.3533, "severity_band": "red", "population_exposed": 695, "dist_to_drain_km": 0.264, "dist_to_incident_km": 7.624, "rainfall_mm": 60.0}}, {"type": "Feature", "geometry": {"type": "Point", "coordinates": [78.616707, 17.314138]}, "properties": {"cell_id": 99, "risk_score": 0.3576, "severity_band": "red", "population_exposed": 670, "dist_to_drain_km": 0.23, "dist_to_incident_km": 8.034, "rainfall_mm": 60.0}}, {"type": "Feature", "geometry": {"type": "Point", "coordinates": [78.621207, 17.314138]}, "properties": {"cell_id": 100, "risk_score": 0.319, "severity_band": "red", "population_exposed": 646, "dist_to_drain_km": 0.362, "dist_to_incident_km": 8.452, "rainfall_mm": 60.0}}, {"type": "Feature", "geometry": {"type": "Point", "coordinates": [78.378207, 17.318638]}, "properties": {"cell_id": 101, "risk_score": 0.1597, "severity_band": "green", "population_exposed": 954, "dist_to_drain_km": 1.059, "dist_to_incident_km": 10.413, "rainfall_mm": 60.0}}, {"type": "Feature", "geometry": {"type": "Point", "coordinates": [78.382707, 17.318638]}, "properties": {"cell_id": 102, "risk_score": 0.1928, "severity_band": "green", "population_exposed": 991, "dist_to_drain_km": 0.763, "dist_to_incident_km": 9.941, "rainfall_mm": 60.0}}, {"type": "Feature", "geometry": {"type": "Point", "coordinates": [78.387207, 17.318638]}, "properties": {"cell_id": 103, "risk_score": 0.319, "severity_band": "red", "population_exposed": 1030, "dist_to_drain_km": 0.329, "dist_to_incident_km": 9.47, "rainfall_mm": 60.0}}, {"type": "Feature", "geometry": {"type": "Point", "coordinates": [78.391707, 17.318638]}, "properties": {"cell_id": 104, "risk_score": 0.3645, "severity_band": "red", "population_exposed": 1072, "dist_to_drain_km": 0.21, "dist_to_incident_km": 8.999, "rainfall_mm": 60.0}}, {"type": "Feature", "geometry": {"type": "Point", "coordinates": [78.396207, 17.318638]}, "properties": {"cell_id": 105, "risk_score": 0.2386, "severity_band": "green", "population_exposed": 1116, "dist_to_drain_km": 0.534, "dist_to_incident_km": 8.529, "rainfall_mm": 60.0}}, {"type": "Feature", "geometry": {"type": "Point", "coordinates": [78.400707, 17.318638]}, "properties": {"cell_id": 106, "risk_score": 0.2286, "severity_band": "green", "population_exposed": 1162, "dist_to_drain_km": 0.573, "dist_to_incident_km": 8.06, "rainfall_mm": 60.0}}, {"type": "Feature", "geometry": {"type": "Point", "coordinates": [78.405207, 17.318638]}, "properties": {"cell_id": 107, "risk_score": 0.1614, "severity_band": "green", "population_exposed": 1210, "dist_to_drain_km": 0.89, "dist_to_incident_km": 7.591, "rainfall_mm": 60.0}}, {"type": "Feature", "geometry": {"type": "Point", "coordinates": [78.409707, 17.318638]}, "properties": {"cell_id": 108, "risk_score": 0.1609, "severity_band": "green", "population_exposed": 1261, "dist_to_drain_km": 0.959, "dist_to_incident_km": 7.125, "rainfall_mm": 60.0}}, {"type": "Feature", "geometry": {"type": "Point", "coordinates": [78.414207, 17.318638]}, "properties": {"cell_id": 109, "risk_score": 0.1614, "severity_band": "green", "population_exposed": 1314, "dist_to_drain_km": 0.955, "dist_to_incident_km": 6.659, "rainfall_mm": 60.0}}, {"type": "Feature", "geometry": {"type": "Point", "coordinates": [78.418707, 17.318638]}, "properties": {"cell_id": 110, "risk_score": 0.2075, "severity_band": "green", "population_exposed": 1368, "dist_to_drain_km": 0.623, "dist_to_incident_km": 6.196, "rainfall_mm": 60.0}}, {"type": "Feature", "geometry": {"type": "Point", "coordinates": [78.423207, 17.318638]}, "properties": {"cell_id": 111, "risk_score": 0.3224, "severity_band": "red", "population_exposed": 1424, "dist_to_drain_km": 0.322, "dist_to_incident_km": 5.735, "rainfall_mm": 60.0}}, {"type": "Feature", "geometry": {"type": "Point", "coordinates": [78.427707, 17.318638]}, "properties": {"cell_id": 112, "risk_score": 0.3298, "severity_band": "red", "population_exposed": 1482, "dist_to_drain_km": 0.303, "dist_to_incident_km": 5.277, "rainfall_mm": 60.0}}, {"type": "Feature", "geometry": {"type": "Point", "coordinates": [78.432207, 17.318638]}, "properties": {"cell_id": 113, "risk_score": 0.319, "severity_band": "red", "population_exposed": 1541, "dist_to_drain_km": 0.359, "dist_to_incident_km": 4.823, "rainfall_mm": 60.0}}, {"type": "Feature", "geometry": {"type": "Point", "coordinates": [78.436707, 17.318638]}, "properties": {"cell_id": 114, "risk_score": 0.3869, "severity_band": "red", "population_exposed": 1600, "dist_to_drain_km": 0.153, "dist_to_incident_km": 4.373, "rainfall_mm": 60.0}}, {"type": "Feature", "geometry": {"type": "Point", "coordinates": [78.441207, 17.318638]}, "properties": {"cell_id": 115, "risk_score": 0.2568, "severity_band": "green", "population_exposed": 1659, "dist_to_drain_km": 0.49, "dist_to_incident_km": 3.931, "rainfall_mm": 60.0}}, {"type": "Feature", "geometry": {"type": "Point", "coordinates": [78.445707, 17.318638]}, "properties": {"cell_id": 116, "risk_score": 0.1614, "severity_band": "green", "population_exposed": 1716, "dist_to_drain_km": 0.942, "dist_to_incident_km": 3.497, "rainfall_mm": 60.0}}, {"type": "Feature", "geometry": {"type": "Point", "coordinates": [78.450207, 17.318638]}, "properties": {"cell_id": 117, "risk_score": 0.2047, "severity_band": "green", "population_exposed": 1772, "dist_to_drain_km": 0.649, "dist_to_incident_km": 3.077, "rainfall_mm": 60.0}}, {"type": "Feature", "geometry": {"type": "Point", "coordinates": [78.454707, 17.318638]}, "properties": {"cell_id": 118, "risk_score": 0.2604, "severity_band": "green", "population_exposed": 1825, "dist_to_drain_km": 0.447, "dist_to_incident_km": 2.676, "rainfall_mm": 60.0}}, {"type": "Feature", "geometry": {"type": "Point", "coordinates": [78.459207, 17.318638]}, "properties": {"cell_id": 119, "risk_score": 0.2671, "severity_band": "green", "population_exposed": 1873, "dist_to_drain_km": 0.561, "dist_to_incident_km": 2.305, "rainfall_mm": 60.0}}, {"type": "Feature", "geometry": {"type": "Point", "coordinates": [78.463707, 17.318638]}, "properties": {"cell_id": 120, "risk_score": 0.2131, "severity_band": "green", "population_exposed": 1916, "dist_to_drain_km": 0.912, "dist_to_incident_km": 1.98, "rainfall_mm": 60.0}}, {"type": "Feature", "geometry": {"type": "Point", "coordinates": [78.468207, 17.318638]}, "properties": {"cell_id": 121, "risk_score": 0.2416, "severity_band": "green", "population_exposed": 1954, "dist_to_drain_km": 0.755, "dist_to_incident_km": 1.727, "rainfall_mm": 60.0}}, {"type": "Feature", "geometry": {"type": "Point", "coordinates": [78.472707, 17.318638]}, "properties": {"cell_id": 122, "risk_score": 0.2497, "severity_band": "green", "population_exposed": 1983, "dist_to_drain_km": 0.646, "dist_to_incident_km": 1.581, "rainfall_mm": 60.0}}, {"type": "Feature", "geometry": {"type": "Point", "coordinates": [78.477207, 17.318638]}, "properties": {"cell_id": 123, "risk_score": 0.2313, "severity_band": "green", "population_exposed": 2004, "dist_to_drain_km": 0.813, "dist_to_incident_km": 1.574, "rainfall_mm": 60.0}}, {"type": "Feature", "geometry": {"type": "Point", "coordinates": [78.481707, 17.318638]}, "properties": {"cell_id": 124, "risk_score": 0.2162, "severity_band": "green", "population_exposed": 2016, "dist_to_drain_km": 1.149, "dist_to_incident_km": 1.705, "rainfall_mm": 60.0}}, {"type": "Feature", "geometry": {"type": "Point", "coordinates": [78.486207, 17.318638]}, "properties": {"cell_id": 125, "risk_score": 0.204, "severity_band": "green", "population_exposed": 2019, "dist_to_drain_km": 1.534, "dist_to_incident_km": 1.949, "rainfall_mm": 60.0}}, {"type": "Feature", "geometry": {"type": "Point", "coordinates": [78.490707, 17.318638]}, "properties": {"cell_id": 126, "risk_score": 0.1766, "severity_band": "green", "population_exposed": 2012, "dist_to_drain_km": 1.957, "dist_to_incident_km": 2.267, "rainfall_mm": 60.0}}, {"type": "Feature", "geometry": {"type": "Point", "coordinates": [78.495207, 17.318638]}, "properties": {"cell_id": 127, "risk_score": 0.1422, "severity_band": "green", "population_exposed": 1995, "dist_to_drain_km": 1.984, "dist_to_incident_km": 2.635, "rainfall_mm": 60.0}}, {"type": "Feature", "geometry": {"type": "Point", "coordinates": [78.499707, 17.318638]}, "properties": {"cell_id": 128, "risk_score": 0.1273, "severity_band": "green", "population_exposed": 1969, "dist_to_drain_km": 2.039, "dist_to_incident_km": 3.033, "rainfall_mm": 60.0}}, {"type": "Feature", "geometry": {"type": "Point", "coordinates": [78.504207, 17.318638]}, "properties": {"cell_id": 129, "risk_score": 0.1273, "severity_band": "green", "population_exposed": 1935, "dist_to_drain_km": 1.768, "dist_to_incident_km": 3.452, "rainfall_mm": 60.0}}, {"type": "Feature", "geometry": {"type": "Point", "coordinates": [78.508707, 17.318638]}, "properties": {"cell_id": 130, "risk_score": 0.1273, "severity_band": "green", "population_exposed": 1893, "dist_to_drain_km": 1.315, "dist_to_incident_km": 3.884, "rainfall_mm": 60.0}}, {"type": "Feature", "geometry": {"type": "Point", "coordinates": [78.549207, 17.318638]}, "properties": {"cell_id": 131, "risk_score": 0.1956, "severity_band": "green", "population_exposed": 1350, "dist_to_drain_km": 0.713, "dist_to_incident_km": 3.511, "rainfall_mm": 60.0}}, {"type": "Feature", "geometry": {"type": "Point", "coordinates": [78.553707, 17.318638]}, "properties": {"cell_id": 132, "risk_score": 0.3537, "severity_band": "red", "population_exposed": 1288, "dist_to_drain_km": 0.271, "dist_to_incident_km": 3.516, "rainfall_mm": 60.0}}, {"type": "Feature", "geometry": {"type": "Point", "coordinates": [78.558207, 17.318638]}, "properties": {"cell_id": 133, "risk_score": 0.3364, "severity_band": "red", "population_exposed": 1228, "dist_to_drain_km": 0.298, "dist_to_incident_km": 3.586, "rainfall_mm": 60.0}}, {"type": "Feature", "geometry": {"type": "Point", "coordinates": [78.562707, 17.318638]}, "properties": {"cell_id": 134, "risk_score": 0.1942, "severity_band": "green", "population_exposed": 1171, "dist_to_drain_km": 0.745, "dist_to_incident_km": 3.716, "rainfall_mm": 60.0}}, {"type": "Feature", "geometry": {"type": "Point", "coordinates": [78.567207, 17.318638]}, "properties": {"cell_id": 135, "risk_score": 0.2606, "severity_band": "green", "population_exposed": 1116, "dist_to_drain_km": 0.413, "dist_to_incident_km": 3.9, "rainfall_mm": 60.0}}, {"type": "Feature", "geometry": {"type": "Point", "coordinates": [78.571707, 17.318638]}, "properties": {"cell_id": 136, "risk_score": 0.3262, "severity_band": "red", "population_exposed": 1063, "dist_to_drain_km": 0.314, "dist_to_incident_km": 4.132, "rainfall_mm": 60.0}}, {"type": "Feature", "geometry": {"type": "Point", "coordinates": [78.576207, 17.318638]}, "properties": {"cell_id": 137, "risk_score": 0.2027, "severity_band": "green", "population_exposed": 1014, "dist_to_drain_km": 0.672, "dist_to_incident_km": 4.404, "rainfall_mm": 60.0}}, {"type": "Feature", "geometry": {"type": "Point", "coordinates": [78.580707, 17.318638]}, "properties": {"cell_id": 138, "risk_score": 0.1442, "severity_band": "green", "population_exposed": 966, "dist_to_drain_km": 1.123, "dist_to_incident_km": 4.708, "rainfall_mm": 60.0}}, {"type": "Feature", "geometry": {"type": "Point", "coordinates": [78.585207, 17.318638]}, "properties": {"cell_id": 139, "risk_score": 0.1438, "severity_band": "green", "population_exposed": 922, "dist_to_drain_km": 1.146, "dist_to_incident_km": 5.04, "rainfall_mm": 60.0}}, {"type": "Feature", "geometry": {"type": "Point", "coordinates": [78.589707, 17.318638]}, "properties": {"cell_id": 140, "risk_score": 0.1949, "severity_band": "green", "population_exposed": 881, "dist_to_drain_km": 0.718, "dist_to_incident_km": 5.393, "rainfall_mm": 60.0}}, {"type": "Feature", "geometry": {"type": "Point", "coordinates": [78.594207, 17.318638]}, "properties": {"cell_id": 141, "risk_score": 0.2572, "severity_band": "green", "population_exposed": 842, "dist_to_drain_km": 0.417, "dist_to_incident_km": 5.764, "rainfall_mm": 60.0}}, {"type": "Feature", "geometry": {"type": "Point", "coordinates": [78.598707, 17.318638]}, "properties": {"cell_id": 142, "risk_score": 0.3918, "severity_band": "red", "population_exposed": 806, "dist_to_drain_km": 0.134, "dist_to_incident_km": 6.151, "rainfall_mm": 60.0}}, {"type": "Feature", "geometry": {"type": "Point", "coordinates": [78.603207, 17.318638]}, "properties": {"cell_id": 143, "risk_score": 0.3869, "severity_band": "red", "population_exposed": 772, "dist_to_drain_km": 0.157, "dist_to_incident_km": 6.549, "rainfall_mm": 60.0}}, {"type": "Feature", "geometry": {"type": "Point", "coordinates": [78.607707, 17.318638]}, "properties": {"cell_id": 144, "risk_score": 0.2039, "severity_band": "green", "population_exposed": 740, "dist_to_drain_km": 0.632, "dist_to_incident_km": 6.957, "rainfall_mm": 60.0}}, {"type": "Feature", "geometry": {"type": "Point", "coordinates": [78.612207, 17.318638]}, "properties": {"cell_id": 145, "risk_score": 0.1932, "severity_band": "green", "population_exposed": 711, "dist_to_drain_km": 0.746, "dist_to_incident_km": 7.373, "rainfall_mm": 60.0}}, {"type": "Feature", "geometry": {"type": "Point", "coordinates": [78.616707, 17.318638]}, "properties": {"cell_id": 146, "risk_score": 0.1945, "severity_band": "green", "population_exposed": 684, "dist_to_drain_km": 0.73, "dist_to_incident_km": 7.797, "rainfall_mm": 60.0}}, {"type": "Feature", "geometry": {"type": "Point", "coordinates": [78.378207, 17.323138]}, "properties": {"cell_id": 147, "risk_score": 0.2295, "severity_band": "green", "population_exposed": 994, "dist_to_drain_km": 0.561, "dist_to_incident_km": 10.35, "rainfall_mm": 60.0}}, {"type": "Feature", "geometry": {"type": "Point", "coordinates": [78.382707, 17.323138]}, "properties": {"cell_id": 148, "risk_score": 0.2035, "severity_band": "green", "population_exposed": 1035, "dist_to_drain_km": 0.642, "dist_to_incident_km": 9.875, "rainfall_mm": 60.0}}, {"type": "Feature", "geometry": {"type": "Point", "coordinates": [78.387207, 17.323138]}, "properties": {"cell_id": 149, "risk_score": 0.3189, "severity_band": "red", "population_exposed": 1078, "dist_to_drain_km": 0.37, "dist_to_incident_km": 9.4, "rainfall_mm": 60.0}}, {"type": "Feature", "geometry": {"type": "Point", "coordinates": [78.391707, 17.323138]}, "properties": {"cell_id": 150, "risk_score": 0.3555, "severity_band": "red", "population_exposed": 1122, "dist_to_drain_km": 0.253, "dist_to_incident_km": 8.926, "rainfall_mm": 60.0}}, {"type": "Feature", "geometry": {"type": "Point", "coordinates": [78.396207, 17.323138]}, "properties": {"cell_id": 151, "risk_score": 0.2143, "severity_band": "green", "population_exposed": 1170, "dist_to_drain_km": 0.595, "dist_to_incident_km": 8.451, "rainfall_mm": 60.0}}, {"type": "Feature", "geometry": {"type": "Point", "coordinates": [78.400707, 17.323138]}, "properties": {"cell_id": 152, "risk_score": 0.1605, "severity_band": "green", "population_exposed": 1220, "dist_to_drain_km": 0.979, "dist_to_incident_km": 7.978, "rainfall_mm": 60.0}}, {"type": "Feature", "geometry": {"type": "Point", "coordinates": [78.405207, 17.323138]}, "properties": {"cell_id": 153, "risk_score": 0.1298, "severity_band": "green", "population_exposed": 1273, "dist_to_drain_km": 1.249, "dist_to_incident_km": 7.505, "rainfall_mm": 60.0}}, {"type": "Feature", "geometry": {"type": "Point", "coordinates": [78.409707, 17.323138]}, "properties": {"cell_id": 154, "risk_score": 0.1273, "severity_band": "green", "population_exposed": 1328, "dist_to_drain_km": 1.449, "dist_to_incident_km": 7.032, "rainfall_mm": 60.0}}, {"type": "Feature", "geometry": {"type": "Point", "coordinates": [78.414207, 17.323138]}, "properties": {"cell_id": 155, "risk_score": 0.1605, "severity_band": "green", "population_exposed": 1386, "dist_to_drain_km": 1.014, "dist_to_incident_km": 6.56, "rainfall_mm": 60.0}}, {"type": "Feature", "geometry": {"type": "Point", "coordinates": [78.418707, 17.323138]}, "properties": {"cell_id": 156, "risk_score": 0.2338, "severity_band": "green", "population_exposed": 1446, "dist_to_drain_km": 0.542, "dist_to_incident_km": 6.089, "rainfall_mm": 60.0}}, {"type": "Feature", "geometry": {"type": "Point", "coordinates": [78.423207, 17.323138]}, "properties": {"cell_id": 157, "risk_score": 0.4076, "severity_band": "red", "population_exposed": 1509, "dist_to_drain_km": 0.096, "dist_to_incident_km": 5.619, "rainfall_mm": 60.0}}, {"type": "Feature", "geometry": {"type": "Point", "coordinates": [78.427707, 17.323138]}, "properties": {"cell_id": 158, "risk_score": 0.407, "severity_band": "red", "population_exposed": 1573, "dist_to_drain_km": 0.1, "dist_to_incident_km": 5.151, "rainfall_mm": 60.0}}, {"type": "Feature", "geometry": {"type": "Point", "coordinates": [78.432207, 17.323138]}, "properties": {"cell_id": 159, "risk_score": 0.319, "severity_band": "red", "population_exposed": 1639, "dist_to_drain_km": 0.337, "dist_to_incident_km": 4.685, "rainfall_mm": 60.0}}, {"type": "Feature", "geometry": {"type": "Point", "coordinates": [78.436707, 17.323138]}, "properties": {"cell_id": 160, "risk_score": 0.3918, "severity_band": "red", "population_exposed": 1706, "dist_to_drain_km": 0.134, "dist_to_incident_km": 4.221, "rainfall_mm": 60.0}}, {"type": "Feature", "geometry": {"type": "Point", "coordinates": [78.441207, 17.323138]}, "properties": {"cell_id": 161, "risk_score": 0.2568, "severity_band": "green", "population_exposed": 1772, "dist_to_drain_km": 0.482, "dist_to_incident_km": 3.76, "rainfall_mm": 60.0}}, {"type": "Feature", "geometry": {"type": "Point", "coordinates": [78.445707, 17.323138]}, "properties": {"cell_id": 162, "risk_score": 0.1614, "severity_band": "green", "population_exposed": 1838, "dist_to_drain_km": 0.945, "dist_to_incident_km": 3.305, "rainfall_mm": 60.0}}, {"type": "Feature", "geometry": {"type": "Point", "coordinates": [78.450207, 17.323138]}, "properties": {"cell_id": 163, "risk_score": 0.1606, "severity_band": "green", "population_exposed": 1902, "dist_to_drain_km": 1.067, "dist_to_incident_km": 2.856, "rainfall_mm": 60.0}}, {"type": "Feature", "geometry": {"type": "Point", "coordinates": [78.454707, 17.323138]}, "properties": {"cell_id": 164, "risk_score": 0.1938, "severity_band": "green", "population_exposed": 1963, "dist_to_drain_km": 0.947, "dist_to_incident_km": 2.419, "rainfall_mm": 60.0}}, {"type": "Feature", "geometry": {"type": "Point", "coordinates": [78.459207, 17.323138]}, "properties": {"cell_id": 165, "risk_score": 0.2085, "severity_band": "green", "population_exposed": 2020, "dist_to_drain_km": 1.01, "dist_to_incident_km": 2.001, "rainfall_mm": 60.0}}, {"type": "Feature", "geometry": {"type": "Point", "coordinates": [78.463707, 17.323138]}, "properties": {"cell_id": 166, "risk_score": 0.2214, "severity_band": "green", "population_exposed": 2070, "dist_to_drain_km": 0.876, "dist_to_incident_km": 1.615, "rainfall_mm": 60.0}}, {"type": "Feature", "geometry": {"type": "Point", "coordinates": [78.468207, 17.323138]}, "properties": {"cell_id": 167, "risk_score": 0.3357, "severity_band": "red", "population_exposed": 2114, "dist_to_drain_km": 0.504, "dist_to_incident_km": 1.293, "rainfall_mm": 60.0}}, {"type": "Feature", "geometry": {"type": "Point", "coordinates": [78.472707, 17.323138]}, "properties": {"cell_id": 168, "risk_score": 0.365, "severity_band": "red", "population_exposed": 2148, "dist_to_drain_km": 0.444, "dist_to_incident_km": 1.091, "rainfall_mm": 60.0}}, {"type": "Feature", "geometry": {"type": "Point", "coordinates": [78.477207, 17.323138]}, "properties": {"cell_id": 169, "risk_score": 0.3431, "severity_band": "red", "population_exposed": 2174, "dist_to_drain_km": 0.699, "dist_to_incident_km": 1.08, "rainfall_mm": 60.0}}, {"type": "Feature", "geometry": {"type": "Point", "coordinates": [78.481707, 17.323138]}, "properties": {"cell_id": 170, "risk_score": 0.2454, "severity_band": "green", "population_exposed": 2188, "dist_to_drain_km": 1.045, "dist_to_incident_km": 1.264, "rainfall_mm": 60.0}}, {"type": "Feature", "geometry": {"type": "Point", "coordinates": [78.486207, 17.323138]}, "properties": {"cell_id": 171, "risk_score": 0.2113, "severity_band": "green", "population_exposed": 2192, "dist_to_drain_km": 1.359, "dist_to_incident_km": 1.577, "rainfall_mm": 60.0}}, {"type": "Feature", "geometry": {"type": "Point", "coordinates": [78.490707, 17.323138]}, "properties": {"cell_id": 172, "risk_score": 0.204, "severity_band": "green", "population_exposed": 2183, "dist_to_drain_km": 1.61, "dist_to_incident_km": 1.957, "rainfall_mm": 60.0}}, {"type": "Feature", "geometry": {"type": "Point", "coordinates": [78.495207, 17.323138]}, "properties": {"cell_id": 173, "risk_score": 0.176, "severity_band": "green", "population_exposed": 2164, "dist_to_drain_km": 1.905, "dist_to_incident_km": 2.373, "rainfall_mm": 60.0}}, {"type": "Feature", "geometry": {"type": "Point", "coordinates": [78.499707, 17.323138]}, "properties": {"cell_id": 174, "risk_score": 0.129, "severity_band": "green", "population_exposed": 2134, "dist_to_drain_km": 2.124, "dist_to_incident_km": 2.809, "rainfall_mm": 60.0}}, {"type": "Feature", "geometry": {"type": "Point", "coordinates": [78.504207, 17.323138]}, "properties": {"cell_id": 175, "risk_score": 0.1273, "severity_band": "green", "population_exposed": 2093, "dist_to_drain_km": 1.688, "dist_to_incident_km": 3.256, "rainfall_mm": 60.0}}, {"type": "Feature", "geometry": {"type": "Point", "coordinates": [78.508707, 17.323138]}, "properties": {"cell_id": 176, "risk_score": 0.1352, "severity_band": "green", "population_exposed": 2044, "dist_to_drain_km": 1.211, "dist_to_incident_km": 3.711, "rainfall_mm": 60.0}}, {"type": "Feature", "geometry": {"type": "Point", "coordinates": [78.540207, 17.323138]}, "properties": {"cell_id": 177, "risk_score": 0.1442, "severity_band": "green", "population_exposed": 1568, "dist_to_drain_km": 1.128, "dist_to_incident_km": 3.219, "rainfall_mm": 60.0}}, {"type": "Feature", "geometry": {"type": "Point", "coordinates": [78.544707, 17.323138]}, "properties": {"cell_id": 178, "risk_score": 0.1273, "severity_band": "green", "population_exposed": 1495, "dist_to_drain_km": 1.347, "dist_to_incident_km": 3.08, "rainfall_mm": 60.0}}, {"type": "Feature", "geometry": {"type": "Point", "coordinates": [78.549207, 17.323138]}, "properties": {"cell_id": 179, "risk_score": 0.1609, "severity_band": "green", "population_exposed": 1424, "dist_to_drain_km": 0.96, "dist_to_incident_km": 3.012, "rainfall_mm": 60.0}}, {"type": "Feature", "geometry": {"type": "Point", "coordinates": [78.553707, 17.323138]}, "properties": {"cell_id": 180, "risk_score": 0.2034, "severity_band": "green", "population_exposed": 1355, "dist_to_drain_km": 0.696, "dist_to_incident_km": 3.018, "rainfall_mm": 60.0}}, {"type": "Feature", "geometry": {"type": "Point", "coordinates": [78.558207, 17.323138]}, "properties": {"cell_id": 181, "risk_score": 0.201, "severity_band": "green", "population_exposed": 1289, "dist_to_drain_km": 0.708, "dist_to_incident_km": 3.098, "rainfall_mm": 60.0}}, {"type": "Feature", "geometry": {"type": "Point", "coordinates": [78.562707, 17.323138]}, "properties": {"cell_id": 182, "risk_score": 0.1605, "severity_band": "green", "population_exposed": 1226, "dist_to_drain_km": 0.985, "dist_to_incident_km": 3.248, "rainfall_mm": 60.0}}, {"type": "Feature", "geometry": {"type": "Point", "coordinates": [78.567207, 17.323138]}, "properties": {"cell_id": 183, "risk_score": 0.1655, "severity_band": "green", "population_exposed": 1165, "dist_to_drain_km": 0.839, "dist_to_incident_km": 3.458, "rainfall_mm": 60.0}}, {"type": "Feature", "geometry": {"type": "Point", "coordinates": [78.571707, 17.323138]}, "properties": {"cell_id": 184, "risk_score": 0.192, "severity_band": "green", "population_exposed": 1108, "dist_to_drain_km": 0.797, "dist_to_incident_km": 3.717, "rainfall_mm": 60.0}}, {"type": "Feature", "geometry": {"type": "Point", "coordinates": [78.576207, 17.323138]}, "properties": {"cell_id": 185, "risk_score": 0.1605, "severity_band": "green", "population_exposed": 1053, "dist_to_drain_km": 0.994, "dist_to_incident_km": 4.017, "rainfall_mm": 60.0}}, {"type": "Feature", "geometry": {"type": "Point", "coordinates": [78.580707, 17.323138]}, "properties": {"cell_id": 186, "risk_score": 0.1273, "severity_band": "green", "population_exposed": 1002, "dist_to_drain_km": 1.34, "dist_to_incident_km": 4.348, "rainfall_mm": 60.0}}, {"type": "Feature", "geometry": {"type": "Point", "coordinates": [78.585207, 17.323138]}, "properties": {"cell_id": 187, "risk_score": 0.1601, "severity_band": "green", "population_exposed": 954, "dist_to_drain_km": 1.02, "dist_to_incident_km": 4.705, "rainfall_mm": 60.0}}, {"type": "Feature", "geometry": {"type": "Point", "coordinates": [78.589707, 17.323138]}, "properties": {"cell_id": 188, "risk_score": 0.23, "severity_band": "green", "population_exposed": 909, "dist_to_drain_km": 0.55, "dist_to_incident_km": 5.082, "rainfall_mm": 60.0}}, {"type": "Feature", "geometry": {"type": "Point", "coordinates": [78.594207, 17.323138]}, "properties": {"cell_id": 189, "risk_score": 0.4098, "severity_band": "red", "population_exposed": 868, "dist_to_drain_km": 0.079, "dist_to_incident_km": 5.475, "rainfall_mm": 60.0}}, {"type": "Feature", "geometry": {"type": "Point", "coordinates": [78.598707, 17.323138]}, "properties": {"cell_id": 190, "risk_score": 0.4098, "severity_band": "red", "population_exposed": 828, "dist_to_drain_km": 0.084, "dist_to_incident_km": 5.88, "rainfall_mm": 60.0}}, {"type": "Feature", "geometry": {"type": "Point", "coordinates": [78.603207, 17.323138]}, "properties": {"cell_id": 191, "risk_score": 0.3869, "severity_band": "red", "population_exposed": 792, "dist_to_drain_km": 0.161, "dist_to_incident_km": 6.295, "rainfall_mm": 60.0}}, {"type": "Feature", "geometry": {"type": "Point", "coordinates": [78.607707, 17.323138]}, "properties": {"cell_id": 192, "risk_score": 0.2143, "severity_band": "green", "population_exposed": 759, "dist_to_drain_km": 0.595, "dist_to_incident_km": 6.719, "rainfall_mm": 60.0}}, {"type": "Feature", "geometry": {"type": "Point", "coordinates": [78.612207, 17.323138]}, "properties": {"cell_id": 193, "risk_score": 0.1597, "severity_band": "green", "population_exposed": 728, "dist_to_drain_km": 1.066, "dist_to_incident_km": 7.149, "rainfall_mm": 60.0}}, {"type": "Feature", "geometry": {"type": "Point", "coordinates": [78.616707, 17.323138]}, "properties": {"cell_id": 194, "risk_score": 0.1305, "severity_band": "green", "population_exposed": 698, "dist_to_drain_km": 1.23, "dist_to_incident_km": 7.585, "rainfall_mm": 60.0}}, {"type": "Feature", "geometry": {"type": "Point", "coordinates": [78.378207, 17.327638]}, "properties": {"cell_id": 195, "risk_score": 0.4344, "severity_band": "red", "population_exposed": 1038, "dist_to_drain_km": 0.061, "dist_to_incident_km": 10.31, "rainfall_mm": 60.0}}, {"type": "Feature", "geometry": {"type": "Point", "coordinates": [78.382707, 17.327638]}, "properties": {"cell_id": 196, "risk_score": 0.3869, "severity_band": "red", "population_exposed": 1081, "dist_to_drain_km": 0.147, "dist_to_incident_km": 9.834, "rainfall_mm": 60.0}}, {"type": "Feature", "geometry": {"type": "Point", "coordinates": [78.387207, 17.327638]}, "properties": {"cell_id": 197, "risk_score": 0.3586, "severity_band": "red", "population_exposed": 1127, "dist_to_drain_km": 0.221, "dist_to_incident_km": 9.357, "rainfall_mm": 60.0}}, {"type": "Feature", "geometry": {"type": "Point", "coordinates": [78.391707, 17.327638]}, "properties": {"cell_id": 198, "risk_score": 0.3194, "severity_band": "red", "population_exposed": 1175, "dist_to_drain_km": 0.327, "dist_to_incident_km": 8.88, "rainfall_mm": 60.0}}, {"type": "Feature", "geometry": {"type": "Point", "coordinates": [78.396207, 17.327638]}, "properties": {"cell_id": 199, "risk_score": 0.319, "severity_band": "red", "population_exposed": 1226, "dist_to_drain_km": 0.338, "dist_to_incident_km": 8.403, "rainfall_mm": 60.0}}, {"type": "Feature", "geometry": {"type": "Point", "coordinates": [78.400707, 17.327638]}, "properties": {"cell_id": 200, "risk_score": 0.2295, "severity_band": "green", "population_exposed": 1280, "dist_to_drain_km": 0.568, "dist_to_incident_km": 7.927, "rainfall_mm": 60.0}}, {"type": "Feature", "geometry": {"type": "Point", "coordinates": [78.405207, 17.327638]}, "properties": {"cell_id": 201, "risk_score": 0.1614, "severity_band": "green", "population_exposed": 1338, "dist_to_drain_km": 0.94, "dist_to_incident_km": 7.45, "rainfall_mm": 60.0}}, {"type": "Feature", "geometry": {"type": "Point", "coordinates": [78.409707, 17.327638]}, "properties": {"cell_id": 202, "risk_score": 0.1273, "severity_band": "green", "population_exposed": 1398, "dist_to_drain_km": 1.372, "dist_to_incident_km": 6.974, "rainfall_mm": 60.0}}, {"type": "Feature", "geometry": {"type": "Point", "coordinates": [78.414207, 17.327638]}, "properties": {"cell_id": 203, "risk_score": 0.1434, "severity_band": "green", "population_exposed": 1462, "dist_to_drain_km": 1.173, "dist_to_incident_km": 6.498, "rainfall_mm": 60.0}}, {"type": "Feature", "geometry": {"type": "Point", "coordinates": [78.418707, 17.327638]}, "properties": {"cell_id": 204, "risk_score": 0.1913, "severity_band": "green", "population_exposed": 1528, "dist_to_drain_km": 0.774, "dist_to_incident_km": 6.022, "rainfall_mm": 60.0}}, {"type": "Feature", "geometry": {"type": "Point", "coordinates": [78.423207, 17.327638]}, "properties": {"cell_id": 205, "risk_score": 0.2564, "severity_band": "green", "population_exposed": 1597, "dist_to_drain_km": 0.43, "dist_to_incident_km": 5.547, "rainfall_mm": 60.0}}, {"type": "Feature", "geometry": {"type": "Point", "coordinates": [78.427707, 17.327638]}, "properties": {"cell_id": 206, "risk_score": 0.3189, "severity_band": "red", "population_exposed": 1669, "dist_to_drain_km": 0.376, "dist_to_incident_km": 5.072, "rainfall_mm": 60.0}}, {"type": "Feature", "geometry": {"type": "Point", "coordinates": [78.432207, 17.327638]}, "properties": {"cell_id": 207, "risk_score": 0.1949, "severity_band": "green", "population_exposed": 1742, "dist_to_drain_km": 0.717, "dist_to_incident_km": 4.597, "rainfall_mm": 60.0}}, {"type": "Feature", "geometry": {"type": "Point", "coordinates": [78.436707, 17.327638]}, "properties": {"cell_id": 208, "risk_score": 0.2043, "severity_band": "green", "population_exposed": 1818, "dist_to_drain_km": 0.634, "dist_to_incident_km": 4.124, "rainfall_mm": 60.0}}, {"type": "Feature", "geometry": {"type": "Point", "coordinates": [78.441207, 17.327638]}, "properties": {"cell_id": 209, "risk_score": 0.1924, "severity_band": "green", "population_exposed": 1893, "dist_to_drain_km": 0.787, "dist_to_incident_km": 3.651, "rainfall_mm": 60.0}}, {"type": "Feature", "geometry": {"type": "Point", "coordinates": [78.445707, 17.327638]}, "properties": {"cell_id": 210, "risk_score": 0.1442, "severity_band": "green", "population_exposed": 1968, "dist_to_drain_km": 1.137, "dist_to_incident_km": 3.18, "rainfall_mm": 60.0}}, {"type": "Feature", "geometry": {"type": "Point", "coordinates": [78.450207, 17.327638]}, "properties": {"cell_id": 211, "risk_score": 0.1323, "severity_band": "green", "population_exposed": 2042, "dist_to_drain_km": 1.53, "dist_to_incident_km": 2.711, "rainfall_mm": 60.0}}, {"type": "Feature", "geometry": {"type": "Point", "coordinates": [78.454707, 17.327638]}, "properties": {"cell_id": 212, "risk_score": 0.1783, "severity_band": "green", "population_exposed": 2112, "dist_to_drain_km": 1.447, "dist_to_incident_km": 2.246, "rainfall_mm": 60.0}}, {"type": "Feature", "geometry": {"type": "Point", "coordinates": [78.459207, 17.327638]}, "properties": {"cell_id": 213, "risk_score": 0.2123, "severity_band": "green", "population_exposed": 2178, "dist_to_drain_km": 1.257, "dist_to_incident_km": 1.787, "rainfall_mm": 60.0}}, {"type": "Feature", "geometry": {"type": "Point", "coordinates": [78.463707, 17.327638]}, "properties": {"cell_id": 214, "risk_score": 0.2909, "severity_band": "red", "population_exposed": 2238, "dist_to_drain_km": 0.781, "dist_to_incident_km": 1.342, "rainfall_mm": 60.0}}, {"type": "Feature", "geometry": {"type": "Point", "coordinates": [78.468207, 17.327638]}, "properties": {"cell_id": 215, "risk_score": 0.4421, "severity_band": "red", "population_exposed": 2289, "dist_to_drain_km": 0.31, "dist_to_incident_km": 0.929, "rainfall_mm": 60.0}}, {"type": "Feature", "geometry": {"type": "Point", "coordinates": [78.472707, 17.327638]}, "properties": {"cell_id": 216, "risk_score": 0.6355, "severity_band": "red", "population_exposed": 2330, "dist_to_drain_km": 0.019, "dist_to_incident_km": 0.618, "rainfall_mm": 60.0}}, {"type": "Feature", "geometry": {"type": "Point", "coordinates": [78.477207, 17.327638]}, "properties": {"cell_id": 217, "risk_score": 0.4955, "severity_band": "red", "population_exposed": 2361, "dist_to_drain_km": 0.387, "dist_to_incident_km": 0.598, "rainfall_mm": 60.0}}, {"type": "Feature", "geometry": {"type": "Point", "coordinates": [78.481707, 17.327638]}, "properties": {"cell_id": 218, "risk_score": 0.3443, "severity_band": "red", "population_exposed": 2378, "dist_to_drain_km": 0.71, "dist_to_incident_km": 0.888, "rainfall_mm": 60.0}}, {"type": "Feature", "geometry": {"type": "Point", "coordinates": [78.486207, 17.327638]}, "properties": {"cell_id": 219, "risk_score": 0.2463, "severity_band": "green", "population_exposed": 2382, "dist_to_drain_km": 0.922, "dist_to_incident_km": 1.295, "rainfall_mm": 60.0}}, {"type": "Feature", "geometry": {"type": "Point", "coordinates": [78.490707, 17.327638]}, "properties": {"cell_id": 220, "risk_score": 0.2123, "severity_band": "green", "population_exposed": 2373, "dist_to_drain_km": 1.257, "dist_to_incident_km": 1.738, "rainfall_mm": 60.0}}, {"type": "Feature", "geometry": {"type": "Point", "coordinates": [78.495207, 17.327638]}, "properties": {"cell_id": 221, "risk_score": 0.1956, "severity_band": "green", "population_exposed": 2350, "dist_to_drain_km": 1.464, "dist_to_incident_km": 2.196, "rainfall_mm": 60.0}}, {"type": "Feature", "geometry": {"type": "Point", "coordinates": [78.499707, 17.327638]}, "properties": {"cell_id": 222, "risk_score": 0.1323, "severity_band": "green", "population_exposed": 2314, "dist_to_drain_km": 1.752, "dist_to_incident_km": 2.661, "rainfall_mm": 60.0}}, {"type": "Feature", "geometry": {"type": "Point", "coordinates": [78.504207, 17.327638]}, "properties": {"cell_id": 223, "risk_score": 0.1273, "severity_band": "green", "population_exposed": 2266, "dist_to_drain_km": 1.432, "dist_to_incident_km": 3.129, "rainfall_mm": 60.0}}, {"type": "Feature", "geometry": {"type": "Point", "coordinates": [78.513207, 17.327638]}, "properties": {"cell_id": 224, "risk_score": 0.1939, "severity_band": "green", "population_exposed": 2143, "dist_to_drain_km": 0.75, "dist_to_incident_km": 4.073, "rainfall_mm": 60.0}}, {"type": "Feature", "geometry": {"type": "Point", "coordinates": [78.517707, 17.327638]}, "properties": {"cell_id": 225, "risk_score": 0.3194, "severity_band": "red", "population_exposed": 2070, "dist_to_drain_km": 0.333, "dist_to_incident_km": 4.339, "rainfall_mm": 60.0}}, {"type": "Feature", "geometry": {"type": "Point", "coordinates": [78.535707, 17.327638]}, "properties": {"cell_id": 226, "risk_score": 0.1438, "severity_band": "green", "population_exposed": 1745, "dist_to_drain_km": 1.177, "dist_to_incident_km": 2.99, "rainfall_mm": 60.0}}, {"type": "Feature", "geometry": {"type": "Point", "coordinates": [78.540207, 17.327638]}, "properties": {"cell_id": 227, "risk_score": 0.13, "severity_band": "green", "population_exposed": 1662, "dist_to_drain_km": 1.445, "dist_to_incident_km": 2.758, "rainfall_mm": 60.0}}, {"type": "Feature", "geometry": {"type": "Point", "coordinates": [78.544707, 17.327638]}, "properties": {"cell_id": 228, "risk_score": 0.1591, "severity_band": "green", "population_exposed": 1580, "dist_to_drain_km": 1.59, "dist_to_incident_km": 2.595, "rainfall_mm": 60.0}}, {"type": "Feature", "geometry": {"type": "Point", "coordinates": [78.549207, 17.327638]}, "properties": {"cell_id": 229, "risk_score": 0.1738, "severity_band": "green", "population_exposed": 1501, "dist_to_drain_km": 1.354, "dist_to_incident_km": 2.513, "rainfall_mm": 60.0}}, {"type": "Feature", "geometry": {"type": "Point", "coordinates": [78.553707, 17.327638]}, "properties": {"cell_id": 230, "risk_score": 0.1831, "severity_band": "green", "population_exposed": 1424, "dist_to_drain_km": 1.182, "dist_to_incident_km": 2.52, "rainfall_mm": 60.0}}, {"type": "Feature", "geometry": {"type": "Point", "coordinates": [78.558207, 17.327638]}, "properties": {"cell_id": 231, "risk_score": 0.1715, "severity_band": "green", "population_exposed": 1351, "dist_to_drain_km": 1.188, "dist_to_incident_km": 2.616, "rainfall_mm": 60.0}}, {"type": "Feature", "geometry": {"type": "Point", "coordinates": [78.562707, 17.327638]}, "properties": {"cell_id": 232, "risk_score": 0.13, "severity_band": "green", "population_exposed": 1281, "dist_to_drain_km": 1.372, "dist_to_incident_km": 2.791, "rainfall_mm": 60.0}}, {"type": "Feature", "geometry": {"type": "Point", "coordinates": [78.567207, 17.327638]}, "properties": {"cell_id": 233, "risk_score": 0.1273, "severity_band": "green", "population_exposed": 1215, "dist_to_drain_km": 1.318, "dist_to_incident_km": 3.033, "rainfall_mm": 60.0}}, {"type": "Feature", "geometry": {"type": "Point", "coordinates": [78.571707, 17.327638]}, "properties": {"cell_id": 234, "risk_score": 0.1298, "severity_band": "green", "population_exposed": 1152, "dist_to_drain_km": 1.293, "dist_to_incident_km": 3.326, "rainfall_mm": 60.0}}, {"type": "Feature", "geometry": {"type": "Point", "coordinates": [78.576207, 17.327638]}, "properties": {"cell_id": 235, "risk_score": 0.1273, "severity_band": "green", "population_exposed": 1093, "dist_to_drain_km": 1.423, "dist_to_incident_km": 3.658, "rainfall_mm": 60.0}}, {"type": "Feature", "geometry": {"type": "Point", "coordinates": [78.580707, 17.327638]}, "properties": {"cell_id": 236, "risk_score": 0.1273, "severity_band": "green", "population_exposed": 1038, "dist_to_drain_km": 1.529, "dist_to_incident_km": 4.019, "rainfall_mm": 60.0}}, {"type": "Feature", "geometry": {"type": "Point", "coordinates": [78.585207, 17.327638]}, "properties": {"cell_id": 237, "risk_score": 0.1593, "severity_band": "green", "population_exposed": 986, "dist_to_drain_km": 1.069, "dist_to_incident_km": 4.403, "rainfall_mm": 60.0}}, {"type": "Feature", "geometry": {"type": "Point", "coordinates": [78.589707, 17.327638]}, "properties": {"cell_id": 238, "risk_score": 0.2043, "severity_band": "green", "population_exposed": 938, "dist_to_drain_km": 0.636, "dist_to_incident_km": 4.803, "rainfall_mm": 60.0}}, {"type": "Feature", "geometry": {"type": "Point", "coordinates": [78.594207, 17.327638]}, "properties": {"cell_id": 239, "risk_score": 0.319, "severity_band": "red", "population_exposed": 893, "dist_to_drain_km": 0.344, "dist_to_incident_km": 5.217, "rainfall_mm": 60.0}}, {"type": "Feature", "geometry": {"type": "Point", "coordinates": [78.598707, 17.327638]}, "properties": {"cell_id": 240, "risk_score": 0.2572, "severity_band": "green", "population_exposed": 851, "dist_to_drain_km": 0.417, "dist_to_incident_km": 5.64, "rainfall_mm": 60.0}}, {"type": "Feature", "geometry": {"type": "Point", "coordinates": [78.603207, 17.327638]}, "properties": {"cell_id": 241, "risk_score": 0.2075, "severity_band": "green", "population_exposed": 812, "dist_to_drain_km": 0.628, "dist_to_incident_km": 6.072, "rainfall_mm": 60.0}}, {"type": "Feature", "geometry": {"type": "Point", "coordinates": [78.607707, 17.327638]}, "properties": {"cell_id": 242, "risk_score": 0.1627, "severity_band": "green", "population_exposed": 777, "dist_to_drain_km": 0.852, "dist_to_incident_km": 6.51, "rainfall_mm": 60.0}}, {"type": "Feature", "geometry": {"type": "Point", "coordinates": [78.612207, 17.327638]}, "properties": {"cell_id": 243, "risk_score": 0.1305, "severity_band": "green", "population_exposed": 744, "dist_to_drain_km": 1.231, "dist_to_incident_km": 6.953, "rainfall_mm": 60.0}}, {"type": "Feature", "geometry": {"type": "Point", "coordinates": [78.616707, 17.327638]}, "properties": {"cell_id": 244, "risk_score": 0.1273, "severity_band": "green", "population_exposed": 713, "dist_to_drain_km": 1.66, "dist_to_incident_km": 7.401, "rainfall_mm": 60.0}}, {"type": "Feature", "geometry": {"type": "Point", "coordinates": [78.400707, 17.332138]}, "properties": {"cell_id": 245, "risk_score": 0.3246, "severity_band": "red", "population_exposed": 1344, "dist_to_drain_km": 0.317, "dist_to_incident_km": 7.907, "rainfall_mm": 60.0}}, {"type": "Feature", "geometry": {"type": "Point", "coordinates": [78.405207, 17.332138]}, "properties": {"cell_id": 246, "risk_score": 0.1913, "severity_band": "green", "population_exposed": 1405, "dist_to_drain_km": 0.785, "dist_to_incident_km": 7.43, "rainfall_mm": 60.0}}, {"type": "Feature", "geometry": {"type": "Point", "coordinates": [78.409707, 17.332138]}, "properties": {"cell_id": 247, "risk_score": 0.1298, "severity_band": "green", "population_exposed": 1471, "dist_to_drain_km": 1.258, "dist_to_incident_km": 6.952, "rainfall_mm": 60.0}}, {"type": "Feature", "geometry": {"type": "Point", "coordinates": [78.414207, 17.332138]}, "properties": {"cell_id": 248, "risk_score": 0.1273, "severity_band": "green", "population_exposed": 1540, "dist_to_drain_km": 1.465, "dist_to_incident_km": 6.474, "rainfall_mm": 60.0}}, {"type": "Feature", "geometry": {"type": "Point", "coordinates": [78.418707, 17.332138]}, "properties": {"cell_id": 249, "risk_score": 0.1442, "severity_band": "green", "population_exposed": 1613, "dist_to_drain_km": 1.117, "dist_to_incident_km": 5.997, "rainfall_mm": 60.0}}, {"type": "Feature", "geometry": {"type": "Point", "coordinates": [78.423207, 17.332138]}, "properties": {"cell_id": 250, "risk_score": 0.1614, "severity_band": "green", "population_exposed": 1689, "dist_to_drain_km": 0.887, "dist_to_incident_km": 5.519, "rainfall_mm": 60.0}}, {"type": "Feature", "geometry": {"type": "Point", "coordinates": [78.427707, 17.332138]}, "properties": {"cell_id": 251, "risk_score": 0.23, "severity_band": "green", "population_exposed": 1769, "dist_to_drain_km": 0.554, "dist_to_incident_km": 5.041, "rainfall_mm": 60.0}}, {"type": "Feature", "geometry": {"type": "Point", "coordinates": [78.432207, 17.332138]}, "properties": {"cell_id": 252, "risk_score": 0.2564, "severity_band": "green", "population_exposed": 1851, "dist_to_drain_km": 0.453, "dist_to_incident_km": 4.564, "rainfall_mm": 60.0}}, {"type": "Feature", "geometry": {"type": "Point", "coordinates": [78.436707, 17.332138]}, "properties": {"cell_id": 253, "risk_score": 0.1937, "severity_band": "green", "population_exposed": 1935, "dist_to_drain_km": 0.749, "dist_to_incident_km": 4.086, "rainfall_mm": 60.0}}, {"type": "Feature", "geometry": {"type": "Point", "coordinates": [78.441207, 17.332138]}, "properties": {"cell_id": 254, "risk_score": 0.1434, "severity_band": "green", "population_exposed": 2021, "dist_to_drain_km": 1.172, "dist_to_incident_km": 3.609, "rainfall_mm": 60.0}}, {"type": "Feature", "geometry": {"type": "Point", "coordinates": [78.445707, 17.332138]}, "properties": {"cell_id": 255, "risk_score": 0.1273, "severity_band": "green", "population_exposed": 2107, "dist_to_drain_km": 1.476, "dist_to_incident_km": 3.131, "rainfall_mm": 60.0}}, {"type": "Feature", "geometry": {"type": "Point", "coordinates": [78.450207, 17.332138]}, "properties": {"cell_id": 256, "risk_score": 0.1338, "severity_band": "green", "population_exposed": 2192, "dist_to_drain_km": 1.819, "dist_to_incident_km": 2.653, "rainfall_mm": 60.0}}, {"type": "Feature", "geometry": {"type": "Point", "coordinates": [78.454707, 17.332138]}, "properties": {"cell_id": 257, "risk_score": 0.1956, "severity_band": "green", "population_exposed": 2273, "dist_to_drain_km": 1.828, "dist_to_incident_km": 2.176, "rainfall_mm": 60.0}}, {"type": "Feature", "geometry": {"type": "Point", "coordinates": [78.459207, 17.332138]}, "properties": {"cell_id": 258, "risk_score": 0.2113, "severity_band": "green", "population_exposed": 2350, "dist_to_drain_km": 1.384, "dist_to_incident_km": 1.698, "rainfall_mm": 60.0}}, {"type": "Feature", "geometry": {"type": "Point", "coordinates": [78.463707, 17.332138]}, "properties": {"cell_id": 259, "risk_score": 0.2597, "severity_band": "green", "population_exposed": 2420, "dist_to_drain_km": 0.972, "dist_to_incident_km": 1.221, "rainfall_mm": 60.0}}, {"type": "Feature", "geometry": {"type": "Point", "coordinates": [78.468207, 17.332138]}, "properties": {"cell_id": 260, "risk_score": 0.3653, "severity_band": "red", "population_exposed": 2481, "dist_to_drain_km": 0.651, "dist_to_incident_km": 0.744, "rainfall_mm": 60.0}}, {"type": "Feature", "geometry": {"type": "Point", "coordinates": [78.472707, 17.332138]}, "properties": {"cell_id": 261, "risk_score": 0.6002, "severity_band": "red", "population_exposed": 2530, "dist_to_drain_km": 0.248, "dist_to_incident_km": 0.271, "rainfall_mm": 60.0}}, {"type": "Feature", "geometry": {"type": "Point", "coordinates": [78.477207, 17.332138]}, "properties": {"cell_id": 262, "risk_score": 0.7233, "severity_band": "red", "population_exposed": 2566, "dist_to_drain_km": 0.065, "dist_to_incident_km": 0.221, "rainfall_mm": 60.0}}, {"type": "Feature", "geometry": {"type": "Point", "coordinates": [78.481707, 17.332138]}, "properties": {"cell_id": 263, "risk_score": 0.503, "severity_band": "red", "population_exposed": 2588, "dist_to_drain_km": 0.255, "dist_to_incident_km": 0.693, "rainfall_mm": 60.0}}, {"type": "Feature", "geometry": {"type": "Point", "coordinates": [78.486207, 17.332138]}, "properties": {"cell_id": 264, "risk_score": 0.3508, "severity_band": "red", "population_exposed": 2593, "dist_to_drain_km": 0.58, "dist_to_incident_km": 1.17, "rainfall_mm": 60.0}}, {"type": "Feature", "geometry": {"type": "Point", "coordinates": [78.490707, 17.332138]}, "properties": {"cell_id": 265, "risk_score": 0.2405, "severity_band": "green", "population_exposed": 2582, "dist_to_drain_km": 0.796, "dist_to_incident_km": 1.647, "rainfall_mm": 60.0}}, {"type": "Feature", "geometry": {"type": "Point", "coordinates": [78.495207, 17.332138]}, "properties": {"cell_id": 266, "risk_score": 0.2064, "severity_band": "green", "population_exposed": 2555, "dist_to_drain_km": 1.061, "dist_to_incident_km": 2.125, "rainfall_mm": 60.0}}, {"type": "Feature", "geometry": {"type": "Point", "coordinates": [78.499707, 17.332138]}, "properties": {"cell_id": 267, "risk_score": 0.1585, "severity_band": "green", "population_exposed": 2512, "dist_to_drain_km": 1.419, "dist_to_incident_km": 2.602, "rainfall_mm": 60.0}}, {"type": "Feature", "geometry": {"type": "Point", "coordinates": [78.504207, 17.332138]}, "properties": {"cell_id": 268, "risk_score": 0.1498, "severity_band": "green", "population_exposed": 2456, "dist_to_drain_km": 1.115, "dist_to_incident_km": 3.08, "rainfall_mm": 60.0}}, {"type": "Feature", "geometry": {"type": "Point", "coordinates": [78.517707, 17.332138]}, "properties": {"cell_id": 269, "risk_score": 0.1956, "severity_band": "green", "population_exposed": 2226, "dist_to_drain_km": 0.722, "dist_to_incident_km": 4.071, "rainfall_mm": 60.0}}, {"type": "Feature", "geometry": {"type": "Point", "coordinates": [78.535707, 17.332138]}, "properties": {"cell_id": 270, "risk_score": 0.1591, "severity_band": "green", "population_exposed": 1853, "dist_to_drain_km": 1.401, "dist_to_incident_km": 2.585, "rainfall_mm": 60.0}}, {"type": "Feature", "geometry": {"type": "Point", "coordinates": [78.540207, 17.332138]}, "properties": {"cell_id": 271, "risk_score": 0.1853, "severity_band": "green", "population_exposed": 1760, "dist_to_drain_km": 1.173, "dist_to_incident_km": 2.313, "rainfall_mm": 60.0}}, {"type": "Feature", "geometry": {"type": "Point", "coordinates": [78.544707, 17.332138]}, "properties": {"cell_id": 272, "risk_score": 0.2064, "severity_band": "green", "population_exposed": 1668, "dist_to_drain_km": 1.09, "dist_to_incident_km": 2.116, "rainfall_mm": 60.0}}, {"type": "Feature", "geometry": {"type": "Point", "coordinates": [78.549207, 17.332138]}, "properties": {"cell_id": 273, "risk_score": 0.2033, "severity_band": "green", "population_exposed": 1580, "dist_to_drain_km": 1.187, "dist_to_incident_km": 2.014, "rainfall_mm": 60.0}}, {"type": "Feature", "geometry": {"type": "Point", "coordinates": [78.553707, 17.332138]}, "properties": {"cell_id": 274, "risk_score": 0.1956, "severity_band": "green", "population_exposed": 1496, "dist_to_drain_km": 1.438, "dist_to_incident_km": 2.023, "rainfall_mm": 60.0}}, {"type": "Feature", "geometry": {"type": "Point", "coordinates": [78.558207, 17.332138]}, "properties": {"cell_id": 275, "risk_score": 0.1956, "severity_band": "green", "population_exposed": 1414, "dist_to_drain_km": 1.392, "dist_to_incident_km": 2.142, "rainfall_mm": 60.0}}, {"type": "Feature", "geometry": {"type": "Point", "coordinates": [78.562707, 17.332138]}, "properties": {"cell_id": 276, "risk_score": 0.176, "severity_band": "green", "population_exposed": 1338, "dist_to_drain_km": 1.357, "dist_to_incident_km": 2.353, "rainfall_mm": 60.0}}, {"type": "Feature", "geometry": {"type": "Point", "coordinates": [78.567207, 17.332138]}, "properties": {"cell_id": 277, "risk_score": 0.1442, "severity_band": "green", "population_exposed": 1266, "dist_to_drain_km": 1.48, "dist_to_incident_km": 2.635, "rainfall_mm": 60.0}}, {"type": "Feature", "geometry": {"type": "Point", "coordinates": [78.571707, 17.332138]}, "properties": {"cell_id": 278, "risk_score": 0.1282, "severity_band": "green", "population_exposed": 1197, "dist_to_drain_km": 1.719, "dist_to_incident_km": 2.967, "rainfall_mm": 60.0}}, {"type": "Feature", "geometry": {"type": "Point", "coordinates": [78.576207, 17.332138]}, "properties": {"cell_id": 279, "risk_score": 0.1273, "severity_band": "green", "population_exposed": 1133, "dist_to_drain_km": 1.888, "dist_to_incident_km": 3.335, "rainfall_mm": 60.0}}, {"type": "Feature", "geometry": {"type": "Point", "coordinates": [78.580707, 17.332138]}, "properties": {"cell_id": 280, "risk_score": 0.1273, "severity_band": "green", "population_exposed": 1074, "dist_to_drain_km": 1.713, "dist_to_incident_km": 3.728, "rainfall_mm": 60.0}}, {"type": "Feature", "geometry": {"type": "Point", "coordinates": [78.585207, 17.332138]}, "properties": {"cell_id": 281, "risk_score": 0.1273, "severity_band": "green", "population_exposed": 1018, "dist_to_drain_km": 1.318, "dist_to_incident_km": 4.138, "rainfall_mm": 60.0}}, {"type": "Feature", "geometry": {"type": "Point", "coordinates": [78.589707, 17.332138]}, "properties": {"cell_id": 282, "risk_score": 0.1605, "severity_band": "green", "population_exposed": 966, "dist_to_drain_km": 0.998, "dist_to_incident_km": 4.562, "rainfall_mm": 60.0}}, {"type": "Feature", "geometry": {"type": "Point", "coordinates": [78.594207, 17.332138]}, "properties": {"cell_id": 283, "risk_score": 0.1651, "severity_band": "green", "population_exposed": 918, "dist_to_drain_km": 0.84, "dist_to_incident_km": 4.996, "rainfall_mm": 60.0}}, {"type": "Feature", "geometry": {"type": "Point", "coordinates": [78.598707, 17.332138]}, "properties": {"cell_id": 284, "risk_score": 0.1614, "severity_band": "green", "population_exposed": 874, "dist_to_drain_km": 0.911, "dist_to_incident_km": 5.437, "rainfall_mm": 60.0}}, {"type": "Feature", "geometry": {"type": "Point", "coordinates": [78.603207, 17.332138]}, "properties": {"cell_id": 285, "risk_score": 0.1597, "severity_band": "green", "population_exposed": 832, "dist_to_drain_km": 1.063, "dist_to_incident_km": 5.883, "rainfall_mm": 60.0}}, {"type": "Feature", "geometry": {"type": "Point", "coordinates": [78.607707, 17.332138]}, "properties": {"cell_id": 286, "risk_score": 0.1298, "severity_band": "green", "population_exposed": 794, "dist_to_drain_km": 1.264, "dist_to_incident_km": 6.334, "rainfall_mm": 60.0}}, {"type": "Feature", "geometry": {"type": "Point", "coordinates": [78.612207, 17.332138]}, "properties": {"cell_id": 287, "risk_score": 0.1273, "severity_band": "green", "population_exposed": 760, "dist_to_drain_km": 1.544, "dist_to_incident_km": 6.789, "rainfall_mm": 60.0}}, {"type": "Feature", "geometry": {"type": "Point", "coordinates": [78.616707, 17.332138]}, "properties": {"cell_id": 288, "risk_score": 0.1273, "severity_band": "green", "population_exposed": 727, "dist_to_drain_km": 1.539, "dist_to_incident_km": 7.247, "rainfall_mm": 60.0}}, {"type": "Feature", "geometry": {"type": "Point", "coordinates": [78.400707, 17.336638]}, "properties": {"cell_id": 289, "risk_score": 0.357, "severity_band": "red", "population_exposed": 1409, "dist_to_drain_km": 0.236, "dist_to_incident_km": 7.919, "rainfall_mm": 60.0}}, {"type": "Feature", "geometry": {"type": "Point", "coordinates": [78.405207, 17.336638]}, "properties": {"cell_id": 290, "risk_score": 0.1972, "severity_band": "green", "population_exposed": 1475, "dist_to_drain_km": 0.71, "dist_to_incident_km": 7.442, "rainfall_mm": 60.0}}, {"type": "Feature", "geometry": {"type": "Point", "coordinates": [78.409707, 17.336638]}, "properties": {"cell_id": 291, "risk_score": 0.1434, "severity_band": "green", "population_exposed": 1546, "dist_to_drain_km": 1.18, "dist_to_incident_km": 6.966, "rainfall_mm": 60.0}}, {"type": "Feature", "geometry": {"type": "Point", "coordinates": [78.414207, 17.336638]}, "properties": {"cell_id": 292, "risk_score": 0.1273, "severity_band": "green", "population_exposed": 1621, "dist_to_drain_km": 1.654, "dist_to_incident_km": 6.489, "rainfall_mm": 60.0}}, {"type": "Feature", "geometry": {"type": "Point", "coordinates": [78.418707, 17.336638]}, "properties": {"cell_id": 293, "risk_score": 0.1352, "severity_band": "green", "population_exposed": 1700, "dist_to_drain_km": 1.212, "dist_to_incident_km": 6.013, "rainfall_mm": 60.0}}, {"type": "Feature", "geometry": {"type": "Point", "coordinates": [78.423207, 17.336638]}, "properties": {"cell_id": 294, "risk_score": 0.1949, "severity_band": "green", "population_exposed": 1784, "dist_to_drain_km": 0.734, "dist_to_incident_km": 5.536, "rainfall_mm": 60.0}}, {"type": "Feature", "geometry": {"type": "Point", "coordinates": [78.427707, 17.336638]}, "properties": {"cell_id": 295, "risk_score": 0.3555, "severity_band": "red", "population_exposed": 1872, "dist_to_drain_km": 0.257, "dist_to_incident_km": 5.06, "rainfall_mm": 60.0}}, {"type": "Feature", "geometry": {"type": "Point", "coordinates": [78.432207, 17.336638]}, "properties": {"cell_id": 296, "risk_score": 0.3869, "severity_band": "red", "population_exposed": 1964, "dist_to_drain_km": 0.15, "dist_to_incident_km": 4.585, "rainfall_mm": 60.0}}, {"type": "Feature", "geometry": {"type": "Point", "coordinates": [78.436707, 17.336638]}, "properties": {"cell_id": 297, "risk_score": 0.2075, "severity_band": "green", "population_exposed": 2058, "dist_to_drain_km": 0.616, "dist_to_incident_km": 4.11, "rainfall_mm": 60.0}}, {"type": "Feature", "geometry": {"type": "Point", "coordinates": [78.441207, 17.336638]}, "properties": {"cell_id": 298, "risk_score": 0.1593, "severity_band": "green", "population_exposed": 2155, "dist_to_drain_km": 1.092, "dist_to_incident_km": 3.635, "rainfall_mm": 60.0}}, {"type": "Feature", "geometry": {"type": "Point", "coordinates": [78.445707, 17.336638]}, "properties": {"cell_id": 299, "risk_score": 0.1298, "severity_band": "green", "population_exposed": 2253, "dist_to_drain_km": 1.297, "dist_to_incident_km": 3.161, "rainfall_mm": 60.0}}, {"type": "Feature", "geometry": {"type": "Point", "coordinates": [78.450207, 17.336638]}, "properties": {"cell_id": 300, "risk_score": 0.1323, "severity_band": "green", "population_exposed": 2350, "dist_to_drain_km": 1.421, "dist_to_incident_km": 2.689, "rainfall_mm": 60.0}}, {"type": "Feature", "geometry": {"type": "Point", "coordinates": [78.454707, 17.336638]}, "properties": {"cell_id": 301, "risk_score": 0.1915, "severity_band": "green", "population_exposed": 2445, "dist_to_drain_km": 1.672, "dist_to_incident_km": 2.22, "rainfall_mm": 60.0}}, {"type": "Feature", "geometry": {"type": "Point", "coordinates": [78.459207, 17.336638]}, "properties": {"cell_id": 302, "risk_score": 0.2113, "severity_band": "green", "population_exposed": 2535, "dist_to_drain_km": 1.658, "dist_to_incident_km": 1.754, "rainfall_mm": 60.0}}, {"type": "Feature", "geometry": {"type": "Point", "coordinates": [78.463707, 17.336638]}, "properties": {"cell_id": 303, "risk_score": 0.2403, "severity_band": "green", "population_exposed": 2617, "dist_to_drain_km": 1.331, "dist_to_incident_km": 1.297, "rainfall_mm": 60.0}}, {"type": "Feature", "geometry": {"type": "Point", "coordinates": [78.468207, 17.336638]}, "properties": {"cell_id": 304, "risk_score": 0.298, "severity_band": "yellow", "population_exposed": 2690, "dist_to_drain_km": 0.939, "dist_to_incident_km": 0.864, "rainfall_mm": 60.0}}, {"type": "Feature", "geometry": {"type": "Point", "coordinates": [78.472707, 17.336638]}, "properties": {"cell_id": 305, "risk_score": 0.4452, "severity_band": "yellow", "population_exposed": 2749, "dist_to_drain_km": 0.616, "dist_to_incident_km": 0.515, "rainfall_mm": 60.0}}, {"type": "Feature", "geometry": {"type": "Point", "coordinates": [78.477207, 17.336638]}, "properties": {"cell_id": 306, "risk_score": 0.5008, "severity_band": "yellow", "population_exposed": 2793, "dist_to_drain_km": 0.397, "dist_to_incident_km": 0.491, "rainfall_mm": 60.0}}, {"type": "Feature", "geometry": {"type": "Point", "coordinates": [78.481707, 17.336638]}, "properties": {"cell_id": 307, "risk_score": 0.5775, "severity_band": "red", "population_exposed": 2819, "dist_to_drain_km": 0.038, "dist_to_incident_km": 0.82, "rainfall_mm": 60.0}}, {"type": "Feature", "geometry": {"type": "Point", "coordinates": [78.486207, 17.336638]}, "properties": {"cell_id": 308, "risk_score": 0.4666, "severity_band": "yellow", "population_exposed": 2826, "dist_to_drain_km": 0.174, "dist_to_incident_km": 1.249, "rainfall_mm": 60.0}}, {"type": "Feature", "geometry": {"type": "Point", "coordinates": [78.490707, 17.336638]}, "properties": {"cell_id": 309, "risk_score": 0.3489, "severity_band": "yellow", "population_exposed": 2813, "dist_to_drain_km": 0.369, "dist_to_incident_km": 1.705, "rainfall_mm": 60.0}}, {"type": "Feature", "geometry": {"type": "Point", "coordinates": [78.495207, 17.336638]}, "properties": {"cell_id": 310, "risk_score": 0.2344, "severity_band": "green", "population_exposed": 2780, "dist_to_drain_km": 0.727, "dist_to_incident_km": 2.169, "rainfall_mm": 60.0}}, {"type": "Feature", "geometry": {"type": "Point", "coordinates": [78.499707, 17.336638]}, "properties": {"cell_id": 311, "risk_score": 0.1711, "severity_band": "green", "population_exposed": 2730, "dist_to_drain_km": 1.104, "dist_to_incident_km": 2.639, "rainfall_mm": 60.0}}, {"type": "Feature", "geometry": {"type": "Point", "coordinates": [78.504207, 17.336638]}, "properties": {"cell_id": 312, "risk_score": 0.1609, "severity_band": "green", "population_exposed": 2663, "dist_to_drain_km": 0.966, "dist_to_incident_km": 3.111, "rainfall_mm": 60.0}}, {"type": "Feature", "geometry": {"type": "Point", "coordinates": [78.526707, 17.336638]}, "properties": {"cell_id": 313, "risk_score": 0.1302, "severity_band": "green", "population_exposed": 2181, "dist_to_drain_km": 1.287, "dist_to_incident_km": 2.994, "rainfall_mm": 60.0}}, {"type": "Feature", "geometry": {"type": "Point", "coordinates": [78.540207, 17.336638]}, "properties": {"cell_id": 314, "risk_score": 0.2389, "severity_band": "green", "population_exposed": 1861, "dist_to_drain_km": 0.718, "dist_to_incident_km": 1.896, "rainfall_mm": 60.0}}, {"type": "Feature", "geometry": {"type": "Point", "coordinates": [78.544707, 17.336638]}, "properties": {"cell_id": 315, "risk_score": 0.2551, "severity_band": "green", "population_exposed": 1759, "dist_to_drain_km": 0.59, "dist_to_incident_km": 1.65, "rainfall_mm": 60.0}}, {"type": "Feature", "geometry": {"type": "Point", "coordinates": [78.549207, 17.336638]}, "properties": {"cell_id": 316, "risk_score": 0.2419, "severity_band": "green", "population_exposed": 1661, "dist_to_drain_km": 0.749, "dist_to_incident_km": 1.517, "rainfall_mm": 60.0}}, {"type": "Feature", "geometry": {"type": "Point", "coordinates": [78.553707, 17.336638]}, "properties": {"cell_id": 317, "risk_score": 0.2185, "severity_band": "green", "population_exposed": 1568, "dist_to_drain_km": 1.099, "dist_to_incident_km": 1.529, "rainfall_mm": 60.0}}, {"type": "Feature", "geometry": {"type": "Point", "coordinates": [78.558207, 17.336638]}, "properties": {"cell_id": 318, "risk_score": 0.2214, "severity_band": "green", "population_exposed": 1478, "dist_to_drain_km": 0.911, "dist_to_incident_km": 1.683, "rainfall_mm": 60.0}}, {"type": "Feature", "geometry": {"type": "Point", "coordinates": [78.562707, 17.336638]}, "properties": {"cell_id": 319, "risk_score": 0.2158, "severity_band": "green", "population_exposed": 1395, "dist_to_drain_km": 0.86, "dist_to_incident_km": 1.944, "rainfall_mm": 60.0}}, {"type": "Feature", "geometry": {"type": "Point", "coordinates": [78.567207, 17.336638]}, "properties": {"cell_id": 320, "risk_score": 0.1927, "severity_band": "green", "population_exposed": 1316, "dist_to_drain_km": 1.047, "dist_to_incident_km": 2.277, "rainfall_mm": 60.0}}, {"type": "Feature", "geometry": {"type": "Point", "coordinates": [78.571707, 17.336638]}, "properties": {"cell_id": 321, "risk_score": 0.1338, "severity_band": "green", "population_exposed": 1242, "dist_to_drain_km": 1.315, "dist_to_incident_km": 2.655, "rainfall_mm": 60.0}}, {"type": "Feature", "geometry": {"type": "Point", "coordinates": [78.576207, 17.336638]}, "properties": {"cell_id": 322, "risk_score": 0.1273, "severity_band": "green", "population_exposed": 1173, "dist_to_drain_km": 1.663, "dist_to_incident_km": 3.06, "rainfall_mm": 60.0}}, {"type": "Feature", "geometry": {"type": "Point", "coordinates": [78.580707, 17.336638]}, "properties": {"cell_id": 323, "risk_score": 0.1273, "severity_band": "green", "population_exposed": 1109, "dist_to_drain_km": 2.007, "dist_to_incident_km": 3.484, "rainfall_mm": 60.0}}, {"type": "Feature", "geometry": {"type": "Point", "coordinates": [78.585207, 17.336638]}, "properties": {"cell_id": 324, "risk_score": 0.1273, "severity_band": "green", "population_exposed": 1049, "dist_to_drain_km": 1.682, "dist_to_incident_km": 3.921, "rainfall_mm": 60.0}}, {"type": "Feature", "geometry": {"type": "Point", "coordinates": [78.589707, 17.336638]}, "properties": {"cell_id": 325, "risk_score": 0.1273, "severity_band": "green", "population_exposed": 994, "dist_to_drain_km": 1.445, "dist_to_incident_km": 4.366, "rainfall_mm": 60.0}}, {"type": "Feature", "geometry": {"type": "Point", "coordinates": [78.594207, 17.336638]}, "properties": {"cell_id": 326, "risk_score": 0.1273, "severity_band": "green", "population_exposed": 943, "dist_to_drain_km": 1.339, "dist_to_incident_km": 4.817, "rainfall_mm": 60.0}}, {"type": "Feature", "geometry": {"type": "Point", "coordinates": [78.598707, 17.336638]}, "properties": {"cell_id": 327, "risk_score": 0.1273, "severity_band": "green", "population_exposed": 896, "dist_to_drain_km": 1.396, "dist_to_incident_km": 5.273, "rainfall_mm": 60.0}}, {"type": "Feature", "geometry": {"type": "Point", "coordinates": [78.603207, 17.336638]}, "properties": {"cell_id": 328, "risk_score": 0.1273, "severity_band": "green", "population_exposed": 852, "dist_to_drain_km": 1.515, "dist_to_incident_km": 5.732, "rainfall_mm": 60.0}}, {"type": "Feature", "geometry": {"type": "Point", "coordinates": [78.607707, 17.336638]}, "properties": {"cell_id": 329, "risk_score": 0.1273, "severity_band": "green", "population_exposed": 812, "dist_to_drain_km": 1.449, "dist_to_incident_km": 6.194, "rainfall_mm": 60.0}}, {"type": "Feature", "geometry": {"type": "Point", "coordinates": [78.612207, 17.336638]}, "properties": {"cell_id": 330, "risk_score": 0.1352, "severity_band": "green", "population_exposed": 775, "dist_to_drain_km": 1.209, "dist_to_incident_km": 6.659, "rainfall_mm": 60.0}}, {"type": "Feature", "geometry": {"type": "Point", "coordinates": [78.616707, 17.336638]}, "properties": {"cell_id": 331, "risk_score": 0.1597, "severity_band": "green", "population_exposed": 741, "dist_to_drain_km": 1.051, "dist_to_incident_km": 7.125, "rainfall_mm": 60.0}}, {"type": "Feature", "geometry": {"type": "Point", "coordinates": [78.400707, 17.341138]}, "properties": {"cell_id": 332, "risk_score": 0.3863, "severity_band": "red", "population_exposed": 1476, "dist_to_drain_km": 0.164, "dist_to_incident_km": 7.963, "rainfall_mm": 60.0}}, {"type": "Feature", "geometry": {"type": "Point", "coordinates": [78.405207, 17.341138]}, "properties": {"cell_id": 333, "risk_score": 0.2039, "severity_band": "green", "population_exposed": 1547, "dist_to_drain_km": 0.637, "dist_to_incident_km": 7.489, "rainfall_mm": 60.0}}, {"type": "Feature", "geometry": {"type": "Point", "coordinates": [78.409707, 17.341138]}, "properties": {"cell_id": 334, "risk_score": 0.1446, "severity_band": "green", "population_exposed": 1623, "dist_to_drain_km": 1.117, "dist_to_incident_km": 7.015, "rainfall_mm": 60.0}}, {"type": "Feature", "geometry": {"type": "Point", "coordinates": [78.414207, 17.341138]}, "properties": {"cell_id": 335, "risk_score": 0.1273, "severity_band": "green", "population_exposed": 1704, "dist_to_drain_km": 1.537, "dist_to_incident_km": 6.542, "rainfall_mm": 60.0}}, {"type": "Feature", "geometry": {"type": "Point", "coordinates": [78.418707, 17.341138]}, "properties": {"cell_id": 336, "risk_score": 0.1301, "severity_band": "green", "population_exposed": 1790, "dist_to_drain_km": 1.244, "dist_to_incident_km": 6.07, "rainfall_mm": 60.0}}, {"type": "Feature", "geometry": {"type": "Point", "coordinates": [78.423207, 17.341138]}, "properties": {"cell_id": 337, "risk_score": 0.1923, "severity_band": "green", "population_exposed": 1882, "dist_to_drain_km": 0.769, "dist_to_incident_km": 5.598, "rainfall_mm": 60.0}}, {"type": "Feature", "geometry": {"type": "Point", "coordinates": [78.427707, 17.341138]}, "properties": {"cell_id": 338, "risk_score": 0.3294, "severity_band": "red", "population_exposed": 1978, "dist_to_drain_km": 0.304, "dist_to_incident_km": 5.128, "rainfall_mm": 60.0}}, {"type": "Feature", "geometry": {"type": "Point", "coordinates": [78.432207, 17.341138]}, "properties": {"cell_id": 339, "risk_score": 0.3586, "severity_band": "red", "population_exposed": 2080, "dist_to_drain_km": 0.221, "dist_to_incident_km": 4.66, "rainfall_mm": 60.0}}, {"type": "Feature", "geometry": {"type": "Point", "coordinates": [78.436707, 17.341138]}, "properties": {"cell_id": 340, "risk_score": 0.2027, "severity_band": "green", "population_exposed": 2186, "dist_to_drain_km": 0.679, "dist_to_incident_km": 4.193, "rainfall_mm": 60.0}}, {"type": "Feature", "geometry": {"type": "Point", "coordinates": [78.441207, 17.341138]}, "properties": {"cell_id": 341, "risk_score": 0.163, "severity_band": "green", "population_exposed": 2295, "dist_to_drain_km": 0.856, "dist_to_incident_km": 3.729, "rainfall_mm": 60.0}}, {"type": "Feature", "geometry": {"type": "Point", "coordinates": [78.445707, 17.341138]}, "properties": {"cell_id": 342, "risk_score": 0.1856, "severity_band": "green", "population_exposed": 2406, "dist_to_drain_km": 0.8, "dist_to_incident_km": 3.269, "rainfall_mm": 60.0}}, {"type": "Feature", "geometry": {"type": "Point", "coordinates": [78.450207, 17.341138]}, "properties": {"cell_id": 343, "risk_score": 0.1614, "severity_band": "green", "population_exposed": 2518, "dist_to_drain_km": 0.985, "dist_to_incident_km": 2.815, "rainfall_mm": 60.0}}, {"type": "Feature", "geometry": {"type": "Point", "coordinates": [78.454707, 17.341138]}, "properties": {"cell_id": 344, "risk_score": 0.1785, "severity_band": "green", "population_exposed": 2627, "dist_to_drain_km": 1.259, "dist_to_incident_km": 2.371, "rainfall_mm": 60.0}}, {"type": "Feature", "geometry": {"type": "Point", "coordinates": [78.459207, 17.341138]}, "properties": {"cell_id": 345, "risk_score": 0.2061, "severity_band": "green", "population_exposed": 2732, "dist_to_drain_km": 1.269, "dist_to_incident_km": 1.942, "rainfall_mm": 60.0}}, {"type": "Feature", "geometry": {"type": "Point", "coordinates": [78.463707, 17.341138]}, "properties": {"cell_id": 346, "risk_score": 0.2113, "severity_band": "green", "population_exposed": 2830, "dist_to_drain_km": 1.446, "dist_to_incident_km": 1.542, "rainfall_mm": 60.0}}, {"type": "Feature", "geometry": {"type": "Point", "coordinates": [78.468207, 17.341138]}, "properties": {"cell_id": 347, "risk_score": 0.253, "severity_band": "yellow", "population_exposed": 2917, "dist_to_drain_km": 1.308, "dist_to_incident_km": 1.2, "rainfall_mm": 60.0}}, {"type": "Feature", "geometry": {"type": "Point", "coordinates": [78.472707, 17.341138]}, "properties": {"cell_id": 348, "risk_score": 0.2918, "severity_band": "yellow", "population_exposed": 2988, "dist_to_drain_km": 1.025, "dist_to_incident_km": 0.979, "rainfall_mm": 60.0}}, {"type": "Feature", "geometry": {"type": "Point", "coordinates": [78.477207, 17.341138]}, "properties": {"cell_id": 349, "risk_score": 0.3436, "severity_band": "yellow", "population_exposed": 3042, "dist_to_drain_km": 0.727, "dist_to_incident_km": 0.966, "rainfall_mm": 60.0}}, {"type": "Feature", "geometry": {"type": "Point", "coordinates": [78.481707, 17.341138]}, "properties": {"cell_id": 350, "risk_score": 0.3619, "severity_band": "yellow", "population_exposed": 3074, "dist_to_drain_km": 0.457, "dist_to_incident_km": 1.169, "rainfall_mm": 60.0}}, {"type": "Feature", "geometry": {"type": "Point", "coordinates": [78.486207, 17.341138]}, "properties": {"cell_id": 351, "risk_score": 0.3649, "severity_band": "yellow", "population_exposed": 3083, "dist_to_drain_km": 0.308, "dist_to_incident_km": 1.501, "rainfall_mm": 60.0}}, {"type": "Feature", "geometry": {"type": "Point", "coordinates": [78.490707, 17.341138]}, "properties": {"cell_id": 352, "risk_score": 0.4845, "severity_band": "yellow", "population_exposed": 3068, "dist_to_drain_km": 0.042, "dist_to_incident_km": 1.897, "rainfall_mm": 60.0}}, {"type": "Feature", "geometry": {"type": "Point", "coordinates": [78.495207, 17.341138]}, "properties": {"cell_id": 353, "risk_score": 0.2902, "severity_band": "yellow", "population_exposed": 3029, "dist_to_drain_km": 0.468, "dist_to_incident_km": 2.324, "rainfall_mm": 60.0}}, {"type": "Feature", "geometry": {"type": "Point", "coordinates": [78.499707, 17.341138]}, "properties": {"cell_id": 354, "risk_score": 0.1633, "severity_band": "green", "population_exposed": 2968, "dist_to_drain_km": 0.87, "dist_to_incident_km": 2.767, "rainfall_mm": 60.0}}, {"type": "Feature", "geometry": {"type": "Point", "coordinates": [78.504207, 17.341138]}, "properties": {"cell_id": 355, "risk_score": 0.1597, "severity_band": "green", "population_exposed": 2888, "dist_to_drain_km": 1.058, "dist_to_incident_km": 3.22, "rainfall_mm": 60.0}}, {"type": "Feature", "geometry": {"type": "Point", "coordinates": [78.522207, 17.341138]}, "properties": {"cell_id": 356, "risk_score": 0.1601, "severity_band": "green", "population_exposed": 2449, "dist_to_drain_km": 1.048, "dist_to_incident_km": 3.226, "rainfall_mm": 60.0}}, {"type": "Feature", "geometry": {"type": "Point", "coordinates": [78.526707, 17.341138]}, "properties": {"cell_id": 357, "risk_score": 0.1628, "severity_band": "green", "population_exposed": 2326, "dist_to_drain_km": 0.872, "dist_to_incident_km": 2.776, "rainfall_mm": 60.0}}, {"type": "Feature", "geometry": {"type": "Point", "coordinates": [78.531207, 17.341138]}, "properties": {"cell_id": 358, "risk_score": 0.1938, "severity_band": "green", "population_exposed": 2203, "dist_to_drain_km": 0.934, "dist_to_incident_km": 2.337, "rainfall_mm": 60.0}}, {"type": "Feature", "geometry": {"type": "Point", "coordinates": [78.535707, 17.341138]}, "properties": {"cell_id": 359, "risk_score": 0.2363, "severity_band": "green", "population_exposed": 2082, "dist_to_drain_km": 0.791, "dist_to_incident_km": 1.917, "rainfall_mm": 60.0}}, {"type": "Feature", "geometry": {"type": "Point", "coordinates": [78.540207, 17.341138]}, "properties": {"cell_id": 360, "risk_score": 0.357, "severity_band": "red", "population_exposed": 1964, "dist_to_drain_km": 0.348, "dist_to_incident_km": 1.53, "rainfall_mm": 60.0}}, {"type": "Feature", "geometry": {"type": "Point", "coordinates": [78.544707, 17.341138]}, "properties": {"cell_id": 361, "risk_score": 0.5184, "severity_band": "red", "population_exposed": 1850, "dist_to_drain_km": 0.093, "dist_to_incident_km": 1.211, "rainfall_mm": 60.0}}, {"type": "Feature", "geometry": {"type": "Point", "coordinates": [78.549207, 17.341138]}, "properties": {"cell_id": 362, "risk_score": 0.3675, "severity_band": "red", "population_exposed": 1742, "dist_to_drain_km": 0.433, "dist_to_incident_km": 1.023, "rainfall_mm": 60.0}}, {"type": "Feature", "geometry": {"type": "Point", "coordinates": [78.553707, 17.341138]}, "properties": {"cell_id": 363, "risk_score": 0.2976, "severity_band": "red", "population_exposed": 1639, "dist_to_drain_km": 0.865, "dist_to_incident_km": 1.041, "rainfall_mm": 60.0}}, {"type": "Feature", "geometry": {"type": "Point", "coordinates": [78.558207, 17.341138]}, "properties": {"cell_id": 364, "risk_score": 0.3474, "severity_band": "red", "population_exposed": 1542, "dist_to_drain_km": 0.475, "dist_to_incident_km": 1.256, "rainfall_mm": 60.0}}, {"type": "Feature", "geometry": {"type": "Point", "coordinates": [78.562707, 17.341138]}, "properties": {"cell_id": 365, "risk_score": 0.3507, "severity_band": "red", "population_exposed": 1451, "dist_to_drain_km": 0.373, "dist_to_incident_km": 1.589, "rainfall_mm": 60.0}}, {"type": "Feature", "geometry": {"type": "Point", "coordinates": [78.567207, 17.341138]}, "properties": {"cell_id": 366, "risk_score": 0.2498, "severity_band": "green", "population_exposed": 1366, "dist_to_drain_km": 0.627, "dist_to_incident_km": 1.983, "rainfall_mm": 60.0}}, {"type": "Feature", "geometry": {"type": "Point", "coordinates": [78.571707, 17.341138]}, "properties": {"cell_id": 367, "risk_score": 0.1921, "severity_band": "green", "population_exposed": 1286, "dist_to_drain_km": 0.985, "dist_to_incident_km": 2.407, "rainfall_mm": 60.0}}, {"type": "Feature", "geometry": {"type": "Point", "coordinates": [78.576207, 17.341138]}, "properties": {"cell_id": 368, "risk_score": 0.129, "severity_band": "green", "population_exposed": 1212, "dist_to_drain_km": 1.416, "dist_to_incident_km": 2.848, "rainfall_mm": 60.0}}, {"type": "Feature", "geometry": {"type": "Point", "coordinates": [78.580707, 17.341138]}, "properties": {"cell_id": 369, "risk_score": 0.1273, "severity_band": "green", "population_exposed": 1144, "dist_to_drain_km": 1.867, "dist_to_incident_km": 3.299, "rainfall_mm": 60.0}}, {"type": "Feature", "geometry": {"type": "Point", "coordinates": [78.585207, 17.341138]}, "properties": {"cell_id": 370, "risk_score": 0.1273, "severity_band": "green", "population_exposed": 1080, "dist_to_drain_km": 2.103, "dist_to_incident_km": 3.757, "rainfall_mm": 60.0}}, {"type": "Feature", "geometry": {"type": "Point", "coordinates": [78.589707, 17.341138]}, "properties": {"cell_id": 371, "risk_score": 0.1273, "severity_band": "green", "population_exposed": 1021, "dist_to_drain_km": 1.918, "dist_to_incident_km": 4.219, "rainfall_mm": 60.0}}, {"type": "Feature", "geometry": {"type": "Point", "coordinates": [78.594207, 17.341138]}, "properties": {"cell_id": 372, "risk_score": 0.1273, "severity_band": "green", "population_exposed": 967, "dist_to_drain_km": 1.839, "dist_to_incident_km": 4.685, "rainfall_mm": 60.0}}, {"type": "Feature", "geometry": {"type": "Point", "coordinates": [78.598707, 17.341138]}, "properties": {"cell_id": 373, "risk_score": 0.1273, "severity_band": "green", "population_exposed": 917, "dist_to_drain_km": 1.881, "dist_to_incident_km": 5.152, "rainfall_mm": 60.0}}, {"type": "Feature", "geometry": {"type": "Point", "coordinates": [78.603207, 17.341138]}, "properties": {"cell_id": 374, "risk_score": 0.1273, "severity_band": "green", "population_exposed": 871, "dist_to_drain_km": 1.484, "dist_to_incident_km": 5.621, "rainfall_mm": 60.0}}, {"type": "Feature", "geometry": {"type": "Point", "coordinates": [78.607707, 17.341138]}, "properties": {"cell_id": 375, "risk_score": 0.1593, "severity_band": "green", "population_exposed": 828, "dist_to_drain_km": 1.099, "dist_to_incident_km": 6.092, "rainfall_mm": 60.0}}, {"type": "Feature", "geometry": {"type": "Point", "coordinates": [78.612207, 17.341138]}, "properties": {"cell_id": 376, "risk_score": 0.1928, "severity_band": "green", "population_exposed": 790, "dist_to_drain_km": 0.764, "dist_to_incident_km": 6.564, "rainfall_mm": 60.0}}, {"type": "Feature", "geometry": {"type": "Point", "coordinates": [78.616707, 17.341138]}, "properties": {"cell_id": 377, "risk_score": 0.2143, "severity_band": "green", "population_exposed": 754, "dist_to_drain_km": 0.587, "dist_to_incident_km": 7.036, "rainfall_mm": 60.0}}, {"type": "Feature", "geometry": {"type": "Point", "coordinates": [78.400707, 17.345638]}, "properties": {"cell_id": 378, "risk_score": 0.4419, "severity_band": "red", "population_exposed": 1545, "dist_to_drain_km": 0.054, "dist_to_incident_km": 8.037, "rainfall_mm": 60.0}}, {"type": "Feature", "geometry": {"type": "Point", "coordinates": [78.405207, 17.345638]}, "properties": {"cell_id": 379, "risk_score": 0.2564, "severity_band": "green", "population_exposed": 1621, "dist_to_drain_km": 0.44, "dist_to_incident_km": 7.568, "rainfall_mm": 60.0}}, {"type": "Feature", "geometry": {"type": "Point", "coordinates": [78.409707, 17.345638]}, "properties": {"cell_id": 380, "risk_score": 0.1614, "severity_band": "green", "population_exposed": 1702, "dist_to_drain_km": 0.878, "dist_to_incident_km": 7.1, "rainfall_mm": 60.0}}, {"type": "Feature", "geometry": {"type": "Point", "coordinates": [78.414207, 17.345638]}, "properties": {"cell_id": 381, "risk_score": 0.1438, "severity_band": "green", "population_exposed": 1789, "dist_to_drain_km": 1.141, "dist_to_incident_km": 6.633, "rainfall_mm": 60.0}}, {"type": "Feature", "geometry": {"type": "Point", "coordinates": [78.418707, 17.345638]}, "properties": {"cell_id": 382, "risk_score": 0.1614, "severity_band": "green", "population_exposed": 1882, "dist_to_drain_km": 0.87, "dist_to_incident_km": 6.167, "rainfall_mm": 60.0}}, {"type": "Feature", "geometry": {"type": "Point", "coordinates": [78.423207, 17.345638]}, "properties": {"cell_id": 383, "risk_score": 0.1845, "severity_band": "green", "population_exposed": 1981, "dist_to_drain_km": 0.803, "dist_to_incident_km": 5.704, "rainfall_mm": 60.0}}, {"type": "Feature", "geometry": {"type": "Point", "coordinates": [78.427707, 17.345638]}, "properties": {"cell_id": 384, "risk_score": 0.2027, "severity_band": "green", "population_exposed": 2087, "dist_to_drain_km": 0.67, "dist_to_incident_km": 5.243, "rainfall_mm": 60.0}}, {"type": "Feature", "geometry": {"type": "Point", "coordinates": [78.432207, 17.345638]}, "properties": {"cell_id": 385, "risk_score": 0.2043, "severity_band": "green", "population_exposed": 2199, "dist_to_drain_km": 0.637, "dist_to_incident_km": 4.786, "rainfall_mm": 60.0}}, {"type": "Feature", "geometry": {"type": "Point", "coordinates": [78.436707, 17.345638]}, "properties": {"cell_id": 386, "risk_score": 0.2228, "severity_band": "green", "population_exposed": 2316, "dist_to_drain_km": 0.578, "dist_to_incident_km": 4.333, "rainfall_mm": 60.0}}, {"type": "Feature", "geometry": {"type": "Point", "coordinates": [78.441207, 17.345638]}, "properties": {"cell_id": 387, "risk_score": 0.2568, "severity_band": "green", "population_exposed": 2438, "dist_to_drain_km": 0.44, "dist_to_incident_km": 3.886, "rainfall_mm": 60.0}}, {"type": "Feature", "geometry": {"type": "Point", "coordinates": [78.445707, 17.345638]}, "properties": {"cell_id": 388, "risk_score": 0.3282, "severity_band": "red", "population_exposed": 2564, "dist_to_drain_km": 0.314, "dist_to_incident_km": 3.447, "rainfall_mm": 60.0}}, {"type": "Feature", "geometry": {"type": "Point", "coordinates": [78.450207, 17.345638]}, "properties": {"cell_id": 389, "risk_score": 0.21, "severity_band": "green", "population_exposed": 2692, "dist_to_drain_km": 0.604, "dist_to_incident_km": 3.02, "rainfall_mm": 60.0}}, {"type": "Feature", "geometry": {"type": "Point", "coordinates": [78.454707, 17.345638]}, "properties": {"cell_id": 390, "risk_score": 0.2074, "severity_band": "green", "population_exposed": 2819, "dist_to_drain_km": 0.771, "dist_to_incident_km": 2.61, "rainfall_mm": 60.0}}, {"type": "Feature", "geometry": {"type": "Point", "coordinates": [78.459207, 17.345638]}, "properties": {"cell_id": 391, "risk_score": 0.232, "severity_band": "green", "population_exposed": 2942, "dist_to_drain_km": 0.786, "dist_to_incident_km": 2.228, "rainfall_mm": 60.0}}, {"type": "Feature", "geometry": {"type": "Point", "coordinates": [78.463707, 17.345638]}, "properties": {"cell_id": 392, "risk_score": 0.2155, "severity_band": "green", "population_exposed": 3058, "dist_to_drain_km": 1.048, "dist_to_incident_km": 1.889, "rainfall_mm": 60.0}}, {"type": "Feature", "geometry": {"type": "Point", "coordinates": [78.468207, 17.345638]}, "properties": {"cell_id": 393, "risk_score": 0.2133, "severity_band": "yellow", "population_exposed": 3162, "dist_to_drain_km": 1.222, "dist_to_incident_km": 1.623, "rainfall_mm": 60.0}}, {"type": "Feature", "geometry": {"type": "Point", "coordinates": [78.472707, 17.345638]}, "properties": {"cell_id": 394, "risk_score": 0.2213, "severity_band": "yellow", "population_exposed": 3250, "dist_to_drain_km": 1.179, "dist_to_incident_km": 1.467, "rainfall_mm": 60.0}}, {"type": "Feature", "geometry": {"type": "Point", "coordinates": [78.477207, 17.345638]}, "properties": {"cell_id": 395, "risk_score": 0.2213, "severity_band": "yellow", "population_exposed": 3316, "dist_to_drain_km": 1.139, "dist_to_incident_km": 1.459, "rainfall_mm": 60.0}}, {"type": "Feature", "geometry": {"type": "Point", "coordinates": [78.481707, 17.345638]}, "properties": {"cell_id": 396, "risk_score": 0.2214, "severity_band": "yellow", "population_exposed": 3356, "dist_to_drain_km": 0.914, "dist_to_incident_km": 1.6, "rainfall_mm": 60.0}}, {"type": "Feature", "geometry": {"type": "Point", "coordinates": [78.486207, 17.345638]}, "properties": {"cell_id": 397, "risk_score": 0.2949, "severity_band": "yellow", "population_exposed": 3367, "dist_to_drain_km": 0.453, "dist_to_incident_km": 1.857, "rainfall_mm": 60.0}}, {"type": "Feature", "geometry": {"type": "Point", "coordinates": [78.490707, 17.345638]}, "properties": {"cell_id": 398, "risk_score": 0.4157, "severity_band": "yellow", "population_exposed": 3349, "dist_to_drain_km": 0.152, "dist_to_incident_km": 2.189, "rainfall_mm": 60.0}}, {"type": "Feature", "geometry": {"type": "Point", "coordinates": [78.495207, 17.345638]}, "properties": {"cell_id": 399, "risk_score": 0.3585, "severity_band": "yellow", "population_exposed": 3302, "dist_to_drain_km": 0.274, "dist_to_incident_km": 2.537, "rainfall_mm": 60.0}}, {"type": "Feature", "geometry": {"type": "Point", "coordinates": [78.499707, 17.345638]}, "properties": {"cell_id": 400, "risk_score": 0.1952, "severity_band": "green", "population_exposed": 3228, "dist_to_drain_km": 0.751, "dist_to_incident_km": 2.856, "rainfall_mm": 60.0}}, {"type": "Feature", "geometry": {"type": "Point", "coordinates": [78.504207, 17.345638]}, "properties": {"cell_id": 401, "risk_score": 0.1593, "severity_band": "green", "population_exposed": 3132, "dist_to_drain_km": 1.103, "dist_to_incident_km": 3.154, "rainfall_mm": 60.0}}, {"type": "Feature", "geometry": {"type": "Point", "coordinates": [78.508707, 17.345638]}, "properties": {"cell_id": 402, "risk_score": 0.1597, "severity_band": "green", "population_exposed": 3018, "dist_to_drain_km": 1.052, "dist_to_incident_km": 3.262, "rainfall_mm": 60.0}}, {"type": "Feature", "geometry": {"type": "Point", "coordinates": [78.513207, 17.345638]}, "properties": {"cell_id": 403, "risk_score": 0.1614, "severity_band": "green", "population_exposed": 2891, "dist_to_drain_km": 0.934, "dist_to_incident_km": 3.433, "rainfall_mm": 60.0}}, {"type": "Feature", "geometry": {"type": "Point", "coordinates": [78.517707, 17.345638]}, "properties": {"cell_id": 404, "risk_score": 0.1601, "severity_band": "green", "population_exposed": 2756, "dist_to_drain_km": 1.042, "dist_to_incident_km": 3.659, "rainfall_mm": 60.0}}, {"type": "Feature", "geometry": {"type": "Point", "coordinates": [78.522207, 17.345638]}, "properties": {"cell_id": 405, "risk_score": 0.2034, "severity_band": "green", "population_exposed": 2616, "dist_to_drain_km": 0.693, "dist_to_incident_km": 3.107, "rainfall_mm": 60.0}}, {"type": "Feature", "geometry": {"type": "Point", "coordinates": [78.526707, 17.345638]}, "properties": {"cell_id": 406, "risk_score": 0.3202, "severity_band": "red", "population_exposed": 2475, "dist_to_drain_km": 0.382, "dist_to_incident_km": 2.637, "rainfall_mm": 60.0}}, {"type": "Feature", "geometry": {"type": "Point", "coordinates": [78.531207, 17.345638]}, "properties": {"cell_id": 407, "risk_score": 0.2934, "severity_band": "red", "population_exposed": 2336, "dist_to_drain_km": 0.507, "dist_to_incident_km": 2.17, "rainfall_mm": 60.0}}, {"type": "Feature", "geometry": {"type": "Point", "coordinates": [78.535707, 17.345638]}, "properties": {"cell_id": 408, "risk_score": 0.2251, "severity_band": "green", "population_exposed": 2199, "dist_to_drain_km": 0.84, "dist_to_incident_km": 1.709, "rainfall_mm": 60.0}}, {"type": "Feature", "geometry": {"type": "Point", "coordinates": [78.540207, 17.345638]}, "properties": {"cell_id": 409, "risk_score": 0.3499, "severity_band": "red", "population_exposed": 2068, "dist_to_drain_km": 0.42, "dist_to_incident_km": 1.26, "rainfall_mm": 60.0}}, {"type": "Feature", "geometry": {"type": "Point", "coordinates": [78.544707, 17.345638]}, "properties": {"cell_id": 410, "risk_score": 0.4469, "severity_band": "red", "population_exposed": 1942, "dist_to_drain_km": 0.31, "dist_to_incident_km": 0.844, "rainfall_mm": 60.0}}, {"type": "Feature", "geometry": {"type": "Point", "coordinates": [78.549207, 17.345638]}, "properties": {"cell_id": 411, "risk_score": 0.4443, "severity_band": "red", "population_exposed": 1823, "dist_to_drain_km": 0.527, "dist_to_incident_km": 0.541, "rainfall_mm": 60.0}}, {"type": "Feature", "geometry": {"type": "Point", "coordinates": [78.553707, 17.345638]}, "properties": {"cell_id": 412, "risk_score": 0.388, "severity_band": "red", "population_exposed": 1710, "dist_to_drain_km": 0.778, "dist_to_incident_km": 0.574, "rainfall_mm": 60.0}}, {"type": "Feature", "geometry": {"type": "Point", "coordinates": [78.558207, 17.345638]}, "properties": {"cell_id": 413, "risk_score": 0.4452, "severity_band": "red", "population_exposed": 1605, "dist_to_drain_km": 0.306, "dist_to_incident_km": 0.907, "rainfall_mm": 60.0}}, {"type": "Feature", "geometry": {"type": "Point", "coordinates": [78.562707, 17.345638]}, "properties": {"cell_id": 414, "risk_score": 0.5158, "severity_band": "red", "population_exposed": 1506, "dist_to_drain_km": 0.042, "dist_to_incident_km": 1.331, "rainfall_mm": 60.0}}, {"type": "Feature", "geometry": {"type": "Point", "coordinates": [78.567207, 17.345638]}, "properties": {"cell_id": 415, "risk_score": 0.3496, "severity_band": "red", "population_exposed": 1414, "dist_to_drain_km": 0.352, "dist_to_incident_km": 1.783, "rainfall_mm": 60.0}}, {"type": "Feature", "geometry": {"type": "Point", "coordinates": [78.571707, 17.345638]}, "properties": {"cell_id": 416, "risk_score": 0.2116, "severity_band": "green", "population_exposed": 1329, "dist_to_drain_km": 0.826, "dist_to_incident_km": 2.245, "rainfall_mm": 60.0}}, {"type": "Feature", "geometry": {"type": "Point", "coordinates": [78.576207, 17.345638]}, "properties": {"cell_id": 417, "risk_score": 0.1351, "severity_band": "green", "population_exposed": 1250, "dist_to_drain_km": 1.302, "dist_to_incident_km": 2.712, "rainfall_mm": 60.0}}, {"type": "Feature", "geometry": {"type": "Point", "coordinates": [78.580707, 17.345638]}, "properties": {"cell_id": 418, "risk_score": 0.1273, "severity_band": "green", "population_exposed": 1177, "dist_to_drain_km": 1.779, "dist_to_incident_km": 3.183, "rainfall_mm": 60.0}}, {"type": "Feature", "geometry": {"type": "Point", "coordinates": [78.585207, 17.345638]}, "properties": {"cell_id": 419, "risk_score": 0.1273, "severity_band": "green", "population_exposed": 1109, "dist_to_drain_km": 2.098, "dist_to_incident_km": 3.655, "rainfall_mm": 60.0}}, {"type": "Feature", "geometry": {"type": "Point", "coordinates": [78.589707, 17.345638]}, "properties": {"cell_id": 420, "risk_score": 0.1273, "severity_band": "green", "population_exposed": 1047, "dist_to_drain_km": 1.865, "dist_to_incident_km": 4.129, "rainfall_mm": 60.0}}, {"type": "Feature", "geometry": {"type": "Point", "coordinates": [78.603207, 17.345638]}, "properties": {"cell_id": 421, "risk_score": 0.1298, "severity_band": "green", "population_exposed": 888, "dist_to_drain_km": 1.261, "dist_to_incident_km": 5.554, "rainfall_mm": 60.0}}, {"type": "Feature", "geometry": {"type": "Point", "coordinates": [78.607707, 17.345638]}, "properties": {"cell_id": 422, "risk_score": 0.1698, "severity_band": "green", "population_exposed": 844, "dist_to_drain_km": 0.815, "dist_to_incident_km": 6.03, "rainfall_mm": 60.0}}, {"type": "Feature", "geometry": {"type": "Point", "coordinates": [78.400707, 17.350138]}, "properties": {"cell_id": 423, "risk_score": 0.4098, "severity_band": "red", "population_exposed": 1616, "dist_to_drain_km": 0.081, "dist_to_incident_km": 7.984, "rainfall_mm": 60.0}}, {"type": "Feature", "geometry": {"type": "Point", "coordinates": [78.405207, 17.350138]}, "properties": {"cell_id": 424, "risk_score": 0.3682, "severity_band": "red", "population_exposed": 1696, "dist_to_drain_km": 0.196, "dist_to_incident_km": 7.554, "rainfall_mm": 60.0}}, {"type": "Feature", "geometry": {"type": "Point", "coordinates": [78.409707, 17.350138]}, "properties": {"cell_id": 425, "risk_score": 0.253, "severity_band": "green", "population_exposed": 1782, "dist_to_drain_km": 0.52, "dist_to_incident_km": 7.131, "rainfall_mm": 60.0}}, {"type": "Feature", "geometry": {"type": "Point", "coordinates": [78.414207, 17.350138]}, "properties": {"cell_id": 426, "risk_score": 0.2023, "severity_band": "green", "population_exposed": 1874, "dist_to_drain_km": 0.658, "dist_to_incident_km": 6.714, "rainfall_mm": 60.0}}, {"type": "Feature", "geometry": {"type": "Point", "coordinates": [78.418707, 17.350138]}, "properties": {"cell_id": 427, "risk_score": 0.2564, "severity_band": "green", "population_exposed": 1974, "dist_to_drain_km": 0.455, "dist_to_incident_km": 6.306, "rainfall_mm": 60.0}}, {"type": "Feature", "geometry": {"type": "Point", "coordinates": [78.423207, 17.350138]}, "properties": {"cell_id": 428, "risk_score": 0.3203, "severity_band": "red", "population_exposed": 2081, "dist_to_drain_km": 0.323, "dist_to_incident_km": 5.851, "rainfall_mm": 60.0}}, {"type": "Feature", "geometry": {"type": "Point", "coordinates": [78.427707, 17.350138]}, "properties": {"cell_id": 429, "risk_score": 0.318, "severity_band": "red", "population_exposed": 2196, "dist_to_drain_km": 0.388, "dist_to_incident_km": 5.402, "rainfall_mm": 60.0}}, {"type": "Feature", "geometry": {"type": "Point", "coordinates": [78.432207, 17.350138]}, "properties": {"cell_id": 430, "risk_score": 0.1949, "severity_band": "green", "population_exposed": 2318, "dist_to_drain_km": 0.727, "dist_to_incident_km": 4.96, "rainfall_mm": 60.0}}, {"type": "Feature", "geometry": {"type": "Point", "coordinates": [78.436707, 17.350138]}, "properties": {"cell_id": 431, "risk_score": 0.3559, "severity_band": "red", "population_exposed": 2448, "dist_to_drain_km": 0.25, "dist_to_incident_km": 4.524, "rainfall_mm": 60.0}}, {"type": "Feature", "geometry": {"type": "Point", "coordinates": [78.441207, 17.350138]}, "properties": {"cell_id": 432, "risk_score": 0.4483, "severity_band": "red", "population_exposed": 2584, "dist_to_drain_km": 0.013, "dist_to_incident_km": 4.098, "rainfall_mm": 60.0}}, {"type": "Feature", "geometry": {"type": "Point", "coordinates": [78.445707, 17.350138]}, "properties": {"cell_id": 433, "risk_score": 0.4458, "severity_band": "yellow", "population_exposed": 2726, "dist_to_drain_km": 0.05, "dist_to_incident_km": 3.684, "rainfall_mm": 60.0}}, {"type": "Feature", "geometry": {"type": "Point", "coordinates": [78.450207, 17.350138]}, "properties": {"cell_id": 434, "risk_score": 0.3537, "severity_band": "yellow", "population_exposed": 2872, "dist_to_drain_km": 0.259, "dist_to_incident_km": 3.288, "rainfall_mm": 60.0}}, {"type": "Feature", "geometry": {"type": "Point", "coordinates": [78.454707, 17.350138]}, "properties": {"cell_id": 435, "risk_score": 0.3258, "severity_band": "yellow", "population_exposed": 3018, "dist_to_drain_km": 0.321, "dist_to_incident_km": 2.917, "rainfall_mm": 60.0}}, {"type": "Feature", "geometry": {"type": "Point", "coordinates": [78.459207, 17.350138]}, "properties": {"cell_id": 436, "risk_score": 0.3289, "severity_band": "yellow", "population_exposed": 3163, "dist_to_drain_km": 0.357, "dist_to_incident_km": 2.58, "rainfall_mm": 60.0}}, {"type": "Feature", "geometry": {"type": "Point", "coordinates": [78.463707, 17.350138]}, "properties": {"cell_id": 437, "risk_score": 0.2291, "severity_band": "yellow", "population_exposed": 3301, "dist_to_drain_km": 0.78, "dist_to_incident_km": 2.294, "rainfall_mm": 60.0}}, {"type": "Feature", "geometry": {"type": "Point", "coordinates": [78.468207, 17.350138]}, "properties": {"cell_id": 438, "risk_score": 0.2368, "severity_band": "yellow", "population_exposed": 3426, "dist_to_drain_km": 0.754, "dist_to_incident_km": 1.986, "rainfall_mm": 60.0}}, {"type": "Feature", "geometry": {"type": "Point", "coordinates": [78.472707, 17.350138]}, "properties": {"cell_id": 439, "risk_score": 0.249, "severity_band": "yellow", "population_exposed": 3533, "dist_to_drain_km": 0.683, "dist_to_incident_km": 1.711, "rainfall_mm": 60.0}}, {"type": "Feature", "geometry": {"type": "Point", "coordinates": [78.477207, 17.350138]}, "properties": {"cell_id": 440, "risk_score": 0.2214, "severity_band": "yellow", "population_exposed": 3615, "dist_to_drain_km": 0.901, "dist_to_incident_km": 1.539, "rainfall_mm": 60.0}}, {"type": "Feature", "geometry": {"type": "Point", "coordinates": [78.481707, 17.350138]}, "properties": {"cell_id": 441, "risk_score": 0.2214, "severity_band": "yellow", "population_exposed": 3666, "dist_to_drain_km": 0.88, "dist_to_incident_km": 1.505, "rainfall_mm": 60.0}}, {"type": "Feature", "geometry": {"type": "Point", "coordinates": [78.486207, 17.350138]}, "properties": {"cell_id": 442, "risk_score": 0.2949, "severity_band": "yellow", "population_exposed": 3681, "dist_to_drain_km": 0.434, "dist_to_incident_km": 1.617, "rainfall_mm": 60.0}}, {"type": "Feature", "geometry": {"type": "Point", "coordinates": [78.490707, 17.350138]}, "properties": {"cell_id": 443, "risk_score": 0.4858, "severity_band": "yellow", "population_exposed": 3659, "dist_to_drain_km": 0.038, "dist_to_incident_km": 1.85, "rainfall_mm": 60.0}}, {"type": "Feature", "geometry": {"type": "Point", "coordinates": [78.495207, 17.350138]}, "properties": {"cell_id": 444, "risk_score": 0.2928, "severity_band": "yellow", "population_exposed": 3601, "dist_to_drain_km": 0.511, "dist_to_incident_km": 2.165, "rainfall_mm": 60.0}}, {"type": "Feature", "geometry": {"type": "Point", "coordinates": [78.499707, 17.350138]}, "properties": {"cell_id": 445, "risk_score": 0.1925, "severity_band": "yellow", "population_exposed": 3511, "dist_to_drain_km": 0.88, "dist_to_incident_km": 2.531, "rainfall_mm": 60.0}}, {"type": "Feature", "geometry": {"type": "Point", "coordinates": [78.504207, 17.350138]}, "properties": {"cell_id": 446, "risk_score": 0.2075, "severity_band": "yellow", "population_exposed": 3395, "dist_to_drain_km": 0.649, "dist_to_incident_km": 2.661, "rainfall_mm": 60.0}}, {"type": "Feature", "geometry": {"type": "Point", "coordinates": [78.508707, 17.350138]}, "properties": {"cell_id": 447, "risk_score": 0.2331, "severity_band": "yellow", "population_exposed": 3258, "dist_to_drain_km": 0.559, "dist_to_incident_km": 2.788, "rainfall_mm": 60.0}}, {"type": "Feature", "geometry": {"type": "Point", "coordinates": [78.513207, 17.350138]}, "properties": {"cell_id": 448, "risk_score": 0.1801, "severity_band": "green", "population_exposed": 3108, "dist_to_drain_km": 0.806, "dist_to_incident_km": 2.986, "rainfall_mm": 60.0}}, {"type": "Feature", "geometry": {"type": "Point", "coordinates": [78.517707, 17.350138]}, "properties": {"cell_id": 449, "risk_score": 0.193, "severity_band": "green", "population_exposed": 2950, "dist_to_drain_km": 0.772, "dist_to_incident_km": 3.243, "rainfall_mm": 60.0}}, {"type": "Feature", "geometry": {"type": "Point", "coordinates": [78.522207, 17.350138]}, "properties": {"cell_id": 450, "risk_score": 0.2572, "severity_band": "green", "population_exposed": 2788, "dist_to_drain_km": 0.481, "dist_to_incident_km": 3.066, "rainfall_mm": 60.0}}, {"type": "Feature", "geometry": {"type": "Point", "coordinates": [78.526707, 17.350138]}, "properties": {"cell_id": 451, "risk_score": 0.4046, "severity_band": "red", "population_exposed": 2627, "dist_to_drain_km": 0.147, "dist_to_incident_km": 2.588, "rainfall_mm": 60.0}}, {"type": "Feature", "geometry": {"type": "Point", "coordinates": [78.531207, 17.350138]}, "properties": {"cell_id": 452, "risk_score": 0.4168, "severity_band": "red", "population_exposed": 2469, "dist_to_drain_km": 0.155, "dist_to_incident_km": 2.111, "rainfall_mm": 60.0}}, {"type": "Feature", "geometry": {"type": "Point", "coordinates": [78.535707, 17.350138]}, "properties": {"cell_id": 453, "risk_score": 0.2696, "severity_band": "green", "population_exposed": 2316, "dist_to_drain_km": 0.558, "dist_to_incident_km": 1.633, "rainfall_mm": 60.0}}, {"type": "Feature", "geometry": {"type": "Point", "coordinates": [78.540207, 17.350138]}, "properties": {"cell_id": 454, "risk_score": 0.2712, "severity_band": "green", "population_exposed": 2170, "dist_to_drain_km": 0.854, "dist_to_incident_km": 1.155, "rainfall_mm": 60.0}}, {"type": "Feature", "geometry": {"type": "Point", "coordinates": [78.544707, 17.350138]}, "properties": {"cell_id": 455, "risk_score": 0.3519, "severity_band": "red", "population_exposed": 2032, "dist_to_drain_km": 0.809, "dist_to_incident_km": 0.678, "rainfall_mm": 60.0}}, {"type": "Feature", "geometry": {"type": "Point", "coordinates": [78.549207, 17.350138]}, "properties": {"cell_id": 456, "risk_score": 0.4524, "severity_band": "red", "population_exposed": 1902, "dist_to_drain_km": 0.93, "dist_to_incident_km": 0.2, "rainfall_mm": 60.0}}, {"type": "Feature", "geometry": {"type": "Point", "coordinates": [78.553707, 17.350138]}, "properties": {"cell_id": 457, "risk_score": 0.5077, "severity_band": "red", "population_exposed": 1780, "dist_to_drain_km": 0.499, "dist_to_incident_km": 0.277, "rainfall_mm": 60.0}}, {"type": "Feature", "geometry": {"type": "Point", "coordinates": [78.558207, 17.350138]}, "properties": {"cell_id": 458, "risk_score": 0.482, "severity_band": "red", "population_exposed": 1665, "dist_to_drain_km": 0.183, "dist_to_incident_km": 0.755, "rainfall_mm": 60.0}}, {"type": "Feature", "geometry": {"type": "Point", "coordinates": [78.562707, 17.350138]}, "properties": {"cell_id": 459, "risk_score": 0.4211, "severity_band": "red", "population_exposed": 1559, "dist_to_drain_km": 0.308, "dist_to_incident_km": 1.233, "rainfall_mm": 60.0}}, {"type": "Feature", "geometry": {"type": "Point", "coordinates": [78.567207, 17.350138]}, "properties": {"cell_id": 460, "risk_score": 0.2696, "severity_band": "green", "population_exposed": 1461, "dist_to_drain_km": 0.552, "dist_to_incident_km": 1.71, "rainfall_mm": 60.0}}, {"type": "Feature", "geometry": {"type": "Point", "coordinates": [78.571707, 17.350138]}, "properties": {"cell_id": 461, "risk_score": 0.2074, "severity_band": "green", "population_exposed": 1370, "dist_to_drain_km": 0.929, "dist_to_incident_km": 2.188, "rainfall_mm": 60.0}}, {"type": "Feature", "geometry": {"type": "Point", "coordinates": [78.576207, 17.350138]}, "properties": {"cell_id": 462, "risk_score": 0.1323, "severity_band": "green", "population_exposed": 1286, "dist_to_drain_km": 1.358, "dist_to_incident_km": 2.665, "rainfall_mm": 60.0}}, {"type": "Feature", "geometry": {"type": "Point", "coordinates": [78.580707, 17.350138]}, "properties": {"cell_id": 463, "risk_score": 0.1273, "severity_band": "green", "population_exposed": 1208, "dist_to_drain_km": 1.687, "dist_to_incident_km": 3.143, "rainfall_mm": 60.0}}, {"type": "Feature", "geometry": {"type": "Point", "coordinates": [78.585207, 17.350138]}, "properties": {"cell_id": 464, "risk_score": 0.1273, "severity_band": "green", "population_exposed": 1137, "dist_to_drain_km": 1.709, "dist_to_incident_km": 3.621, "rainfall_mm": 60.0}}, {"type": "Feature", "geometry": {"type": "Point", "coordinates": [78.400707, 17.354638]}, "properties": {"cell_id": 465, "risk_score": 0.2564, "severity_band": "green", "population_exposed": 1688, "dist_to_drain_km": 0.458, "dist_to_incident_km": 7.785, "rainfall_mm": 60.0}}, {"type": "Feature", "geometry": {"type": "Point", "coordinates": [78.405207, 17.354638]}, "properties": {"cell_id": 466, "risk_score": 0.3918, "severity_band": "red", "population_exposed": 1772, "dist_to_drain_km": 0.117, "dist_to_incident_km": 7.344, "rainfall_mm": 60.0}}, {"type": "Feature", "geometry": {"type": "Point", "coordinates": [78.409707, 17.354638]}, "properties": {"cell_id": 467, "risk_score": 0.3869, "severity_band": "red", "population_exposed": 1862, "dist_to_drain_km": 0.161, "dist_to_incident_km": 6.907, "rainfall_mm": 60.0}}, {"type": "Feature", "geometry": {"type": "Point", "coordinates": [78.414207, 17.354638]}, "properties": {"cell_id": 468, "risk_score": 0.3555, "severity_band": "red", "population_exposed": 1960, "dist_to_drain_km": 0.253, "dist_to_incident_km": 6.476, "rainfall_mm": 60.0}}, {"type": "Feature", "geometry": {"type": "Point", "coordinates": [78.418707, 17.354638]}, "properties": {"cell_id": 469, "risk_score": 0.3176, "severity_band": "red", "population_exposed": 2066, "dist_to_drain_km": 0.394, "dist_to_incident_km": 6.052, "rainfall_mm": 60.0}}, {"type": "Feature", "geometry": {"type": "Point", "coordinates": [78.423207, 17.354638]}, "properties": {"cell_id": 470, "risk_score": 0.357, "severity_band": "red", "population_exposed": 2180, "dist_to_drain_km": 0.232, "dist_to_incident_km": 5.637, "rainfall_mm": 60.0}}, {"type": "Feature", "geometry": {"type": "Point", "coordinates": [78.427707, 17.354638]}, "properties": {"cell_id": 471, "risk_score": 0.319, "severity_band": "red", "population_exposed": 2304, "dist_to_drain_km": 0.352, "dist_to_incident_km": 5.233, "rainfall_mm": 60.0}}, {"type": "Feature", "geometry": {"type": "Point", "coordinates": [78.432207, 17.354638]}, "properties": {"cell_id": 472, "risk_score": 0.1917, "severity_band": "green", "population_exposed": 2436, "dist_to_drain_km": 0.784, "dist_to_incident_km": 4.841, "rainfall_mm": 60.0}}, {"type": "Feature", "geometry": {"type": "Point", "coordinates": [78.436707, 17.354638]}, "properties": {"cell_id": 473, "risk_score": 0.2353, "severity_band": "green", "population_exposed": 2578, "dist_to_drain_km": 0.54, "dist_to_incident_km": 4.467, "rainfall_mm": 60.0}}, {"type": "Feature", "geometry": {"type": "Point", "coordinates": [78.441207, 17.354638]}, "properties": {"cell_id": 474, "risk_score": 0.2554, "severity_band": "green", "population_exposed": 2729, "dist_to_drain_km": 0.494, "dist_to_incident_km": 4.114, "rainfall_mm": 60.0}}, {"type": "Feature", "geometry": {"type": "Point", "coordinates": [78.445707, 17.354638]}, "properties": {"cell_id": 475, "risk_score": 0.348, "severity_band": "yellow", "population_exposed": 2888, "dist_to_drain_km": 0.289, "dist_to_incident_km": 3.788, "rainfall_mm": 60.0}}, {"type": "Feature", "geometry": {"type": "Point", "coordinates": [78.450207, 17.354638]}, "properties": {"cell_id": 476, "risk_score": 0.3907, "severity_band": "yellow", "population_exposed": 3054, "dist_to_drain_km": 0.139, "dist_to_incident_km": 3.365, "rainfall_mm": 60.0}}, {"type": "Feature", "geometry": {"type": "Point", "coordinates": [78.454707, 17.354638]}, "properties": {"cell_id": 477, "risk_score": 0.4108, "severity_band": "yellow", "population_exposed": 3222, "dist_to_drain_km": 0.106, "dist_to_incident_km": 2.913, "rainfall_mm": 60.0}}, {"type": "Feature", "geometry": {"type": "Point", "coordinates": [78.459207, 17.354638]}, "properties": {"cell_id": 478, "risk_score": 0.3376, "severity_band": "yellow", "population_exposed": 3392, "dist_to_drain_km": 0.319, "dist_to_incident_km": 2.47, "rainfall_mm": 60.0}}, {"type": "Feature", "geometry": {"type": "Point", "coordinates": [78.463707, 17.354638]}, "properties": {"cell_id": 479, "risk_score": 0.235, "severity_band": "yellow", "population_exposed": 3555, "dist_to_drain_km": 0.76, "dist_to_incident_km": 2.042, "rainfall_mm": 60.0}}, {"type": "Feature", "geometry": {"type": "Point", "coordinates": [78.468207, 17.354638]}, "properties": {"cell_id": 480, "risk_score": 0.3484, "severity_band": "yellow", "population_exposed": 3707, "dist_to_drain_km": 0.379, "dist_to_incident_km": 1.642, "rainfall_mm": 60.0}}, {"type": "Feature", "geometry": {"type": "Point", "coordinates": [78.472707, 17.354638]}, "properties": {"cell_id": 481, "risk_score": 0.4272, "severity_band": "yellow", "population_exposed": 3839, "dist_to_drain_km": 0.211, "dist_to_incident_km": 1.296, "rainfall_mm": 60.0}}, {"type": "Feature", "geometry": {"type": "Point", "coordinates": [78.477207, 17.354638]}, "properties": {"cell_id": 482, "risk_score": 0.3471, "severity_band": "yellow", "population_exposed": 3942, "dist_to_drain_km": 0.624, "dist_to_incident_km": 1.058, "rainfall_mm": 60.0}}, {"type": "Feature", "geometry": {"type": "Point", "coordinates": [78.481707, 17.354638]}, "properties": {"cell_id": 483, "risk_score": 0.3436, "severity_band": "yellow", "population_exposed": 4006, "dist_to_drain_km": 0.72, "dist_to_incident_km": 1.007, "rainfall_mm": 60.0}}, {"type": "Feature", "geometry": {"type": "Point", "coordinates": [78.486207, 17.354638]}, "properties": {"cell_id": 484, "risk_score": 0.4395, "severity_band": "yellow", "population_exposed": 4027, "dist_to_drain_km": 0.243, "dist_to_incident_km": 1.169, "rainfall_mm": 60.0}}, {"type": "Feature", "geometry": {"type": "Point", "coordinates": [78.490707, 17.354638]}, "properties": {"cell_id": 485, "risk_score": 0.45, "severity_band": "yellow", "population_exposed": 4001, "dist_to_drain_km": 0.137, "dist_to_incident_km": 1.474, "rainfall_mm": 60.0}}, {"type": "Feature", "geometry": {"type": "Point", "coordinates": [78.495207, 17.354638]}, "properties": {"cell_id": 486, "risk_score": 0.3482, "severity_band": "yellow", "population_exposed": 3929, "dist_to_drain_km": 0.334, "dist_to_incident_km": 1.854, "rainfall_mm": 60.0}}, {"type": "Feature", "geometry": {"type": "Point", "coordinates": [78.499707, 17.354638]}, "properties": {"cell_id": 487, "risk_score": 0.2446, "severity_band": "yellow", "population_exposed": 3818, "dist_to_drain_km": 0.659, "dist_to_incident_km": 2.116, "rainfall_mm": 60.0}}, {"type": "Feature", "geometry": {"type": "Point", "coordinates": [78.504207, 17.354638]}, "properties": {"cell_id": 488, "risk_score": 0.369, "severity_band": "yellow", "population_exposed": 3675, "dist_to_drain_km": 0.217, "dist_to_incident_km": 2.171, "rainfall_mm": 60.0}}, {"type": "Feature", "geometry": {"type": "Point", "coordinates": [78.508707, 17.354638]}, "properties": {"cell_id": 489, "risk_score": 0.4228, "severity_band": "yellow", "population_exposed": 3510, "dist_to_drain_km": 0.122, "dist_to_incident_km": 2.324, "rainfall_mm": 60.0}}, {"type": "Feature", "geometry": {"type": "Point", "coordinates": [78.513207, 17.354638]}, "properties": {"cell_id": 490, "risk_score": 0.258, "severity_band": "yellow", "population_exposed": 3332, "dist_to_drain_km": 0.575, "dist_to_incident_km": 2.559, "rainfall_mm": 60.0}}, {"type": "Feature", "geometry": {"type": "Point", "coordinates": [78.517707, 17.354638]}, "properties": {"cell_id": 491, "risk_score": 0.2088, "severity_band": "green", "population_exposed": 3147, "dist_to_drain_km": 0.609, "dist_to_incident_km": 2.855, "rainfall_mm": 60.0}}, {"type": "Feature", "geometry": {"type": "Point", "coordinates": [78.522207, 17.354638]}, "properties": {"cell_id": 492, "risk_score": 0.3918, "severity_band": "yellow", "population_exposed": 2961, "dist_to_drain_km": 0.132, "dist_to_incident_km": 3.106, "rainfall_mm": 60.0}}, {"type": "Feature", "geometry": {"type": "Point", "coordinates": [78.526707, 17.354638]}, "properties": {"cell_id": 493, "risk_score": 0.4649, "severity_band": "yellow", "population_exposed": 2778, "dist_to_drain_km": 0.022, "dist_to_incident_km": 2.636, "rainfall_mm": 60.0}}, {"type": "Feature", "geometry": {"type": "Point", "coordinates": [78.531207, 17.354638]}, "properties": {"cell_id": 494, "risk_score": 0.4362, "severity_band": "red", "population_exposed": 2601, "dist_to_drain_km": 0.109, "dist_to_incident_km": 2.169, "rainfall_mm": 60.0}}, {"type": "Feature", "geometry": {"type": "Point", "coordinates": [78.535707, 17.354638]}, "properties": {"cell_id": 495, "risk_score": 0.2574, "severity_band": "green", "population_exposed": 2431, "dist_to_drain_km": 0.584, "dist_to_incident_km": 1.707, "rainfall_mm": 60.0}}, {"type": "Feature", "geometry": {"type": "Point", "coordinates": [78.540207, 17.354638]}, "properties": {"cell_id": 496, "risk_score": 0.2494, "severity_band": "green", "population_exposed": 2270, "dist_to_drain_km": 1.052, "dist_to_incident_km": 1.258, "rainfall_mm": 60.0}}, {"type": "Feature", "geometry": {"type": "Point", "coordinates": [78.544707, 17.354638]}, "properties": {"cell_id": 497, "risk_score": 0.2887, "severity_band": "red", "population_exposed": 2119, "dist_to_drain_km": 1.308, "dist_to_incident_km": 0.841, "rainfall_mm": 60.0}}, {"type": "Feature", "geometry": {"type": "Point", "coordinates": [78.549207, 17.354638]}, "properties": {"cell_id": 498, "risk_score": 0.3812, "severity_band": "red", "population_exposed": 1977, "dist_to_drain_km": 0.966, "dist_to_incident_km": 0.537, "rainfall_mm": 60.0}}, {"type": "Feature", "geometry": {"type": "Point", "coordinates": [78.553707, 17.354638]}, "properties": {"cell_id": 499, "risk_score": 0.4443, "severity_band": "red", "population_exposed": 1845, "dist_to_drain_km": 0.524, "dist_to_incident_km": 0.57, "rainfall_mm": 60.0}}, {"type": "Feature", "geometry": {"type": "Point", "coordinates": [78.558207, 17.354638]}, "properties": {"cell_id": 500, "risk_score": 0.4746, "severity_band": "red", "population_exposed": 1722, "dist_to_drain_km": 0.216, "dist_to_incident_km": 0.904, "rainfall_mm": 60.0}}, {"type": "Feature", "geometry": {"type": "Point", "coordinates": [78.562707, 17.354638]}, "properties": {"cell_id": 501, "risk_score": 0.3918, "severity_band": "red", "population_exposed": 1609, "dist_to_drain_km": 0.321, "dist_to_incident_km": 1.329, "rainfall_mm": 60.0}}, {"type": "Feature", "geometry": {"type": "Point", "coordinates": [78.567207, 17.354638]}, "properties": {"cell_id": 502, "risk_score": 0.2523, "severity_band": "green", "population_exposed": 1504, "dist_to_drain_km": 0.609, "dist_to_incident_km": 1.781, "rainfall_mm": 60.0}}, {"type": "Feature", "geometry": {"type": "Point", "coordinates": [78.571707, 17.354638]}, "properties": {"cell_id": 503, "risk_score": 0.2425, "severity_band": "green", "population_exposed": 1408, "dist_to_drain_km": 0.677, "dist_to_incident_km": 2.244, "rainfall_mm": 60.0}}, {"type": "Feature", "geometry": {"type": "Point", "coordinates": [78.576207, 17.354638]}, "properties": {"cell_id": 504, "risk_score": 0.1655, "severity_band": "green", "population_exposed": 1319, "dist_to_drain_km": 1.001, "dist_to_incident_km": 2.711, "rainfall_mm": 60.0}}, {"type": "Feature", "geometry": {"type": "Point", "coordinates": [78.580707, 17.354638]}, "properties": {"cell_id": 505, "risk_score": 0.1273, "severity_band": "green", "population_exposed": 1237, "dist_to_drain_km": 1.415, "dist_to_incident_km": 3.182, "rainfall_mm": 60.0}}, {"type": "Feature", "geometry": {"type": "Point", "coordinates": [78.585207, 17.354638]}, "properties": {"cell_id": 506, "risk_score": 0.1273, "severity_band": "green", "population_exposed": 1162, "dist_to_drain_km": 1.393, "dist_to_incident_km": 3.655, "rainfall_mm": 60.0}}, {"type": "Feature", "geometry": {"type": "Point", "coordinates": [78.409707, 17.359138]}, "properties": {"cell_id": 507, "risk_score": 0.4438, "severity_band": "red", "population_exposed": 1942, "dist_to_drain_km": 0.037, "dist_to_incident_km": 6.714, "rainfall_mm": 60.0}}, {"type": "Feature", "geometry": {"type": "Point", "coordinates": [78.414207, 17.359138]}, "properties": {"cell_id": 508, "risk_score": 0.3282, "severity_band": "red", "population_exposed": 2044, "dist_to_drain_km": 0.312, "dist_to_incident_km": 6.269, "rainfall_mm": 60.0}}, {"type": "Feature", "geometry": {"type": "Point", "coordinates": [78.418707, 17.359138]}, "properties": {"cell_id": 509, "risk_score": 0.2549, "severity_band": "green", "population_exposed": 2156, "dist_to_drain_km": 0.516, "dist_to_incident_km": 5.831, "rainfall_mm": 60.0}}, {"type": "Feature", "geometry": {"type": "Point", "coordinates": [78.423207, 17.359138]}, "properties": {"cell_id": 510, "risk_score": 0.4377, "severity_band": "red", "population_exposed": 2276, "dist_to_drain_km": 0.058, "dist_to_incident_km": 5.398, "rainfall_mm": 60.0}}, {"type": "Feature", "geometry": {"type": "Point", "coordinates": [78.427707, 17.359138]}, "properties": {"cell_id": 511, "risk_score": 0.3278, "severity_band": "red", "population_exposed": 2408, "dist_to_drain_km": 0.314, "dist_to_incident_km": 4.974, "rainfall_mm": 60.0}}, {"type": "Feature", "geometry": {"type": "Point", "coordinates": [78.432207, 17.359138]}, "properties": {"cell_id": 512, "risk_score": 0.2003, "severity_band": "green", "population_exposed": 2551, "dist_to_drain_km": 0.706, "dist_to_incident_km": 4.561, "rainfall_mm": 60.0}}, {"type": "Feature", "geometry": {"type": "Point", "coordinates": [78.436707, 17.359138]}, "properties": {"cell_id": 513, "risk_score": 0.1605, "severity_band": "green", "population_exposed": 2706, "dist_to_drain_km": 1.011, "dist_to_incident_km": 4.161, "rainfall_mm": 60.0}}, {"type": "Feature", "geometry": {"type": "Point", "coordinates": [78.441207, 17.359138]}, "properties": {"cell_id": 514, "risk_score": 0.2043, "severity_band": "green", "population_exposed": 2871, "dist_to_drain_km": 0.642, "dist_to_incident_km": 3.78, "rainfall_mm": 60.0}}, {"type": "Feature", "geometry": {"type": "Point", "coordinates": [78.445707, 17.359138]}, "properties": {"cell_id": 515, "risk_score": 0.3527, "severity_band": "yellow", "population_exposed": 3048, "dist_to_drain_km": 0.277, "dist_to_incident_km": 3.422, "rainfall_mm": 60.0}}, {"type": "Feature", "geometry": {"type": "Point", "coordinates": [78.450207, 17.359138]}, "properties": {"cell_id": 516, "risk_score": 0.4544, "severity_band": "yellow", "population_exposed": 3234, "dist_to_drain_km": 0.028, "dist_to_incident_km": 3.098, "rainfall_mm": 60.0}}, {"type": "Feature", "geometry": {"type": "Point", "coordinates": [78.454707, 17.359138]}, "properties": {"cell_id": 517, "risk_score": 0.3669, "severity_band": "yellow", "population_exposed": 3427, "dist_to_drain_km": 0.202, "dist_to_incident_km": 2.817, "rainfall_mm": 60.0}}, {"type": "Feature", "geometry": {"type": "Point", "coordinates": [78.459207, 17.359138]}, "properties": {"cell_id": 518, "risk_score": 0.2706, "severity_band": "yellow", "population_exposed": 3623, "dist_to_drain_km": 0.54, "dist_to_incident_km": 2.313, "rainfall_mm": 60.0}}, {"type": "Feature", "geometry": {"type": "Point", "coordinates": [78.463707, 17.359138]}, "properties": {"cell_id": 519, "risk_score": 0.221, "severity_band": "yellow", "population_exposed": 3818, "dist_to_drain_km": 0.848, "dist_to_incident_km": 1.849, "rainfall_mm": 60.0}}, {"type": "Feature", "geometry": {"type": "Point", "coordinates": [78.468207, 17.359138]}, "properties": {"cell_id": 520, "risk_score": 0.3657, "severity_band": "yellow", "population_exposed": 4002, "dist_to_drain_km": 0.373, "dist_to_incident_km": 1.395, "rainfall_mm": 60.0}}, {"type": "Feature", "geometry": {"type": "Point", "coordinates": [78.472707, 17.359138]}, "properties": {"cell_id": 521, "risk_score": 0.5196, "severity_band": "yellow", "population_exposed": 4166, "dist_to_drain_km": 0.094, "dist_to_incident_km": 0.965, "rainfall_mm": 60.0}}, {"type": "Feature", "geometry": {"type": "Point", "coordinates": [78.477207, 17.359138]}, "properties": {"cell_id": 522, "risk_score": 0.4387, "severity_band": "yellow", "population_exposed": 4297, "dist_to_drain_km": 0.569, "dist_to_incident_km": 0.608, "rainfall_mm": 60.0}}, {"type": "Feature", "geometry": {"type": "Point", "coordinates": [78.481707, 17.359138]}, "properties": {"cell_id": 523, "risk_score": 0.3844, "severity_band": "yellow", "population_exposed": 4381, "dist_to_drain_km": 0.868, "dist_to_incident_km": 0.515, "rainfall_mm": 60.0}}, {"type": "Feature", "geometry": {"type": "Point", "coordinates": [78.486207, 17.359138]}, "properties": {"cell_id": 524, "risk_score": 0.3716, "severity_band": "yellow", "population_exposed": 4410, "dist_to_drain_km": 0.442, "dist_to_incident_km": 0.785, "rainfall_mm": 60.0}}, {"type": "Feature", "geometry": {"type": "Point", "coordinates": [78.490707, 17.359138]}, "properties": {"cell_id": 525, "risk_score": 0.5455, "severity_band": "yellow", "population_exposed": 4377, "dist_to_drain_km": 0.014, "dist_to_incident_km": 1.193, "rainfall_mm": 60.0}}, {"type": "Feature", "geometry": {"type": "Point", "coordinates": [78.495207, 17.359138]}, "properties": {"cell_id": 526, "risk_score": 0.3062, "severity_band": "yellow", "population_exposed": 4286, "dist_to_drain_km": 0.402, "dist_to_incident_km": 1.683, "rainfall_mm": 60.0}}, {"type": "Feature", "geometry": {"type": "Point", "coordinates": [78.499707, 17.359138]}, "properties": {"cell_id": 527, "risk_score": 0.2431, "severity_band": "yellow", "population_exposed": 4146, "dist_to_drain_km": 0.729, "dist_to_incident_km": 1.616, "rainfall_mm": 60.0}}, {"type": "Feature", "geometry": {"type": "Point", "coordinates": [78.504207, 17.359138]}, "properties": {"cell_id": 528, "risk_score": 0.35, "severity_band": "yellow", "population_exposed": 3970, "dist_to_drain_km": 0.351, "dist_to_incident_km": 1.687, "rainfall_mm": 60.0}}, {"type": "Feature", "geometry": {"type": "Point", "coordinates": [78.508707, 17.359138]}, "properties": {"cell_id": 529, "risk_score": 0.3748, "severity_band": "yellow", "population_exposed": 3772, "dist_to_drain_km": 0.271, "dist_to_incident_km": 1.88, "rainfall_mm": 60.0}}, {"type": "Feature", "geometry": {"type": "Point", "coordinates": [78.513207, 17.359138]}, "properties": {"cell_id": 530, "risk_score": 0.2509, "severity_band": "yellow", "population_exposed": 3560, "dist_to_drain_km": 0.593, "dist_to_incident_km": 2.164, "rainfall_mm": 60.0}}, {"type": "Feature", "geometry": {"type": "Point", "coordinates": [78.517707, 17.359138]}, "properties": {"cell_id": 531, "risk_score": 0.2383, "severity_band": "yellow", "population_exposed": 3345, "dist_to_drain_km": 0.654, "dist_to_incident_km": 2.507, "rainfall_mm": 60.0}}, {"type": "Feature", "geometry": {"type": "Point", "coordinates": [78.522207, 17.359138]}, "properties": {"cell_id": 532, "risk_score": 0.359, "severity_band": "yellow", "population_exposed": 3132, "dist_to_drain_km": 0.223, "dist_to_incident_km": 2.888, "rainfall_mm": 60.0}}, {"type": "Feature", "geometry": {"type": "Point", "coordinates": [78.526707, 17.359138]}, "properties": {"cell_id": 533, "risk_score": 0.4078, "severity_band": "yellow", "population_exposed": 2925, "dist_to_drain_km": 0.124, "dist_to_incident_km": 2.774, "rainfall_mm": 60.0}}, {"type": "Feature", "geometry": {"type": "Point", "coordinates": [78.531207, 17.359138]}, "properties": {"cell_id": 534, "risk_score": 0.335, "severity_band": "yellow", "population_exposed": 2727, "dist_to_drain_km": 0.323, "dist_to_incident_km": 2.335, "rainfall_mm": 60.0}}, {"type": "Feature", "geometry": {"type": "Point", "coordinates": [78.535707, 17.359138]}, "properties": {"cell_id": 535, "risk_score": 0.2472, "severity_band": "green", "population_exposed": 2540, "dist_to_drain_km": 0.65, "dist_to_incident_km": 1.914, "rainfall_mm": 60.0}}, {"type": "Feature", "geometry": {"type": "Point", "coordinates": [78.540207, 17.359138]}, "properties": {"cell_id": 536, "risk_score": 0.2185, "severity_band": "green", "population_exposed": 2364, "dist_to_drain_km": 1.091, "dist_to_incident_km": 1.527, "rainfall_mm": 60.0}}, {"type": "Feature", "geometry": {"type": "Point", "coordinates": [78.544707, 17.359138]}, "properties": {"cell_id": 537, "risk_score": 0.253, "severity_band": "green", "population_exposed": 2200, "dist_to_drain_km": 1.553, "dist_to_incident_km": 1.207, "rainfall_mm": 60.0}}, {"type": "Feature", "geometry": {"type": "Point", "coordinates": [78.549207, 17.359138]}, "properties": {"cell_id": 538, "risk_score": 0.2824, "severity_band": "green", "population_exposed": 2047, "dist_to_drain_km": 1.204, "dist_to_incident_km": 1.018, "rainfall_mm": 60.0}}, {"type": "Feature", "geometry": {"type": "Point", "coordinates": [78.553707, 17.359138]}, "properties": {"cell_id": 539, "risk_score": 0.2976, "severity_band": "red", "population_exposed": 1906, "dist_to_drain_km": 0.885, "dist_to_incident_km": 1.036, "rainfall_mm": 60.0}}, {"type": "Feature", "geometry": {"type": "Point", "coordinates": [78.558207, 17.359138]}, "properties": {"cell_id": 540, "risk_score": 0.3231, "severity_band": "red", "population_exposed": 1775, "dist_to_drain_km": 0.655, "dist_to_incident_km": 1.251, "rainfall_mm": 60.0}}, {"type": "Feature", "geometry": {"type": "Point", "coordinates": [78.562707, 17.359138]}, "properties": {"cell_id": 541, "risk_score": 0.2523, "severity_band": "green", "population_exposed": 1655, "dist_to_drain_km": 0.629, "dist_to_incident_km": 1.586, "rainfall_mm": 60.0}}, {"type": "Feature", "geometry": {"type": "Point", "coordinates": [78.567207, 17.359138]}, "properties": {"cell_id": 542, "risk_score": 0.4153, "severity_band": "red", "population_exposed": 1544, "dist_to_drain_km": 0.171, "dist_to_incident_km": 1.98, "rainfall_mm": 60.0}}, {"type": "Feature", "geometry": {"type": "Point", "coordinates": [78.571707, 17.359138]}, "properties": {"cell_id": 543, "risk_score": 0.3321, "severity_band": "red", "population_exposed": 1442, "dist_to_drain_km": 0.342, "dist_to_incident_km": 2.405, "rainfall_mm": 60.0}}, {"type": "Feature", "geometry": {"type": "Point", "coordinates": [78.576207, 17.359138]}, "properties": {"cell_id": 544, "risk_score": 0.176, "severity_band": "green", "population_exposed": 1349, "dist_to_drain_km": 0.813, "dist_to_incident_km": 2.846, "rainfall_mm": 60.0}}, {"type": "Feature", "geometry": {"type": "Point", "coordinates": [78.580707, 17.359138]}, "properties": {"cell_id": 545, "risk_score": 0.1298, "severity_band": "green", "population_exposed": 1264, "dist_to_drain_km": 1.288, "dist_to_incident_km": 3.298, "rainfall_mm": 60.0}}, {"type": "Feature", "geometry": {"type": "Point", "coordinates": [78.409707, 17.363638]}, "properties": {"cell_id": 546, "risk_score": 0.4076, "severity_band": "red", "population_exposed": 2021, "dist_to_drain_km": 0.097, "dist_to_incident_km": 6.553, "rainfall_mm": 60.0}}, {"type": "Feature", "geometry": {"type": "Point", "coordinates": [78.414207, 17.363638]}, "properties": {"cell_id": 547, "risk_score": 0.2564, "severity_band": "green", "population_exposed": 2127, "dist_to_drain_km": 0.486, "dist_to_incident_km": 6.097, "rainfall_mm": 60.0}}, {"type": "Feature", "geometry": {"type": "Point", "coordinates": [78.418707, 17.363638]}, "properties": {"cell_id": 548, "risk_score": 0.2039, "severity_band": "green", "population_exposed": 2243, "dist_to_drain_km": 0.65, "dist_to_incident_km": 5.644, "rainfall_mm": 60.0}}, {"type": "Feature", "geometry": {"type": "Point", "coordinates": [78.423207, 17.363638]}, "properties": {"cell_id": 549, "risk_score": 0.3198, "severity_band": "red", "population_exposed": 2370, "dist_to_drain_km": 0.325, "dist_to_incident_km": 5.197, "rainfall_mm": 60.0}}, {"type": "Feature", "geometry": {"type": "Point", "coordinates": [78.427707, 17.363638]}, "properties": {"cell_id": 550, "risk_score": 0.4098, "severity_band": "red", "population_exposed": 2508, "dist_to_drain_km": 0.09, "dist_to_incident_km": 4.755, "rainfall_mm": 60.0}}, {"type": "Feature", "geometry": {"type": "Point", "coordinates": [78.432207, 17.363638]}, "properties": {"cell_id": 551, "risk_score": 0.23, "severity_band": "green", "population_exposed": 2660, "dist_to_drain_km": 0.554, "dist_to_incident_km": 4.32, "rainfall_mm": 60.0}}, {"type": "Feature", "geometry": {"type": "Point", "coordinates": [78.436707, 17.363638]}, "properties": {"cell_id": 552, "risk_score": 0.2034, "severity_band": "green", "population_exposed": 2826, "dist_to_drain_km": 0.676, "dist_to_incident_km": 3.896, "rainfall_mm": 60.0}}, {"type": "Feature", "geometry": {"type": "Point", "coordinates": [78.441207, 17.363638]}, "properties": {"cell_id": 553, "risk_score": 0.3194, "severity_band": "yellow", "population_exposed": 3006, "dist_to_drain_km": 0.328, "dist_to_incident_km": 3.486, "rainfall_mm": 60.0}}, {"type": "Feature", "geometry": {"type": "Point", "coordinates": [78.445707, 17.363638]}, "properties": {"cell_id": 554, "risk_score": 0.4544, "severity_band": "yellow", "population_exposed": 3200, "dist_to_drain_km": 0.027, "dist_to_incident_km": 3.095, "rainfall_mm": 60.0}}, {"type": "Feature", "geometry": {"type": "Point", "coordinates": [78.450207, 17.363638]}, "properties": {"cell_id": 555, "risk_score": 0.3203, "severity_band": "yellow", "population_exposed": 3407, "dist_to_drain_km": 0.335, "dist_to_incident_km": 2.731, "rainfall_mm": 60.0}}, {"type": "Feature", "geometry": {"type": "Point", "coordinates": [78.454707, 17.363638]}, "properties": {"cell_id": 556, "risk_score": 0.4709, "severity_band": "yellow", "population_exposed": 3625, "dist_to_drain_km": 0.054, "dist_to_incident_km": 2.408, "rainfall_mm": 60.0}}, {"type": "Feature", "geometry": {"type": "Point", "coordinates": [78.459207, 17.363638]}, "properties": {"cell_id": 557, "risk_score": 0.362, "severity_band": "yellow", "population_exposed": 3852, "dist_to_drain_km": 0.286, "dist_to_incident_km": 2.143, "rainfall_mm": 60.0}}, {"type": "Feature", "geometry": {"type": "Point", "coordinates": [78.463707, 17.363638]}, "properties": {"cell_id": 558, "risk_score": 0.294, "severity_band": "yellow", "population_exposed": 4082, "dist_to_drain_km": 0.508, "dist_to_incident_km": 1.781, "rainfall_mm": 60.0}}, {"type": "Feature", "geometry": {"type": "Point", "coordinates": [78.468207, 17.363638]}, "properties": {"cell_id": 559, "risk_score": 0.3119, "severity_band": "yellow", "population_exposed": 4305, "dist_to_drain_km": 0.603, "dist_to_incident_km": 1.303, "rainfall_mm": 60.0}}, {"type": "Feature", "geometry": {"type": "Point", "coordinates": [78.472707, 17.363638]}, "properties": {"cell_id": 560, "risk_score": 0.3599, "severity_band": "yellow", "population_exposed": 4510, "dist_to_drain_km": 0.533, "dist_to_incident_km": 0.826, "rainfall_mm": 60.0}}, {"type": "Feature", "geometry": {"type": "Point", "coordinates": [78.477207, 17.363638]}, "properties": {"cell_id": 561, "risk_score": 0.418, "severity_band": "yellow", "population_exposed": 4679, "dist_to_drain_km": 0.774, "dist_to_incident_km": 0.348, "rainfall_mm": 60.0}}, {"type": "Feature", "geometry": {"type": "Point", "coordinates": [78.481707, 17.363638]}, "properties": {"cell_id": 562, "risk_score": 0.4565, "severity_band": "yellow", "population_exposed": 4792, "dist_to_drain_km": 0.936, "dist_to_incident_km": 0.129, "rainfall_mm": 60.0}}, {"type": "Feature", "geometry": {"type": "Point", "coordinates": [78.486207, 17.363638]}, "properties": {"cell_id": 563, "risk_score": 0.4443, "severity_band": "yellow", "population_exposed": 4832, "dist_to_drain_km": 0.507, "dist_to_incident_km": 0.607, "rainfall_mm": 60.0}}, {"type": "Feature", "geometry": {"type": "Point", "coordinates": [78.490707, 17.363638]}, "properties": {"cell_id": 564, "risk_score": 0.5211, "severity_band": "yellow", "population_exposed": 4790, "dist_to_drain_km": 0.094, "dist_to_incident_km": 1.084, "rainfall_mm": 60.0}}, {"type": "Feature", "geometry": {"type": "Point", "coordinates": [78.495207, 17.363638]}, "properties": {"cell_id": 565, "risk_score": 0.422, "severity_band": "yellow", "population_exposed": 4672, "dist_to_drain_km": 0.351, "dist_to_incident_km": 1.211, "rainfall_mm": 60.0}}, {"type": "Feature", "geometry": {"type": "Point", "coordinates": [78.499707, 17.363638]}, "properties": {"cell_id": 566, "risk_score": 0.2815, "severity_band": "yellow", "population_exposed": 4494, "dist_to_drain_km": 0.82, "dist_to_incident_km": 1.116, "rainfall_mm": 60.0}}, {"type": "Feature", "geometry": {"type": "Point", "coordinates": [78.504207, 17.363638]}, "properties": {"cell_id": 567, "risk_score": 0.3188, "severity_band": "yellow", "population_exposed": 4276, "dist_to_drain_km": 0.808, "dist_to_incident_km": 1.216, "rainfall_mm": 60.0}}, {"type": "Feature", "geometry": {"type": "Point", "coordinates": [78.508707, 17.363638]}, "properties": {"cell_id": 568, "risk_score": 0.2572, "severity_band": "yellow", "population_exposed": 4034, "dist_to_drain_km": 0.766, "dist_to_incident_km": 1.473, "rainfall_mm": 60.0}}, {"type": "Feature", "geometry": {"type": "Point", "coordinates": [78.513207, 17.363638]}, "properties": {"cell_id": 569, "risk_score": 0.2193, "severity_band": "yellow", "population_exposed": 3785, "dist_to_drain_km": 0.933, "dist_to_incident_km": 1.821, "rainfall_mm": 60.0}}, {"type": "Feature", "geometry": {"type": "Point", "coordinates": [78.517707, 17.363638]}, "properties": {"cell_id": 570, "risk_score": 0.2061, "severity_band": "yellow", "population_exposed": 3536, "dist_to_drain_km": 0.873, "dist_to_incident_km": 2.218, "rainfall_mm": 60.0}}, {"type": "Feature", "geometry": {"type": "Point", "coordinates": [78.522207, 17.363638]}, "properties": {"cell_id": 571, "risk_score": 0.2412, "severity_band": "yellow", "population_exposed": 3294, "dist_to_drain_km": 0.567, "dist_to_incident_km": 2.641, "rainfall_mm": 60.0}}, {"type": "Feature", "geometry": {"type": "Point", "coordinates": [78.526707, 17.363638]}, "properties": {"cell_id": 572, "risk_score": 0.2236, "severity_band": "green", "population_exposed": 3063, "dist_to_drain_km": 0.577, "dist_to_incident_km": 2.991, "rainfall_mm": 60.0}}, {"type": "Feature", "geometry": {"type": "Point", "coordinates": [78.531207, 17.363638]}, "properties": {"cell_id": 573, "risk_score": 0.2575, "severity_band": "yellow", "population_exposed": 2845, "dist_to_drain_km": 0.575, "dist_to_incident_km": 2.588, "rainfall_mm": 60.0}}, {"type": "Feature", "geometry": {"type": "Point", "coordinates": [78.535707, 17.363638]}, "properties": {"cell_id": 574, "risk_score": 0.2112, "severity_band": "green", "population_exposed": 2640, "dist_to_drain_km": 0.833, "dist_to_incident_km": 2.216, "rainfall_mm": 60.0}}, {"type": "Feature", "geometry": {"type": "Point", "coordinates": [78.540207, 17.363638]}, "properties": {"cell_id": 575, "risk_score": 0.2094, "severity_band": "green", "population_exposed": 2450, "dist_to_drain_km": 1.23, "dist_to_incident_km": 1.892, "rainfall_mm": 60.0}}, {"type": "Feature", "geometry": {"type": "Point", "coordinates": [78.544707, 17.363638]}, "properties": {"cell_id": 576, "risk_score": 0.2152, "severity_band": "green", "population_exposed": 2274, "dist_to_drain_km": 1.207, "dist_to_incident_km": 1.645, "rainfall_mm": 60.0}}, {"type": "Feature", "geometry": {"type": "Point", "coordinates": [78.549207, 17.363638]}, "properties": {"cell_id": 577, "risk_score": 0.2123, "severity_band": "green", "population_exposed": 2110, "dist_to_drain_km": 1.28, "dist_to_incident_km": 1.512, "rainfall_mm": 60.0}}, {"type": "Feature", "geometry": {"type": "Point", "coordinates": [78.553707, 17.363638]}, "properties": {"cell_id": 578, "risk_score": 0.2119, "severity_band": "green", "population_exposed": 1960, "dist_to_drain_km": 1.305, "dist_to_incident_km": 1.524, "rainfall_mm": 60.0}}, {"type": "Feature", "geometry": {"type": "Point", "coordinates": [78.558207, 17.363638]}, "properties": {"cell_id": 579, "risk_score": 0.2251, "severity_band": "green", "population_exposed": 1822, "dist_to_drain_km": 0.836, "dist_to_incident_km": 1.678, "rainfall_mm": 60.0}}, {"type": "Feature", "geometry": {"type": "Point", "coordinates": [78.562707, 17.363638]}, "properties": {"cell_id": 580, "risk_score": 0.3459, "severity_band": "red", "population_exposed": 1696, "dist_to_drain_km": 0.37, "dist_to_incident_km": 1.94, "rainfall_mm": 60.0}}, {"type": "Feature", "geometry": {"type": "Point", "coordinates": [78.567207, 17.363638]}, "properties": {"cell_id": 581, "risk_score": 0.4758, "severity_band": "red", "population_exposed": 1579, "dist_to_drain_km": 0.048, "dist_to_incident_km": 2.274, "rainfall_mm": 60.0}}, {"type": "Feature", "geometry": {"type": "Point", "coordinates": [78.571707, 17.363638]}, "properties": {"cell_id": 582, "risk_score": 0.3212, "severity_band": "red", "population_exposed": 1473, "dist_to_drain_km": 0.328, "dist_to_incident_km": 2.652, "rainfall_mm": 60.0}}, {"type": "Feature", "geometry": {"type": "Point", "coordinates": [78.576207, 17.363638]}, "properties": {"cell_id": 583, "risk_score": 0.1961, "severity_band": "green", "population_exposed": 1376, "dist_to_drain_km": 0.724, "dist_to_incident_km": 3.058, "rainfall_mm": 60.0}}, {"type": "Feature", "geometry": {"type": "Point", "coordinates": [78.409707, 17.368138]}, "properties": {"cell_id": 584, "risk_score": 0.4322, "severity_band": "red", "population_exposed": 2099, "dist_to_drain_km": 0.065, "dist_to_incident_km": 6.379, "rainfall_mm": 60.0}}, {"type": "Feature", "geometry": {"type": "Point", "coordinates": [78.414207, 17.368138]}, "properties": {"cell_id": 585, "risk_score": 0.3533, "severity_band": "red", "population_exposed": 2207, "dist_to_drain_km": 0.271, "dist_to_incident_km": 6.153, "rainfall_mm": 60.0}}, {"type": "Feature", "geometry": {"type": "Point", "coordinates": [78.418707, 17.368138]}, "properties": {"cell_id": 586, "risk_score": 0.319, "severity_band": "red", "population_exposed": 2326, "dist_to_drain_km": 0.33, "dist_to_incident_km": 5.498, "rainfall_mm": 60.0}}, {"type": "Feature", "geometry": {"type": "Point", "coordinates": [78.423207, 17.368138]}, "properties": {"cell_id": 587, "risk_score": 0.3189, "severity_band": "red", "population_exposed": 2457, "dist_to_drain_km": 0.375, "dist_to_incident_km": 5.037, "rainfall_mm": 60.0}}, {"type": "Feature", "geometry": {"type": "Point", "coordinates": [78.427707, 17.368138]}, "properties": {"cell_id": 588, "risk_score": 0.2718, "severity_band": "green", "population_exposed": 2602, "dist_to_drain_km": 0.406, "dist_to_incident_km": 4.58, "rainfall_mm": 60.0}}, {"type": "Feature", "geometry": {"type": "Point", "coordinates": [78.432207, 17.368138]}, "properties": {"cell_id": 589, "risk_score": 0.2143, "severity_band": "green", "population_exposed": 2762, "dist_to_drain_km": 0.589, "dist_to_incident_km": 4.127, "rainfall_mm": 60.0}}, {"type": "Feature", "geometry": {"type": "Point", "coordinates": [78.436707, 17.368138]}, "properties": {"cell_id": 590, "risk_score": 0.3193, "severity_band": "yellow", "population_exposed": 2937, "dist_to_drain_km": 0.379, "dist_to_incident_km": 3.68, "rainfall_mm": 60.0}}, {"type": "Feature", "geometry": {"type": "Point", "coordinates": [78.441207, 17.368138]}, "properties": {"cell_id": 591, "risk_score": 0.4544, "severity_band": "yellow", "population_exposed": 3129, "dist_to_drain_km": 0.004, "dist_to_incident_km": 3.243, "rainfall_mm": 60.0}}, {"type": "Feature", "geometry": {"type": "Point", "coordinates": [78.445707, 17.368138]}, "properties": {"cell_id": 592, "risk_score": 0.3564, "severity_band": "yellow", "population_exposed": 3339, "dist_to_drain_km": 0.244, "dist_to_incident_km": 2.818, "rainfall_mm": 60.0}}, {"type": "Feature", "geometry": {"type": "Point", "coordinates": [78.450207, 17.368138]}, "properties": {"cell_id": 593, "risk_score": 0.2415, "severity_band": "yellow", "population_exposed": 3566, "dist_to_drain_km": 0.655, "dist_to_incident_km": 2.414, "rainfall_mm": 60.0}}, {"type": "Feature", "geometry": {"type": "Point", "coordinates": [78.454707, 17.368138]}, "properties": {"cell_id": 594, "risk_score": 0.3646, "severity_band": "yellow", "population_exposed": 3810, "dist_to_drain_km": 0.288, "dist_to_incident_km": 2.041, "rainfall_mm": 60.0}}, {"type": "Feature", "geometry": {"type": "Point", "coordinates": [78.459207, 17.368138]}, "properties": {"cell_id": 595, "risk_score": 0.4874, "severity_band": "yellow", "population_exposed": 4068, "dist_to_drain_km": 0.024, "dist_to_incident_km": 1.72, "rainfall_mm": 60.0}}, {"type": "Feature", "geometry": {"type": "Point", "coordinates": [78.463707, 17.368138]}, "properties": {"cell_id": 596, "risk_score": 0.5033, "severity_band": "yellow", "population_exposed": 4337, "dist_to_drain_km": 0.052, "dist_to_incident_km": 1.487, "rainfall_mm": 60.0}}, {"type": "Feature", "geometry": {"type": "Point", "coordinates": [78.468207, 17.368138]}, "properties": {"cell_id": 597, "risk_score": 0.4851, "severity_band": "yellow", "population_exposed": 4606, "dist_to_drain_km": 0.109, "dist_to_incident_km": 1.385, "rainfall_mm": 60.0}}, {"type": "Feature", "geometry": {"type": "Point", "coordinates": [78.472707, 17.368138]}, "properties": {"cell_id": 598, "risk_score": 0.4497, "severity_band": "yellow", "population_exposed": 4863, "dist_to_drain_km": 0.246, "dist_to_incident_km": 0.967, "rainfall_mm": 60.0}}, {"type": "Feature", "geometry": {"type": "Point", "coordinates": [78.477207, 17.368138]}, "properties": {"cell_id": 599, "risk_score": 0.4969, "severity_band": "yellow", "population_exposed": 5084, "dist_to_drain_km": 0.345, "dist_to_incident_km": 0.611, "rainfall_mm": 60.0}}, {"type": "Feature", "geometry": {"type": "Point", "coordinates": [78.481707, 17.368138]}, "properties": {"cell_id": 600, "risk_score": 0.4466, "severity_band": "yellow", "population_exposed": 5240, "dist_to_drain_km": 0.499, "dist_to_incident_km": 0.519, "rainfall_mm": 60.0}}, {"type": "Feature", "geometry": {"type": "Point", "coordinates": [78.486207, 17.368138]}, "properties": {"cell_id": 601, "risk_score": 0.4452, "severity_band": "yellow", "population_exposed": 5298, "dist_to_drain_km": 0.373, "dist_to_incident_km": 0.788, "rainfall_mm": 60.0}}, {"type": "Feature", "geometry": {"type": "Point", "coordinates": [78.490707, 17.368138]}, "properties": {"cell_id": 602, "risk_score": 0.5165, "severity_band": "yellow", "population_exposed": 5242, "dist_to_drain_km": 0.107, "dist_to_incident_km": 1.131, "rainfall_mm": 60.0}}, {"type": "Feature", "geometry": {"type": "Point", "coordinates": [78.495207, 17.368138]}, "properties": {"cell_id": 603, "risk_score": 0.3765, "severity_band": "yellow", "population_exposed": 5084, "dist_to_drain_km": 0.501, "dist_to_incident_km": 0.775, "rainfall_mm": 60.0}}, {"type": "Feature", "geometry": {"type": "Point", "coordinates": [78.499707, 17.368138]}, "properties": {"cell_id": 604, "risk_score": 0.3288, "severity_band": "yellow", "population_exposed": 4853, "dist_to_drain_km": 0.886, "dist_to_incident_km": 0.615, "rainfall_mm": 60.0}}, {"type": "Feature", "geometry": {"type": "Point", "coordinates": [78.504207, 17.368138]}, "properties": {"cell_id": 605, "risk_score": 0.2893, "severity_band": "yellow", "population_exposed": 4580, "dist_to_drain_km": 1.297, "dist_to_incident_km": 0.783, "rainfall_mm": 60.0}}, {"type": "Feature", "geometry": {"type": "Point", "coordinates": [78.508707, 17.368138]}, "properties": {"cell_id": 606, "risk_score": 0.253, "severity_band": "yellow", "population_exposed": 4289, "dist_to_drain_km": 1.263, "dist_to_incident_km": 1.141, "rainfall_mm": 60.0}}, {"type": "Feature", "geometry": {"type": "Point", "coordinates": [78.513207, 17.368138]}, "properties": {"cell_id": 607, "risk_score": 0.2123, "severity_band": "yellow", "population_exposed": 3997, "dist_to_drain_km": 1.257, "dist_to_incident_km": 1.565, "rainfall_mm": 60.0}}, {"type": "Feature", "geometry": {"type": "Point", "coordinates": [78.517707, 17.368138]}, "properties": {"cell_id": 608, "risk_score": 0.2078, "severity_band": "yellow", "population_exposed": 3713, "dist_to_drain_km": 1.038, "dist_to_incident_km": 2.013, "rainfall_mm": 60.0}}, {"type": "Feature", "geometry": {"type": "Point", "coordinates": [78.522207, 17.368138]}, "properties": {"cell_id": 609, "risk_score": 0.2261, "severity_band": "yellow", "population_exposed": 3442, "dist_to_drain_km": 0.798, "dist_to_incident_km": 2.472, "rainfall_mm": 60.0}}, {"type": "Feature", "geometry": {"type": "Point", "coordinates": [78.526707, 17.368138]}, "properties": {"cell_id": 610, "risk_score": 0.3203, "severity_band": "yellow", "population_exposed": 3187, "dist_to_drain_km": 0.328, "dist_to_incident_km": 2.937, "rainfall_mm": 60.0}}, {"type": "Feature", "geometry": {"type": "Point", "coordinates": [78.531207, 17.368138]}, "properties": {"cell_id": 611, "risk_score": 0.3988, "severity_band": "yellow", "population_exposed": 2949, "dist_to_drain_km": 0.153, "dist_to_incident_km": 2.907, "rainfall_mm": 60.0}}, {"type": "Feature", "geometry": {"type": "Point", "coordinates": [78.535707, 17.368138]}, "properties": {"cell_id": 612, "risk_score": 0.2376, "severity_band": "green", "population_exposed": 2728, "dist_to_drain_km": 0.622, "dist_to_incident_km": 2.581, "rainfall_mm": 60.0}}, {"type": "Feature", "geometry": {"type": "Point", "coordinates": [78.540207, 17.368138]}, "properties": {"cell_id": 613, "risk_score": 0.1949, "severity_band": "green", "population_exposed": 2525, "dist_to_drain_km": 0.879, "dist_to_incident_km": 2.309, "rainfall_mm": 60.0}}, {"type": "Feature", "geometry": {"type": "Point", "coordinates": [78.544707, 17.368138]}, "properties": {"cell_id": 614, "risk_score": 0.2421, "severity_band": "green", "population_exposed": 2337, "dist_to_drain_km": 0.707, "dist_to_incident_km": 2.111, "rainfall_mm": 60.0}}, {"type": "Feature", "geometry": {"type": "Point", "coordinates": [78.549207, 17.368138]}, "properties": {"cell_id": 615, "risk_score": 0.2187, "severity_band": "green", "population_exposed": 2165, "dist_to_drain_km": 0.825, "dist_to_incident_km": 2.009, "rainfall_mm": 60.0}}, {"type": "Feature", "geometry": {"type": "Point", "coordinates": [78.553707, 17.368138]}, "properties": {"cell_id": 616, "risk_score": 0.2033, "severity_band": "green", "population_exposed": 2007, "dist_to_drain_km": 1.148, "dist_to_incident_km": 2.018, "rainfall_mm": 60.0}}, {"type": "Feature", "geometry": {"type": "Point", "coordinates": [78.558207, 17.368138]}, "properties": {"cell_id": 617, "risk_score": 0.2336, "severity_band": "green", "population_exposed": 1862, "dist_to_drain_km": 0.774, "dist_to_incident_km": 2.137, "rainfall_mm": 60.0}}, {"type": "Feature", "geometry": {"type": "Point", "coordinates": [78.562707, 17.368138]}, "properties": {"cell_id": 618, "risk_score": 0.3461, "severity_band": "red", "population_exposed": 1730, "dist_to_drain_km": 0.302, "dist_to_incident_km": 2.348, "rainfall_mm": 60.0}}, {"type": "Feature", "geometry": {"type": "Point", "coordinates": [78.567207, 17.368138]}, "properties": {"cell_id": 619, "risk_score": 0.4402, "severity_band": "red", "population_exposed": 1609, "dist_to_drain_km": 0.077, "dist_to_incident_km": 2.631, "rainfall_mm": 60.0}}, {"type": "Feature", "geometry": {"type": "Point", "coordinates": [78.571707, 17.368138]}, "properties": {"cell_id": 620, "risk_score": 0.3377, "severity_band": "red", "population_exposed": 1499, "dist_to_drain_km": 0.298, "dist_to_incident_km": 2.963, "rainfall_mm": 60.0}}, {"type": "Feature", "geometry": {"type": "Point", "coordinates": [78.576207, 17.368138]}, "properties": {"cell_id": 621, "risk_score": 0.1961, "severity_band": "green", "population_exposed": 1398, "dist_to_drain_km": 0.717, "dist_to_incident_km": 3.332, "rainfall_mm": 60.0}}, {"type": "Feature", "geometry": {"type": "Point", "coordinates": [78.387207, 17.372638]}, "properties": {"cell_id": 622, "risk_score": 0.3869, "severity_band": "red", "population_exposed": 1756, "dist_to_drain_km": 0.153, "dist_to_incident_km": 6.919, "rainfall_mm": 60.0}}, {"type": "Feature", "geometry": {"type": "Point", "coordinates": [78.391707, 17.372638]}, "properties": {"cell_id": 623, "risk_score": 0.357, "severity_band": "red", "population_exposed": 1828, "dist_to_drain_km": 0.234, "dist_to_incident_km": 6.765, "rainfall_mm": 60.0}}, {"type": "Feature", "geometry": {"type": "Point", "coordinates": [78.396207, 17.372638]}, "properties": {"cell_id": 624, "risk_score": 0.3695, "severity_band": "red", "population_exposed": 1904, "dist_to_drain_km": 0.191, "dist_to_incident_km": 6.642, "rainfall_mm": 60.0}}, {"type": "Feature", "geometry": {"type": "Point", "coordinates": [78.409707, 17.372638]}, "properties": {"cell_id": 625, "risk_score": 0.4429, "severity_band": "red", "population_exposed": 2176, "dist_to_drain_km": 0.039, "dist_to_incident_km": 5.952, "rainfall_mm": 60.0}}, {"type": "Feature", "geometry": {"type": "Point", "coordinates": [78.414207, 17.372638]}, "properties": {"cell_id": 626, "risk_score": 0.4419, "severity_band": "red", "population_exposed": 2284, "dist_to_drain_km": 0.044, "dist_to_incident_km": 5.709, "rainfall_mm": 60.0}}, {"type": "Feature", "geometry": {"type": "Point", "coordinates": [78.418707, 17.372638]}, "properties": {"cell_id": 627, "risk_score": 0.3918, "severity_band": "red", "population_exposed": 2405, "dist_to_drain_km": 0.133, "dist_to_incident_km": 5.497, "rainfall_mm": 60.0}}, {"type": "Feature", "geometry": {"type": "Point", "coordinates": [78.423207, 17.372638]}, "properties": {"cell_id": 628, "risk_score": 0.4344, "severity_band": "red", "population_exposed": 2538, "dist_to_drain_km": 0.062, "dist_to_incident_km": 4.923, "rainfall_mm": 60.0}}, {"type": "Feature", "geometry": {"type": "Point", "coordinates": [78.427707, 17.372638]}, "properties": {"cell_id": 629, "risk_score": 0.4432, "severity_band": "red", "population_exposed": 2687, "dist_to_drain_km": 0.045, "dist_to_incident_km": 4.454, "rainfall_mm": 60.0}}, {"type": "Feature", "geometry": {"type": "Point", "coordinates": [78.432207, 17.372638]}, "properties": {"cell_id": 630, "risk_score": 0.3869, "severity_band": "yellow", "population_exposed": 2852, "dist_to_drain_km": 0.144, "dist_to_incident_km": 3.987, "rainfall_mm": 60.0}}, {"type": "Feature", "geometry": {"type": "Point", "coordinates": [78.436707, 17.372638]}, "properties": {"cell_id": 631, "risk_score": 0.4461, "severity_band": "yellow", "population_exposed": 3035, "dist_to_drain_km": 0.049, "dist_to_incident_km": 3.523, "rainfall_mm": 60.0}}, {"type": "Feature", "geometry": {"type": "Point", "coordinates": [78.441207, 17.372638]}, "properties": {"cell_id": 632, "risk_score": 0.358, "severity_band": "yellow", "population_exposed": 3237, "dist_to_drain_km": 0.23, "dist_to_incident_km": 3.063, "rainfall_mm": 60.0}}, {"type": "Feature", "geometry": {"type": "Point", "coordinates": [78.445707, 17.372638]}, "properties": {"cell_id": 633, "risk_score": 0.2424, "severity_band": "yellow", "population_exposed": 3460, "dist_to_drain_km": 0.591, "dist_to_incident_km": 2.609, "rainfall_mm": 60.0}}, {"type": "Feature", "geometry": {"type": "Point", "coordinates": [78.450207, 17.372638]}, "properties": {"cell_id": 634, "risk_score": 0.2074, "severity_band": "yellow", "population_exposed": 3705, "dist_to_drain_km": 0.932, "dist_to_incident_km": 2.166, "rainfall_mm": 60.0}}, {"type": "Feature", "geometry": {"type": "Point", "coordinates": [78.454707, 17.372638]}, "properties": {"cell_id": 635, "risk_score": 0.2497, "severity_band": "yellow", "population_exposed": 3972, "dist_to_drain_km": 0.641, "dist_to_incident_km": 1.741, "rainfall_mm": 60.0}}, {"type": "Feature", "geometry": {"type": "Point", "coordinates": [78.459207, 17.372638]}, "properties": {"cell_id": 636, "risk_score": 0.3265, "severity_band": "yellow", "population_exposed": 4260, "dist_to_drain_km": 0.499, "dist_to_incident_km": 1.351, "rainfall_mm": 60.0}}, {"type": "Feature", "geometry": {"type": "Point", "coordinates": [78.463707, 17.372638]}, "properties": {"cell_id": 637, "risk_score": 0.5141, "severity_band": "yellow", "population_exposed": 4568, "dist_to_drain_km": 0.124, "dist_to_incident_km": 1.038, "rainfall_mm": 60.0}}, {"type": "Feature", "geometry": {"type": "Point", "coordinates": [78.468207, 17.372638]}, "properties": {"cell_id": 638, "risk_score": 0.4452, "severity_band": "yellow", "population_exposed": 4887, "dist_to_drain_km": 0.29, "dist_to_incident_km": 0.885, "rainfall_mm": 60.0}}, {"type": "Feature", "geometry": {"type": "Point", "coordinates": [78.472707, 17.372638]}, "properties": {"cell_id": 639, "risk_score": 0.4464, "severity_band": "yellow", "population_exposed": 5207, "dist_to_drain_km": 0.254, "dist_to_incident_km": 0.973, "rainfall_mm": 60.0}}, {"type": "Feature", "geometry": {"type": "Point", "coordinates": [78.477207, 17.372638]}, "properties": {"cell_id": 640, "risk_score": 0.5048, "severity_band": "yellow", "population_exposed": 5500, "dist_to_drain_km": 0.126, "dist_to_incident_km": 1.062, "rainfall_mm": 60.0}}, {"type": "Feature", "geometry": {"type": "Point", "coordinates": [78.481707, 17.372638]}, "properties": {"cell_id": 641, "risk_score": 0.5391, "severity_band": "yellow", "population_exposed": 5722, "dist_to_drain_km": 0.066, "dist_to_incident_km": 1.011, "rainfall_mm": 60.0}}, {"type": "Feature", "geometry": {"type": "Point", "coordinates": [78.486207, 17.372638]}, "properties": {"cell_id": 642, "risk_score": 0.3773, "severity_band": "yellow", "population_exposed": 5812, "dist_to_drain_km": 0.409, "dist_to_incident_km": 1.172, "rainfall_mm": 60.0}}, {"type": "Feature", "geometry": {"type": "Point", "coordinates": [78.490707, 17.372638]}, "properties": {"cell_id": 643, "risk_score": 0.4899, "severity_band": "yellow", "population_exposed": 5734, "dist_to_drain_km": 0.15, "dist_to_incident_km": 0.956, "rainfall_mm": 60.0}}, {"type": "Feature", "geometry": {"type": "Point", "coordinates": [78.495207, 17.372638]}, "properties": {"cell_id": 644, "risk_score": 0.5473, "severity_band": "yellow", "population_exposed": 5512, "dist_to_drain_km": 0.211, "dist_to_incident_km": 0.485, "rainfall_mm": 60.0}}, {"type": "Feature", "geometry": {"type": "Point", "coordinates": [78.499707, 17.372638]}, "properties": {"cell_id": 645, "risk_score": 0.539, "severity_band": "yellow", "population_exposed": 5206, "dist_to_drain_km": 0.599, "dist_to_incident_km": 0.115, "rainfall_mm": 60.0}}, {"type": "Feature", "geometry": {"type": "Point", "coordinates": [78.504207, 17.372638]}, "properties": {"cell_id": 646, "risk_score": 0.3783, "severity_band": "yellow", "population_exposed": 4865, "dist_to_drain_km": 1.03, "dist_to_incident_km": 0.497, "rainfall_mm": 60.0}}, {"type": "Feature", "geometry": {"type": "Point", "coordinates": [78.508707, 17.372638]}, "properties": {"cell_id": 647, "risk_score": 0.2919, "severity_band": "yellow", "population_exposed": 4519, "dist_to_drain_km": 1.145, "dist_to_incident_km": 0.968, "rainfall_mm": 60.0}}, {"type": "Feature", "geometry": {"type": "Point", "coordinates": [78.513207, 17.372638]}, "properties": {"cell_id": 648, "risk_score": 0.231, "severity_band": "yellow", "population_exposed": 4183, "dist_to_drain_km": 0.842, "dist_to_incident_km": 1.443, "rainfall_mm": 60.0}}, {"type": "Feature", "geometry": {"type": "Point", "coordinates": [78.517707, 17.372638]}, "properties": {"cell_id": 649, "risk_score": 0.2687, "severity_band": "yellow", "population_exposed": 3864, "dist_to_drain_km": 0.577, "dist_to_incident_km": 1.92, "rainfall_mm": 60.0}}, {"type": "Feature", "geometry": {"type": "Point", "coordinates": [78.522207, 17.372638]}, "properties": {"cell_id": 650, "risk_score": 0.2898, "severity_band": "yellow", "population_exposed": 3566, "dist_to_drain_km": 0.429, "dist_to_incident_km": 2.397, "rainfall_mm": 60.0}}, {"type": "Feature", "geometry": {"type": "Point", "coordinates": [78.526707, 17.372638]}, "properties": {"cell_id": 651, "risk_score": 0.3262, "severity_band": "yellow", "population_exposed": 3290, "dist_to_drain_km": 0.316, "dist_to_incident_km": 2.874, "rainfall_mm": 60.0}}, {"type": "Feature", "geometry": {"type": "Point", "coordinates": [78.531207, 17.372638]}, "properties": {"cell_id": 652, "risk_score": 0.4534, "severity_band": "yellow", "population_exposed": 3035, "dist_to_drain_km": 0.02, "dist_to_incident_km": 3.271, "rainfall_mm": 60.0}}, {"type": "Feature", "geometry": {"type": "Point", "coordinates": [78.535707, 17.372638]}, "properties": {"cell_id": 653, "risk_score": 0.2722, "severity_band": "yellow", "population_exposed": 2800, "dist_to_drain_km": 0.408, "dist_to_incident_km": 2.985, "rainfall_mm": 60.0}}, {"type": "Feature", "geometry": {"type": "Point", "coordinates": [78.540207, 17.372638]}, "properties": {"cell_id": 654, "risk_score": 0.2331, "severity_band": "green", "population_exposed": 2586, "dist_to_drain_km": 0.552, "dist_to_incident_km": 2.753, "rainfall_mm": 60.0}}, {"type": "Feature", "geometry": {"type": "Point", "coordinates": [78.544707, 17.372638]}, "properties": {"cell_id": 655, "risk_score": 0.3664, "severity_band": "red", "population_exposed": 2389, "dist_to_drain_km": 0.211, "dist_to_incident_km": 2.59, "rainfall_mm": 60.0}}, {"type": "Feature", "geometry": {"type": "Point", "coordinates": [78.549207, 17.372638]}, "properties": {"cell_id": 656, "risk_score": 0.2875, "severity_band": "green", "population_exposed": 2209, "dist_to_drain_km": 0.475, "dist_to_incident_km": 2.507, "rainfall_mm": 60.0}}, {"type": "Feature", "geometry": {"type": "Point", "coordinates": [78.553707, 17.372638]}, "properties": {"cell_id": 657, "risk_score": 0.1938, "severity_band": "green", "population_exposed": 2044, "dist_to_drain_km": 0.859, "dist_to_incident_km": 2.515, "rainfall_mm": 60.0}}, {"type": "Feature", "geometry": {"type": "Point", "coordinates": [78.558207, 17.372638]}, "properties": {"cell_id": 658, "risk_score": 0.2293, "severity_band": "green", "population_exposed": 1894, "dist_to_drain_km": 0.591, "dist_to_incident_km": 2.611, "rainfall_mm": 60.0}}, {"type": "Feature", "geometry": {"type": "Point", "coordinates": [78.562707, 17.372638]}, "properties": {"cell_id": 659, "risk_score": 0.3564, "severity_band": "red", "population_exposed": 1758, "dist_to_drain_km": 0.249, "dist_to_incident_km": 2.787, "rainfall_mm": 60.0}}, {"type": "Feature", "geometry": {"type": "Point", "coordinates": [78.567207, 17.372638]}, "properties": {"cell_id": 660, "risk_score": 0.3564, "severity_band": "red", "population_exposed": 1633, "dist_to_drain_km": 0.245, "dist_to_incident_km": 3.028, "rainfall_mm": 60.0}}, {"type": "Feature", "geometry": {"type": "Point", "coordinates": [78.571707, 17.372638]}, "properties": {"cell_id": 661, "risk_score": 0.1961, "severity_band": "green", "population_exposed": 1520, "dist_to_drain_km": 0.734, "dist_to_incident_km": 3.321, "rainfall_mm": 60.0}}, {"type": "Feature", "geometry": {"type": "Point", "coordinates": [78.576207, 17.372638]}, "properties": {"cell_id": 662, "risk_score": 0.2299, "severity_band": "green", "population_exposed": 1416, "dist_to_drain_km": 0.56, "dist_to_incident_km": 3.681, "rainfall_mm": 60.0}}, {"type": "Feature", "geometry": {"type": "Point", "coordinates": [78.580707, 17.372638]}, "properties": {"cell_id": 663, "risk_score": 0.4058, "severity_band": "red", "population_exposed": 1322, "dist_to_drain_km": 0.115, "dist_to_incident_km": 3.911, "rainfall_mm": 60.0}}, {"type": "Feature", "geometry": {"type": "Point", "coordinates": [78.378207, 17.377138]}, "properties": {"cell_id": 664, "risk_score": 0.3189, "severity_band": "red", "population_exposed": 1702, "dist_to_drain_km": 0.371, "dist_to_incident_km": 6.873, "rainfall_mm": 60.0}}, {"type": "Feature", "geometry": {"type": "Point", "coordinates": [78.382707, 17.377138]}, "properties": {"cell_id": 665, "risk_score": 0.2564, "severity_band": "green", "population_exposed": 1768, "dist_to_drain_km": 0.453, "dist_to_incident_km": 6.65, "rainfall_mm": 60.0}}, {"type": "Feature", "geometry": {"type": "Point", "coordinates": [78.387207, 17.377138]}, "properties": {"cell_id": 666, "risk_score": 0.2143, "severity_band": "green", "population_exposed": 1836, "dist_to_drain_km": 0.591, "dist_to_incident_km": 6.454, "rainfall_mm": 60.0}}, {"type": "Feature", "geometry": {"type": "Point", "coordinates": [78.391707, 17.377138]}, "properties": {"cell_id": 667, "risk_score": 0.1999, "severity_band": "green", "population_exposed": 1908, "dist_to_drain_km": 0.707, "dist_to_incident_km": 6.288, "rainfall_mm": 60.0}}, {"type": "Feature", "geometry": {"type": "Point", "coordinates": [78.396207, 17.377138]}, "properties": {"cell_id": 668, "risk_score": 0.2386, "severity_band": "green", "population_exposed": 1984, "dist_to_drain_km": 0.531, "dist_to_incident_km": 6.155, "rainfall_mm": 60.0}}, {"type": "Feature", "geometry": {"type": "Point", "coordinates": [78.400707, 17.377138]}, "properties": {"cell_id": 669, "risk_score": 0.2564, "severity_band": "green", "population_exposed": 2065, "dist_to_drain_km": 0.442, "dist_to_incident_km": 6.057, "rainfall_mm": 60.0}}, {"type": "Feature", "geometry": {"type": "Point", "coordinates": [78.405207, 17.377138]}, "properties": {"cell_id": 670, "risk_score": 0.2396, "severity_band": "green", "population_exposed": 2153, "dist_to_drain_km": 0.526, "dist_to_incident_km": 5.826, "rainfall_mm": 60.0}}, {"type": "Feature", "geometry": {"type": "Point", "coordinates": [78.409707, 17.377138]}, "properties": {"cell_id": 671, "risk_score": 0.2376, "severity_band": "green", "population_exposed": 2250, "dist_to_drain_km": 0.538, "dist_to_incident_km": 5.537, "rainfall_mm": 60.0}}, {"type": "Feature", "geometry": {"type": "Point", "coordinates": [78.414207, 17.377138]}, "properties": {"cell_id": 672, "risk_score": 0.4322, "severity_band": "red", "population_exposed": 2358, "dist_to_drain_km": 0.066, "dist_to_incident_km": 5.275, "rainfall_mm": 60.0}}, {"type": "Feature", "geometry": {"type": "Point", "coordinates": [78.418707, 17.377138]}, "properties": {"cell_id": 673, "risk_score": 0.3445, "severity_band": "red", "population_exposed": 2478, "dist_to_drain_km": 0.294, "dist_to_incident_km": 5.044, "rainfall_mm": 60.0}}, {"type": "Feature", "geometry": {"type": "Point", "coordinates": [78.423207, 17.377138]}, "properties": {"cell_id": 674, "risk_score": 0.2313, "severity_band": "green", "population_exposed": 2612, "dist_to_drain_km": 0.545, "dist_to_incident_km": 4.85, "rainfall_mm": 60.0}}, {"type": "Feature", "geometry": {"type": "Point", "coordinates": [78.427707, 17.377138]}, "properties": {"cell_id": 675, "risk_score": 0.2564, "severity_band": "green", "population_exposed": 2762, "dist_to_drain_km": 0.447, "dist_to_incident_km": 4.382, "rainfall_mm": 60.0}}, {"type": "Feature", "geometry": {"type": "Point", "coordinates": [78.432207, 17.377138]}, "properties": {"cell_id": 676, "risk_score": 0.3527, "severity_band": "yellow", "population_exposed": 2929, "dist_to_drain_km": 0.278, "dist_to_incident_km": 3.907, "rainfall_mm": 60.0}}, {"type": "Feature", "geometry": {"type": "Point", "coordinates": [78.436707, 17.377138]}, "properties": {"cell_id": 677, "risk_score": 0.3193, "severity_band": "yellow", "population_exposed": 3116, "dist_to_drain_km": 0.368, "dist_to_incident_km": 3.432, "rainfall_mm": 60.0}}, {"type": "Feature", "geometry": {"type": "Point", "coordinates": [78.441207, 17.377138]}, "properties": {"cell_id": 678, "risk_score": 0.2163, "severity_band": "yellow", "population_exposed": 3325, "dist_to_drain_km": 0.585, "dist_to_incident_km": 2.958, "rainfall_mm": 60.0}}, {"type": "Feature", "geometry": {"type": "Point", "coordinates": [78.445707, 17.377138]}, "properties": {"cell_id": 679, "risk_score": 0.1926, "severity_band": "yellow", "population_exposed": 3557, "dist_to_drain_km": 0.923, "dist_to_incident_km": 2.485, "rainfall_mm": 60.0}}, {"type": "Feature", "geometry": {"type": "Point", "coordinates": [78.450207, 17.377138]}, "properties": {"cell_id": 680, "risk_score": 0.1982, "severity_band": "yellow", "population_exposed": 3815, "dist_to_drain_km": 1.264, "dist_to_incident_km": 2.015, "rainfall_mm": 60.0}}, {"type": "Feature", "geometry": {"type": "Point", "coordinates": [78.454707, 17.377138]}, "properties": {"cell_id": 681, "risk_score": 0.2185, "severity_band": "yellow", "population_exposed": 4100, "dist_to_drain_km": 1.098, "dist_to_incident_km": 1.548, "rainfall_mm": 60.0}}, {"type": "Feature", "geometry": {"type": "Point", "coordinates": [78.459207, 17.377138]}, "properties": {"cell_id": 682, "risk_score": 0.3054, "severity_band": "yellow", "population_exposed": 4413, "dist_to_drain_km": 0.813, "dist_to_incident_km": 1.092, "rainfall_mm": 60.0}}, {"type": "Feature", "geometry": {"type": "Point", "coordinates": [78.463707, 17.377138]}, "properties": {"cell_id": 683, "risk_score": 0.3688, "severity_band": "yellow", "population_exposed": 4754, "dist_to_drain_km": 0.611, "dist_to_incident_km": 0.666, "rainfall_mm": 60.0}}, {"type": "Feature", "geometry": {"type": "Point", "coordinates": [78.468207, 17.377138]}, "properties": {"cell_id": 684, "risk_score": 0.4158, "severity_band": "yellow", "population_exposed": 5122, "dist_to_drain_km": 0.736, "dist_to_incident_km": 0.388, "rainfall_mm": 60.0}}, {"type": "Feature", "geometry": {"type": "Point", "coordinates": [78.472707, 17.377138]}, "properties": {"cell_id": 685, "risk_score": 0.3914, "severity_band": "yellow", "population_exposed": 5508, "dist_to_drain_km": 0.741, "dist_to_incident_km": 0.56, "rainfall_mm": 60.0}}, {"type": "Feature", "geometry": {"type": "Point", "coordinates": [78.477207, 17.377138]}, "properties": {"cell_id": 686, "risk_score": 0.368, "severity_band": "yellow", "population_exposed": 5894, "dist_to_drain_km": 0.435, "dist_to_incident_km": 0.966, "rainfall_mm": 60.0}}, {"type": "Feature", "geometry": {"type": "Point", "coordinates": [78.481707, 17.377138]}, "properties": {"cell_id": 687, "risk_score": 0.5368, "severity_band": "yellow", "population_exposed": 6224, "dist_to_drain_km": 0.035, "dist_to_incident_km": 1.235, "rainfall_mm": 60.0}}, {"type": "Feature", "geometry": {"type": "Point", "coordinates": [78.486207, 17.377138]}, "properties": {"cell_id": 688, "risk_score": 0.5452, "severity_band": "yellow", "population_exposed": 6380, "dist_to_drain_km": 0.055, "dist_to_incident_km": 1.104, "rainfall_mm": 60.0}}, {"type": "Feature", "geometry": {"type": "Point", "coordinates": [78.490707, 17.377138]}, "properties": {"cell_id": 689, "risk_score": 0.4296, "severity_band": "yellow", "population_exposed": 6255, "dist_to_drain_km": 0.282, "dist_to_incident_km": 1.024, "rainfall_mm": 60.0}}, {"type": "Feature", "geometry": {"type": "Point", "coordinates": [78.495207, 17.377138]}, "properties": {"cell_id": 690, "risk_score": 0.6274, "severity_band": "yellow", "population_exposed": 5925, "dist_to_drain_km": 0.029, "dist_to_incident_km": 0.609, "rainfall_mm": 60.0}}, {"type": "Feature", "geometry": {"type": "Point", "coordinates": [78.499707, 17.377138]}, "properties": {"cell_id": 691, "risk_score": 0.5291, "severity_band": "yellow", "population_exposed": 5519, "dist_to_drain_km": 0.394, "dist_to_incident_km": 0.386, "rainfall_mm": 60.0}}, {"type": "Feature", "geometry": {"type": "Point", "coordinates": [78.504207, 17.377138]}, "properties": {"cell_id": 692, "risk_score": 0.3259, "severity_band": "yellow", "population_exposed": 5104, "dist_to_drain_km": 0.849, "dist_to_incident_km": 0.619, "rainfall_mm": 60.0}}, {"type": "Feature", "geometry": {"type": "Point", "coordinates": [78.508707, 17.377138]}, "properties": {"cell_id": 693, "risk_score": 0.3358, "severity_band": "yellow", "population_exposed": 4704, "dist_to_drain_km": 0.786, "dist_to_incident_km": 1.036, "rainfall_mm": 60.0}}, {"type": "Feature", "geometry": {"type": "Point", "coordinates": [78.513207, 17.377138]}, "properties": {"cell_id": 694, "risk_score": 0.3054, "severity_band": "yellow", "population_exposed": 4328, "dist_to_drain_km": 0.463, "dist_to_incident_km": 1.49, "rainfall_mm": 60.0}}, {"type": "Feature", "geometry": {"type": "Point", "coordinates": [78.517707, 17.377138]}, "properties": {"cell_id": 695, "risk_score": 0.4178, "severity_band": "yellow", "population_exposed": 3980, "dist_to_drain_km": 0.163, "dist_to_incident_km": 1.955, "rainfall_mm": 60.0}}, {"type": "Feature", "geometry": {"type": "Point", "coordinates": [78.522207, 17.377138]}, "properties": {"cell_id": 696, "risk_score": 0.4632, "severity_band": "yellow", "population_exposed": 3660, "dist_to_drain_km": 0.062, "dist_to_incident_km": 2.425, "rainfall_mm": 60.0}}, {"type": "Feature", "geometry": {"type": "Point", "coordinates": [78.526707, 17.377138]}, "properties": {"cell_id": 697, "risk_score": 0.4004, "severity_band": "yellow", "population_exposed": 3367, "dist_to_drain_km": 0.149, "dist_to_incident_km": 2.897, "rainfall_mm": 60.0}}, {"type": "Feature", "geometry": {"type": "Point", "coordinates": [78.531207, 17.377138]}, "properties": {"cell_id": 698, "risk_score": 0.4533, "severity_band": "yellow", "population_exposed": 3099, "dist_to_drain_km": 0.024, "dist_to_incident_km": 3.371, "rainfall_mm": 60.0}}, {"type": "Feature", "geometry": {"type": "Point", "coordinates": [78.535707, 17.377138]}, "properties": {"cell_id": 699, "risk_score": 0.3574, "severity_band": "yellow", "population_exposed": 2854, "dist_to_drain_km": 0.235, "dist_to_incident_km": 3.415, "rainfall_mm": 60.0}}, {"type": "Feature", "geometry": {"type": "Point", "coordinates": [78.540207, 17.377138]}, "properties": {"cell_id": 700, "risk_score": 0.2394, "severity_band": "green", "population_exposed": 2630, "dist_to_drain_km": 0.536, "dist_to_incident_km": 3.214, "rainfall_mm": 60.0}}, {"type": "Feature", "geometry": {"type": "Point", "coordinates": [78.544707, 17.377138]}, "properties": {"cell_id": 701, "risk_score": 0.3564, "severity_band": "red", "population_exposed": 2426, "dist_to_drain_km": 0.245, "dist_to_incident_km": 3.075, "rainfall_mm": 60.0}}, {"type": "Feature", "geometry": {"type": "Point", "coordinates": [78.549207, 17.377138]}, "properties": {"cell_id": 702, "risk_score": 0.3527, "severity_band": "red", "population_exposed": 2240, "dist_to_drain_km": 0.278, "dist_to_incident_km": 3.006, "rainfall_mm": 60.0}}, {"type": "Feature", "geometry": {"type": "Point", "coordinates": [78.553707, 17.377138]}, "properties": {"cell_id": 703, "risk_score": 0.3193, "severity_band": "red", "population_exposed": 2072, "dist_to_drain_km": 0.386, "dist_to_incident_km": 2.933, "rainfall_mm": 60.0}}, {"type": "Feature", "geometry": {"type": "Point", "coordinates": [78.558207, 17.377138]}, "properties": {"cell_id": 704, "risk_score": 0.3189, "severity_band": "red", "population_exposed": 1918, "dist_to_drain_km": 0.392, "dist_to_incident_km": 2.84, "rainfall_mm": 60.0}}, {"type": "Feature", "geometry": {"type": "Point", "coordinates": [78.562707, 17.377138]}, "properties": {"cell_id": 705, "risk_score": 0.4544, "severity_band": "red", "population_exposed": 1778, "dist_to_drain_km": 0.012, "dist_to_incident_km": 2.825, "rainfall_mm": 60.0}}, {"type": "Feature", "geometry": {"type": "Point", "coordinates": [78.567207, 17.377138]}, "properties": {"cell_id": 706, "risk_score": 0.377, "severity_band": "red", "population_exposed": 1650, "dist_to_drain_km": 0.187, "dist_to_incident_km": 2.891, "rainfall_mm": 60.0}}, {"type": "Feature", "geometry": {"type": "Point", "coordinates": [78.571707, 17.377138]}, "properties": {"cell_id": 707, "risk_score": 0.2047, "severity_band": "green", "population_exposed": 1534, "dist_to_drain_km": 0.642, "dist_to_incident_km": 3.031, "rainfall_mm": 60.0}}, {"type": "Feature", "geometry": {"type": "Point", "coordinates": [78.576207, 17.377138]}, "properties": {"cell_id": 708, "risk_score": 0.2572, "severity_band": "green", "population_exposed": 1429, "dist_to_drain_km": 0.474, "dist_to_incident_km": 3.237, "rainfall_mm": 60.0}}, {"type": "Feature", "geometry": {"type": "Point", "coordinates": [78.580707, 17.377138]}, "properties": {"cell_id": 709, "risk_score": 0.3854, "severity_band": "red", "population_exposed": 1333, "dist_to_drain_km": 0.168, "dist_to_incident_km": 3.496, "rainfall_mm": 60.0}}, {"type": "Feature", "geometry": {"type": "Point", "coordinates": [78.382707, 17.381638]}, "properties": {"cell_id": 710, "risk_score": 0.2554, "severity_band": "green", "population_exposed": 1856, "dist_to_drain_km": 0.491, "dist_to_incident_km": 6.204, "rainfall_mm": 60.0}}, {"type": "Feature", "geometry": {"type": "Point", "coordinates": [78.387207, 17.381638]}, "properties": {"cell_id": 711, "risk_score": 0.1614, "severity_band": "green", "population_exposed": 1923, "dist_to_drain_km": 0.914, "dist_to_incident_km": 5.994, "rainfall_mm": 60.0}}, {"type": "Feature", "geometry": {"type": "Point", "coordinates": [78.391707, 17.381638]}, "properties": {"cell_id": 712, "risk_score": 0.1605, "severity_band": "green", "population_exposed": 1992, "dist_to_drain_km": 0.986, "dist_to_incident_km": 5.815, "rainfall_mm": 60.0}}, {"type": "Feature", "geometry": {"type": "Point", "coordinates": [78.396207, 17.381638]}, "properties": {"cell_id": 713, "risk_score": 0.2353, "severity_band": "green", "population_exposed": 2066, "dist_to_drain_km": 0.54, "dist_to_incident_km": 5.671, "rainfall_mm": 60.0}}, {"type": "Feature", "geometry": {"type": "Point", "coordinates": [78.400707, 17.381638]}, "properties": {"cell_id": 714, "risk_score": 0.3533, "severity_band": "red", "population_exposed": 2144, "dist_to_drain_km": 0.26, "dist_to_incident_km": 5.564, "rainfall_mm": 60.0}}, {"type": "Feature", "geometry": {"type": "Point", "coordinates": [78.405207, 17.381638]}, "properties": {"cell_id": 715, "risk_score": 0.2323, "severity_band": "green", "population_exposed": 2229, "dist_to_drain_km": 0.543, "dist_to_incident_km": 5.497, "rainfall_mm": 60.0}}, {"type": "Feature", "geometry": {"type": "Point", "coordinates": [78.409707, 17.381638]}, "properties": {"cell_id": 716, "risk_score": 0.2564, "severity_band": "green", "population_exposed": 2323, "dist_to_drain_km": 0.488, "dist_to_incident_km": 5.137, "rainfall_mm": 60.0}}, {"type": "Feature", "geometry": {"type": "Point", "coordinates": [78.414207, 17.381638]}, "properties": {"cell_id": 717, "risk_score": 0.4457, "severity_band": "red", "population_exposed": 2427, "dist_to_drain_km": 0.02, "dist_to_incident_km": 4.853, "rainfall_mm": 60.0}}, {"type": "Feature", "geometry": {"type": "Point", "coordinates": [78.418707, 17.381638]}, "properties": {"cell_id": 718, "risk_score": 0.3517, "severity_band": "red", "population_exposed": 2544, "dist_to_drain_km": 0.287, "dist_to_incident_km": 4.602, "rainfall_mm": 60.0}}, {"type": "Feature", "geometry": {"type": "Point", "coordinates": [78.423207, 17.381638]}, "properties": {"cell_id": 719, "risk_score": 0.1949, "severity_band": "green", "population_exposed": 2676, "dist_to_drain_km": 0.724, "dist_to_incident_km": 4.388, "rainfall_mm": 60.0}}, {"type": "Feature", "geometry": {"type": "Point", "coordinates": [78.427707, 17.381638]}, "properties": {"cell_id": 720, "risk_score": 0.1614, "severity_band": "green", "population_exposed": 2824, "dist_to_drain_km": 0.917, "dist_to_incident_km": 4.218, "rainfall_mm": 60.0}}, {"type": "Feature", "geometry": {"type": "Point", "coordinates": [78.432207, 17.381638]}, "properties": {"cell_id": 721, "risk_score": 0.1924, "severity_band": "green", "population_exposed": 2991, "dist_to_drain_km": 0.775, "dist_to_incident_km": 3.89, "rainfall_mm": 60.0}}, {"type": "Feature", "geometry": {"type": "Point", "coordinates": [78.436707, 17.381638]}, "properties": {"cell_id": 722, "risk_score": 0.1655, "severity_band": "green", "population_exposed": 3179, "dist_to_drain_km": 0.839, "dist_to_incident_km": 3.413, "rainfall_mm": 60.0}}, {"type": "Feature", "geometry": {"type": "Point", "coordinates": [78.441207, 17.381638]}, "properties": {"cell_id": 723, "risk_score": 0.1614, "severity_band": "green", "population_exposed": 3390, "dist_to_drain_km": 0.99, "dist_to_incident_km": 2.935, "rainfall_mm": 60.0}}, {"type": "Feature", "geometry": {"type": "Point", "coordinates": [78.445707, 17.381638]}, "properties": {"cell_id": 724, "risk_score": 0.1785, "severity_band": "yellow", "population_exposed": 3626, "dist_to_drain_km": 1.276, "dist_to_incident_km": 2.458, "rainfall_mm": 60.0}}, {"type": "Feature", "geometry": {"type": "Point", "coordinates": [78.450207, 17.381638]}, "properties": {"cell_id": 725, "risk_score": 0.1987, "severity_band": "yellow", "population_exposed": 3890, "dist_to_drain_km": 1.42, "dist_to_incident_km": 1.981, "rainfall_mm": 60.0}}, {"type": "Feature", "geometry": {"type": "Point", "coordinates": [78.454707, 17.381638]}, "properties": {"cell_id": 726, "risk_score": 0.2113, "severity_band": "yellow", "population_exposed": 4184, "dist_to_drain_km": 1.504, "dist_to_incident_km": 1.505, "rainfall_mm": 60.0}}, {"type": "Feature", "geometry": {"type": "Point", "coordinates": [78.459207, 17.381638]}, "properties": {"cell_id": 727, "risk_score": 0.2824, "severity_band": "yellow", "population_exposed": 4512, "dist_to_drain_km": 1.233, "dist_to_incident_km": 1.03, "rainfall_mm": 60.0}}, {"type": "Feature", "geometry": {"type": "Point", "coordinates": [78.463707, 17.381638]}, "properties": {"cell_id": 728, "risk_score": 0.3713, "severity_band": "yellow", "population_exposed": 4875, "dist_to_drain_km": 1.11, "dist_to_incident_km": 0.558, "rainfall_mm": 60.0}}, {"type": "Feature", "geometry": {"type": "Point", "coordinates": [78.468207, 17.381638]}, "properties": {"cell_id": 729, "risk_score": 0.4377, "severity_band": "yellow", "population_exposed": 5276, "dist_to_drain_km": 1.184, "dist_to_incident_km": 0.136, "rainfall_mm": 60.0}}, {"type": "Feature", "geometry": {"type": "Point", "coordinates": [78.472707, 17.381638]}, "properties": {"cell_id": 730, "risk_score": 0.386, "severity_band": "yellow", "population_exposed": 5716, "dist_to_drain_km": 0.94, "dist_to_incident_km": 0.426, "rainfall_mm": 60.0}}, {"type": "Feature", "geometry": {"type": "Point", "coordinates": [78.477207, 17.381638]}, "properties": {"cell_id": 731, "risk_score": 0.3579, "severity_band": "yellow", "population_exposed": 6191, "dist_to_drain_km": 0.521, "dist_to_incident_km": 0.895, "rainfall_mm": 60.0}}, {"type": "Feature", "geometry": {"type": "Point", "coordinates": [78.481707, 17.381638]}, "properties": {"cell_id": 732, "risk_score": 0.4469, "severity_band": "yellow", "population_exposed": 6677, "dist_to_drain_km": 0.303, "dist_to_incident_km": 0.82, "rainfall_mm": 60.0}}, {"type": "Feature", "geometry": {"type": "Point", "coordinates": [78.486207, 17.381638]}, "properties": {"cell_id": 733, "risk_score": 0.532, "severity_band": "yellow", "population_exposed": 7004, "dist_to_drain_km": 0.147, "dist_to_incident_km": 0.606, "rainfall_mm": 60.0}}, {"type": "Feature", "geometry": {"type": "Point", "coordinates": [78.490707, 17.381638]}, "properties": {"cell_id": 734, "risk_score": 0.4928, "severity_band": "yellow", "population_exposed": 6750, "dist_to_drain_km": 0.185, "dist_to_incident_km": 0.72, "rainfall_mm": 60.0}}, {"type": "Feature", "geometry": {"type": "Point", "coordinates": [78.495207, 17.381638]}, "properties": {"cell_id": 735, "risk_score": 0.5503, "severity_band": "yellow", "population_exposed": 6245, "dist_to_drain_km": 0.043, "dist_to_incident_km": 0.955, "rainfall_mm": 60.0}}, {"type": "Feature", "geometry": {"type": "Point", "coordinates": [78.499707, 17.381638]}, "properties": {"cell_id": 736, "risk_score": 0.4796, "severity_band": "yellow", "population_exposed": 5735, "dist_to_drain_km": 0.204, "dist_to_incident_km": 0.855, "rainfall_mm": 60.0}}, {"type": "Feature", "geometry": {"type": "Point", "coordinates": [78.504207, 17.381638]}, "properties": {"cell_id": 737, "risk_score": 0.3672, "severity_band": "yellow", "population_exposed": 5258, "dist_to_drain_km": 0.451, "dist_to_incident_km": 1.003, "rainfall_mm": 60.0}}, {"type": "Feature", "geometry": {"type": "Point", "coordinates": [78.508707, 17.381638]}, "properties": {"cell_id": 738, "risk_score": 0.3344, "severity_band": "yellow", "population_exposed": 4819, "dist_to_drain_km": 0.444, "dist_to_incident_km": 1.307, "rainfall_mm": 60.0}}, {"type": "Feature", "geometry": {"type": "Point", "coordinates": [78.513207, 17.381638]}, "properties": {"cell_id": 739, "risk_score": 0.4309, "severity_band": "yellow", "population_exposed": 4417, "dist_to_drain_km": 0.121, "dist_to_incident_km": 1.69, "rainfall_mm": 60.0}}, {"type": "Feature", "geometry": {"type": "Point", "coordinates": [78.517707, 17.381638]}, "properties": {"cell_id": 740, "risk_score": 0.3669, "severity_band": "yellow", "population_exposed": 4050, "dist_to_drain_km": 0.234, "dist_to_incident_km": 2.111, "rainfall_mm": 60.0}}, {"type": "Feature", "geometry": {"type": "Point", "coordinates": [78.522207, 17.381638]}, "properties": {"cell_id": 741, "risk_score": 0.2697, "severity_band": "yellow", "population_exposed": 3717, "dist_to_drain_km": 0.51, "dist_to_incident_km": 2.553, "rainfall_mm": 60.0}}, {"type": "Feature", "geometry": {"type": "Point", "coordinates": [78.526707, 17.381638]}, "properties": {"cell_id": 742, "risk_score": 0.2572, "severity_band": "yellow", "population_exposed": 3413, "dist_to_drain_km": 0.457, "dist_to_incident_km": 3.005, "rainfall_mm": 60.0}}, {"type": "Feature", "geometry": {"type": "Point", "coordinates": [78.531207, 17.381638]}, "properties": {"cell_id": 743, "risk_score": 0.4054, "severity_band": "yellow", "population_exposed": 3136, "dist_to_drain_km": 0.115, "dist_to_incident_km": 3.464, "rainfall_mm": 60.0}}, {"type": "Feature", "geometry": {"type": "Point", "coordinates": [78.535707, 17.381638]}, "properties": {"cell_id": 744, "risk_score": 0.4484, "severity_band": "yellow", "population_exposed": 2885, "dist_to_drain_km": 0.038, "dist_to_incident_km": 3.569, "rainfall_mm": 60.0}}, {"type": "Feature", "geometry": {"type": "Point", "coordinates": [78.540207, 17.381638]}, "properties": {"cell_id": 745, "risk_score": 0.4089, "severity_band": "red", "population_exposed": 2656, "dist_to_drain_km": 0.096, "dist_to_incident_km": 3.221, "rainfall_mm": 60.0}}, {"type": "Feature", "geometry": {"type": "Point", "coordinates": [78.544707, 17.381638]}, "properties": {"cell_id": 746, "risk_score": 0.3749, "severity_band": "red", "population_exposed": 2448, "dist_to_drain_km": 0.183, "dist_to_incident_km": 2.91, "rainfall_mm": 60.0}}, {"type": "Feature", "geometry": {"type": "Point", "coordinates": [78.549207, 17.381638]}, "properties": {"cell_id": 747, "risk_score": 0.4395, "severity_band": "red", "population_exposed": 2259, "dist_to_drain_km": 0.077, "dist_to_incident_km": 2.65, "rainfall_mm": 60.0}}, {"type": "Feature", "geometry": {"type": "Point", "coordinates": [78.553707, 17.381638]}, "properties": {"cell_id": 748, "risk_score": 0.433, "severity_band": "red", "population_exposed": 2088, "dist_to_drain_km": 0.1, "dist_to_incident_km": 2.455, "rainfall_mm": 60.0}}, {"type": "Feature", "geometry": {"type": "Point", "coordinates": [78.558207, 17.381638]}, "properties": {"cell_id": 749, "risk_score": 0.4213, "severity_band": "red", "population_exposed": 1931, "dist_to_drain_km": 0.133, "dist_to_incident_km": 2.343, "rainfall_mm": 60.0}}, {"type": "Feature", "geometry": {"type": "Point", "coordinates": [78.562707, 17.381638]}, "properties": {"cell_id": 750, "risk_score": 0.33, "severity_band": "red", "population_exposed": 1789, "dist_to_drain_km": 0.395, "dist_to_incident_km": 2.326, "rainfall_mm": 60.0}}, {"type": "Feature", "geometry": {"type": "Point", "coordinates": [78.567207, 17.381638]}, "properties": {"cell_id": 751, "risk_score": 0.2882, "severity_band": "green", "population_exposed": 1660, "dist_to_drain_km": 0.426, "dist_to_incident_km": 2.405, "rainfall_mm": 60.0}}, {"type": "Feature", "geometry": {"type": "Point", "coordinates": [78.571707, 17.381638]}, "properties": {"cell_id": 752, "risk_score": 0.3521, "severity_band": "red", "population_exposed": 1543, "dist_to_drain_km": 0.294, "dist_to_incident_km": 2.572, "rainfall_mm": 60.0}}, {"type": "Feature", "geometry": {"type": "Point", "coordinates": [78.576207, 17.381638]}, "properties": {"cell_id": 753, "risk_score": 0.4566, "severity_band": "red", "population_exposed": 1436, "dist_to_drain_km": 0.027, "dist_to_incident_km": 2.811, "rainfall_mm": 60.0}}, {"type": "Feature", "geometry": {"type": "Point", "coordinates": [78.580707, 17.381638]}, "properties": {"cell_id": 754, "risk_score": 0.3184, "severity_band": "red", "population_exposed": 1340, "dist_to_drain_km": 0.386, "dist_to_incident_km": 3.106, "rainfall_mm": 60.0}}, {"type": "Feature", "geometry": {"type": "Point", "coordinates": [78.382707, 17.386138]}, "properties": {"cell_id": 755, "risk_score": 0.3189, "severity_band": "red", "population_exposed": 1952, "dist_to_drain_km": 0.378, "dist_to_incident_km": 5.768, "rainfall_mm": 60.0}}, {"type": "Feature", "geometry": {"type": "Point", "coordinates": [78.391707, 17.386138]}, "properties": {"cell_id": 756, "risk_score": 0.2075, "severity_band": "green", "population_exposed": 2083, "dist_to_drain_km": 0.624, "dist_to_incident_km": 5.347, "rainfall_mm": 60.0}}, {"type": "Feature", "geometry": {"type": "Point", "coordinates": [78.396207, 17.386138]}, "properties": {"cell_id": 757, "risk_score": 0.2564, "severity_band": "green", "population_exposed": 2152, "dist_to_drain_km": 0.432, "dist_to_incident_km": 5.19, "rainfall_mm": 60.0}}, {"type": "Feature", "geometry": {"type": "Point", "coordinates": [78.400707, 17.386138]}, "properties": {"cell_id": 758, "risk_score": 0.4419, "severity_band": "red", "population_exposed": 2225, "dist_to_drain_km": 0.054, "dist_to_incident_km": 5.073, "rainfall_mm": 60.0}}, {"type": "Feature", "geometry": {"type": "Point", "coordinates": [78.405207, 17.386138]}, "properties": {"cell_id": 759, "risk_score": 0.3176, "severity_band": "red", "population_exposed": 2305, "dist_to_drain_km": 0.395, "dist_to_incident_km": 4.999, "rainfall_mm": 60.0}}, {"type": "Feature", "geometry": {"type": "Point", "coordinates": [78.409707, 17.386138]}, "properties": {"cell_id": 760, "risk_score": 0.3282, "severity_band": "red", "population_exposed": 2394, "dist_to_drain_km": 0.306, "dist_to_incident_km": 4.756, "rainfall_mm": 60.0}}, {"type": "Feature", "geometry": {"type": "Point", "coordinates": [78.414207, 17.386138]}, "properties": {"cell_id": 761, "risk_score": 0.3854, "severity_band": "red", "population_exposed": 2492, "dist_to_drain_km": 0.168, "dist_to_incident_km": 4.448, "rainfall_mm": 60.0}}, {"type": "Feature", "geometry": {"type": "Point", "coordinates": [78.418707, 17.386138]}, "properties": {"cell_id": 762, "risk_score": 0.2564, "severity_band": "green", "population_exposed": 2604, "dist_to_drain_km": 0.459, "dist_to_incident_km": 4.173, "rainfall_mm": 60.0}}, {"type": "Feature", "geometry": {"type": "Point", "coordinates": [78.423207, 17.386138]}, "properties": {"cell_id": 763, "risk_score": 0.1614, "severity_band": "green", "population_exposed": 2731, "dist_to_drain_km": 0.91, "dist_to_incident_km": 3.936, "rainfall_mm": 60.0}}, {"type": "Feature", "geometry": {"type": "Point", "coordinates": [78.427707, 17.386138]}, "properties": {"cell_id": 764, "risk_score": 0.1273, "severity_band": "green", "population_exposed": 2874, "dist_to_drain_km": 1.374, "dist_to_incident_km": 3.745, "rainfall_mm": 60.0}}, {"type": "Feature", "geometry": {"type": "Point", "coordinates": [78.432207, 17.386138]}, "properties": {"cell_id": 765, "risk_score": 0.1298, "severity_band": "green", "population_exposed": 3037, "dist_to_drain_km": 1.274, "dist_to_incident_km": 3.608, "rainfall_mm": 60.0}}, {"type": "Feature", "geometry": {"type": "Point", "coordinates": [78.436707, 17.386138]}, "properties": {"cell_id": 766, "risk_score": 0.1273, "severity_band": "green", "population_exposed": 3221, "dist_to_drain_km": 1.316, "dist_to_incident_km": 3.531, "rainfall_mm": 60.0}}, {"type": "Feature", "geometry": {"type": "Point", "coordinates": [78.441207, 17.386138]}, "properties": {"cell_id": 767, "risk_score": 0.1438, "severity_band": "green", "population_exposed": 3429, "dist_to_drain_km": 1.186, "dist_to_incident_km": 2.997, "rainfall_mm": 60.0}}, {"type": "Feature", "geometry": {"type": "Point", "coordinates": [78.445707, 17.386138]}, "properties": {"cell_id": 768, "risk_score": 0.1916, "severity_band": "yellow", "population_exposed": 3663, "dist_to_drain_km": 0.955, "dist_to_incident_km": 2.532, "rainfall_mm": 60.0}}, {"type": "Feature", "geometry": {"type": "Point", "coordinates": [78.450207, 17.386138]}, "properties": {"cell_id": 769, "risk_score": 0.2074, "severity_band": "yellow", "population_exposed": 3926, "dist_to_drain_km": 0.925, "dist_to_incident_km": 2.072, "rainfall_mm": 60.0}}, {"type": "Feature", "geometry": {"type": "Point", "coordinates": [78.454707, 17.386138]}, "properties": {"cell_id": 770, "risk_score": 0.2162, "severity_band": "yellow", "population_exposed": 4220, "dist_to_drain_km": 1.121, "dist_to_incident_km": 1.623, "rainfall_mm": 60.0}}, {"type": "Feature", "geometry": {"type": "Point", "coordinates": [78.459207, 17.386138]}, "properties": {"cell_id": 771, "risk_score": 0.253, "severity_band": "yellow", "population_exposed": 4548, "dist_to_drain_km": 1.452, "dist_to_incident_km": 1.195, "rainfall_mm": 60.0}}, {"type": "Feature", "geometry": {"type": "Point", "coordinates": [78.463707, 17.386138]}, "properties": {"cell_id": 772, "risk_score": 0.2887, "severity_band": "yellow", "population_exposed": 4914, "dist_to_drain_km": 1.294, "dist_to_incident_km": 0.825, "rainfall_mm": 60.0}}, {"type": "Feature", "geometry": {"type": "Point", "coordinates": [78.468207, 17.386138]}, "properties": {"cell_id": 773, "risk_score": 0.3755, "severity_band": "yellow", "population_exposed": 5320, "dist_to_drain_km": 1.144, "dist_to_incident_km": 0.477, "rainfall_mm": 60.0}}, {"type": "Feature", "geometry": {"type": "Point", "coordinates": [78.472707, 17.386138]}, "properties": {"cell_id": 774, "risk_score": 0.3957, "severity_band": "yellow", "population_exposed": 5771, "dist_to_drain_km": 1.175, "dist_to_incident_km": 0.34, "rainfall_mm": 60.0}}, {"type": "Feature", "geometry": {"type": "Point", "coordinates": [78.477207, 17.386138]}, "properties": {"cell_id": 775, "risk_score": 0.3153, "severity_band": "yellow", "population_exposed": 6270, "dist_to_drain_km": 0.924, "dist_to_incident_km": 0.678, "rainfall_mm": 60.0}}, {"type": "Feature", "geometry": {"type": "Point", "coordinates": [78.481707, 17.386138]}, "properties": {"cell_id": 776, "risk_score": 0.3956, "severity_band": "yellow", "population_exposed": 6816, "dist_to_drain_km": 0.724, "dist_to_incident_km": 0.567, "rainfall_mm": 60.0}}, {"type": "Feature", "geometry": {"type": "Point", "coordinates": [78.486207, 17.386138]}, "properties": {"cell_id": 777, "risk_score": 0.525, "severity_band": "yellow", "population_exposed": 7333, "dist_to_drain_km": 0.647, "dist_to_incident_km": 0.129, "rainfall_mm": 60.0}}, {"type": "Feature", "geometry": {"type": "Point", "coordinates": [78.490707, 17.386138]}, "properties": {"cell_id": 778, "risk_score": 0.4469, "severity_band": "yellow", "population_exposed": 6913, "dist_to_drain_km": 0.685, "dist_to_incident_km": 0.41, "rainfall_mm": 60.0}}, {"type": "Feature", "geometry": {"type": "Point", "coordinates": [78.495207, 17.386138]}, "properties": {"cell_id": 779, "risk_score": 0.4962, "severity_band": "yellow", "population_exposed": 6328, "dist_to_drain_km": 0.379, "dist_to_incident_km": 0.555, "rainfall_mm": 60.0}}, {"type": "Feature", "geometry": {"type": "Point", "coordinates": [78.499707, 17.386138]}, "properties": {"cell_id": 780, "risk_score": 0.701, "severity_band": "yellow", "population_exposed": 5788, "dist_to_drain_km": 0.062, "dist_to_incident_km": 0.356, "rainfall_mm": 60.0}}, {"type": "Feature", "geometry": {"type": "Point", "coordinates": [78.504207, 17.386138]}, "properties": {"cell_id": 781, "risk_score": 0.6318, "severity_band": "yellow", "population_exposed": 5295, "dist_to_drain_km": 0.04, "dist_to_incident_km": 0.634, "rainfall_mm": 60.0}}, {"type": "Feature", "geometry": {"type": "Point", "coordinates": [78.508707, 17.386138]}, "properties": {"cell_id": 782, "risk_score": 0.5359, "severity_band": "yellow", "population_exposed": 4846, "dist_to_drain_km": 0.066, "dist_to_incident_km": 1.065, "rainfall_mm": 60.0}}, {"type": "Feature", "geometry": {"type": "Point", "coordinates": [78.513207, 17.386138]}, "properties": {"cell_id": 783, "risk_score": 0.4306, "severity_band": "yellow", "population_exposed": 4438, "dist_to_drain_km": 0.172, "dist_to_incident_km": 1.523, "rainfall_mm": 60.0}}, {"type": "Feature", "geometry": {"type": "Point", "coordinates": [78.517707, 17.386138]}, "properties": {"cell_id": 784, "risk_score": 0.2878, "severity_band": "yellow", "population_exposed": 4068, "dist_to_drain_km": 0.52, "dist_to_incident_km": 1.991, "rainfall_mm": 60.0}}, {"type": "Feature", "geometry": {"type": "Point", "coordinates": [78.522207, 17.386138]}, "properties": {"cell_id": 785, "risk_score": 0.1938, "severity_band": "yellow", "population_exposed": 3730, "dist_to_drain_km": 0.931, "dist_to_incident_km": 2.462, "rainfall_mm": 60.0}}, {"type": "Feature", "geometry": {"type": "Point", "coordinates": [78.526707, 17.386138]}, "properties": {"cell_id": 786, "risk_score": 0.2317, "severity_band": "yellow", "population_exposed": 3424, "dist_to_drain_km": 0.565, "dist_to_incident_km": 2.936, "rainfall_mm": 60.0}}, {"type": "Feature", "geometry": {"type": "Point", "coordinates": [78.531207, 17.386138]}, "properties": {"cell_id": 787, "risk_score": 0.3574, "severity_band": "yellow", "population_exposed": 3146, "dist_to_drain_km": 0.231, "dist_to_incident_km": 3.41, "rainfall_mm": 60.0}}, {"type": "Feature", "geometry": {"type": "Point", "coordinates": [78.535707, 17.386138]}, "properties": {"cell_id": 788, "risk_score": 0.3707, "severity_band": "yellow", "population_exposed": 2893, "dist_to_drain_km": 0.189, "dist_to_incident_km": 3.265, "rainfall_mm": 60.0}}, {"type": "Feature", "geometry": {"type": "Point", "coordinates": [78.540207, 17.386138]}, "properties": {"cell_id": 789, "risk_score": 0.3368, "severity_band": "yellow", "population_exposed": 2663, "dist_to_drain_km": 0.301, "dist_to_incident_km": 2.881, "rainfall_mm": 60.0}}, {"type": "Feature", "geometry": {"type": "Point", "coordinates": [78.544707, 17.386138]}, "properties": {"cell_id": 790, "risk_score": 0.4736, "severity_band": "red", "population_exposed": 2454, "dist_to_drain_km": 0.027, "dist_to_incident_km": 2.529, "rainfall_mm": 60.0}}, {"type": "Feature", "geometry": {"type": "Point", "coordinates": [78.549207, 17.386138]}, "properties": {"cell_id": 791, "risk_score": 0.2937, "severity_band": "red", "population_exposed": 2264, "dist_to_drain_km": 0.432, "dist_to_incident_km": 2.225, "rainfall_mm": 60.0}}, {"type": "Feature", "geometry": {"type": "Point", "coordinates": [78.553707, 17.386138]}, "properties": {"cell_id": 792, "risk_score": 0.2735, "severity_band": "green", "population_exposed": 2092, "dist_to_drain_km": 0.539, "dist_to_incident_km": 1.989, "rainfall_mm": 60.0}}, {"type": "Feature", "geometry": {"type": "Point", "coordinates": [78.558207, 17.386138]}, "properties": {"cell_id": 793, "risk_score": 0.3739, "severity_band": "red", "population_exposed": 1935, "dist_to_drain_km": 0.275, "dist_to_incident_km": 1.849, "rainfall_mm": 60.0}}, {"type": "Feature", "geometry": {"type": "Point", "coordinates": [78.562707, 17.386138]}, "properties": {"cell_id": 794, "risk_score": 0.4867, "severity_band": "red", "population_exposed": 1792, "dist_to_drain_km": 0.009, "dist_to_incident_km": 1.827, "rainfall_mm": 60.0}}, {"type": "Feature", "geometry": {"type": "Point", "coordinates": [78.567207, 17.386138]}, "properties": {"cell_id": 795, "risk_score": 0.4841, "severity_band": "red", "population_exposed": 1663, "dist_to_drain_km": 0.034, "dist_to_incident_km": 1.927, "rainfall_mm": 60.0}}, {"type": "Feature", "geometry": {"type": "Point", "coordinates": [78.571707, 17.386138]}, "properties": {"cell_id": 796, "risk_score": 0.407, "severity_band": "red", "population_exposed": 1545, "dist_to_drain_km": 0.175, "dist_to_incident_km": 2.132, "rainfall_mm": 60.0}}, {"type": "Feature", "geometry": {"type": "Point", "coordinates": [78.576207, 17.386138]}, "properties": {"cell_id": 797, "risk_score": 0.4092, "severity_band": "red", "population_exposed": 1438, "dist_to_drain_km": 0.146, "dist_to_incident_km": 2.415, "rainfall_mm": 60.0}}, {"type": "Feature", "geometry": {"type": "Point", "coordinates": [78.580707, 17.386138]}, "properties": {"cell_id": 798, "risk_score": 0.3574, "severity_band": "red", "population_exposed": 1341, "dist_to_drain_km": 0.232, "dist_to_incident_km": 2.752, "rainfall_mm": 60.0}}, {"type": "Feature", "geometry": {"type": "Point", "coordinates": [78.585207, 17.386138]}, "properties": {"cell_id": 799, "risk_score": 0.3574, "severity_band": "red", "population_exposed": 1253, "dist_to_drain_km": 0.234, "dist_to_incident_km": 3.126, "rainfall_mm": 60.0}}, {"type": "Feature", "geometry": {"type": "Point", "coordinates": [78.382707, 17.390638]}, "properties": {"cell_id": 800, "risk_score": 0.319, "severity_band": "red", "population_exposed": 2056, "dist_to_drain_km": 0.342, "dist_to_incident_km": 5.343, "rainfall_mm": 60.0}}, {"type": "Feature", "geometry": {"type": "Point", "coordinates": [78.396207, 17.390638]}, "properties": {"cell_id": 801, "risk_score": 0.4424, "severity_band": "red", "population_exposed": 2242, "dist_to_drain_km": 0.043, "dist_to_incident_km": 4.713, "rainfall_mm": 60.0}}, {"type": "Feature", "geometry": {"type": "Point", "coordinates": [78.400707, 17.390638]}, "properties": {"cell_id": 802, "risk_score": 0.3194, "severity_band": "red", "population_exposed": 2309, "dist_to_drain_km": 0.344, "dist_to_incident_km": 4.584, "rainfall_mm": 60.0}}, {"type": "Feature", "geometry": {"type": "Point", "coordinates": [78.405207, 17.390638]}, "properties": {"cell_id": 803, "risk_score": 0.374, "severity_band": "red", "population_exposed": 2382, "dist_to_drain_km": 0.181, "dist_to_incident_km": 4.502, "rainfall_mm": 60.0}}, {"type": "Feature", "geometry": {"type": "Point", "coordinates": [78.409707, 17.390638]}, "properties": {"cell_id": 804, "risk_score": 0.4098, "severity_band": "red", "population_exposed": 2462, "dist_to_drain_km": 0.089, "dist_to_incident_km": 4.47, "rainfall_mm": 60.0}}, {"type": "Feature", "geometry": {"type": "Point", "coordinates": [78.414207, 17.390638]}, "properties": {"cell_id": 805, "risk_score": 0.4098, "severity_band": "red", "population_exposed": 2554, "dist_to_drain_km": 0.084, "dist_to_incident_km": 4.064, "rainfall_mm": 60.0}}, {"type": "Feature", "geometry": {"type": "Point", "coordinates": [78.418707, 17.390638]}, "properties": {"cell_id": 806, "risk_score": 0.3286, "severity_band": "yellow", "population_exposed": 2657, "dist_to_drain_km": 0.311, "dist_to_incident_km": 3.761, "rainfall_mm": 60.0}}, {"type": "Feature", "geometry": {"type": "Point", "coordinates": [78.423207, 17.390638]}, "properties": {"cell_id": 807, "risk_score": 0.1924, "severity_band": "green", "population_exposed": 2776, "dist_to_drain_km": 0.778, "dist_to_incident_km": 3.496, "rainfall_mm": 60.0}}, {"type": "Feature", "geometry": {"type": "Point", "coordinates": [78.427707, 17.390638]}, "properties": {"cell_id": 808, "risk_score": 0.1298, "severity_band": "green", "population_exposed": 2912, "dist_to_drain_km": 1.253, "dist_to_incident_km": 3.28, "rainfall_mm": 60.0}}, {"type": "Feature", "geometry": {"type": "Point", "coordinates": [78.432207, 17.390638]}, "properties": {"cell_id": 809, "risk_score": 0.1593, "severity_band": "green", "population_exposed": 3066, "dist_to_drain_km": 1.101, "dist_to_incident_km": 3.123, "rainfall_mm": 60.0}}, {"type": "Feature", "geometry": {"type": "Point", "coordinates": [78.436707, 17.390638]}, "properties": {"cell_id": 810, "risk_score": 0.1605, "severity_band": "green", "population_exposed": 3243, "dist_to_drain_km": 1.004, "dist_to_incident_km": 3.033, "rainfall_mm": 60.0}}, {"type": "Feature", "geometry": {"type": "Point", "coordinates": [78.441207, 17.390638]}, "properties": {"cell_id": 811, "risk_score": 0.1655, "severity_band": "green", "population_exposed": 3442, "dist_to_drain_km": 0.833, "dist_to_incident_km": 3.017, "rainfall_mm": 60.0}}, {"type": "Feature", "geometry": {"type": "Point", "coordinates": [78.445707, 17.390638]}, "properties": {"cell_id": 812, "risk_score": 0.2594, "severity_band": "yellow", "population_exposed": 3668, "dist_to_drain_km": 0.504, "dist_to_incident_km": 2.653, "rainfall_mm": 60.0}}, {"type": "Feature", "geometry": {"type": "Point", "coordinates": [78.450207, 17.390638]}, "properties": {"cell_id": 813, "risk_score": 0.2916, "severity_band": "yellow", "population_exposed": 3921, "dist_to_drain_km": 0.445, "dist_to_incident_km": 2.286, "rainfall_mm": 60.0}}, {"type": "Feature", "geometry": {"type": "Point", "coordinates": [78.454707, 17.390638]}, "properties": {"cell_id": 814, "risk_score": 0.2384, "severity_band": "yellow", "population_exposed": 4204, "dist_to_drain_km": 0.771, "dist_to_incident_km": 1.797, "rainfall_mm": 60.0}}, {"type": "Feature", "geometry": {"type": "Point", "coordinates": [78.459207, 17.390638]}, "properties": {"cell_id": 815, "risk_score": 0.2366, "severity_band": "yellow", "population_exposed": 4519, "dist_to_drain_km": 1.202, "dist_to_incident_km": 1.323, "rainfall_mm": 60.0}}, {"type": "Feature", "geometry": {"type": "Point", "coordinates": [78.463707, 17.390638]}, "properties": {"cell_id": 816, "risk_score": 0.3021, "severity_band": "yellow", "population_exposed": 4867, "dist_to_drain_km": 0.887, "dist_to_incident_km": 0.853, "rainfall_mm": 60.0}}, {"type": "Feature", "geometry": {"type": "Point", "coordinates": [78.468207, 17.390638]}, "properties": {"cell_id": 817, "risk_score": 0.4504, "severity_band": "yellow", "population_exposed": 5248, "dist_to_drain_km": 0.651, "dist_to_incident_km": 0.4, "rainfall_mm": 60.0}}, {"type": "Feature", "geometry": {"type": "Point", "coordinates": [78.472707, 17.390638]}, "properties": {"cell_id": 818, "risk_score": 0.4727, "severity_band": "yellow", "population_exposed": 5660, "dist_to_drain_km": 0.703, "dist_to_incident_km": 0.22, "rainfall_mm": 60.0}}, {"type": "Feature", "geometry": {"type": "Point", "coordinates": [78.477207, 17.390638]}, "properties": {"cell_id": 819, "risk_score": 0.3083, "severity_band": "yellow", "population_exposed": 6089, "dist_to_drain_km": 1.004, "dist_to_incident_km": 0.627, "rainfall_mm": 60.0}}, {"type": "Feature", "geometry": {"type": "Point", "coordinates": [78.481707, 17.390638]}, "properties": {"cell_id": 820, "risk_score": 0.3012, "severity_band": "yellow", "population_exposed": 6489, "dist_to_drain_km": 1.197, "dist_to_incident_km": 0.686, "rainfall_mm": 60.0}}, {"type": "Feature", "geometry": {"type": "Point", "coordinates": [78.486207, 17.390638]}, "properties": {"cell_id": 821, "risk_score": 0.3802, "severity_band": "yellow", "population_exposed": 6704, "dist_to_drain_km": 1.147, "dist_to_incident_km": 0.408, "rainfall_mm": 60.0}}, {"type": "Feature", "geometry": {"type": "Point", "coordinates": [78.490707, 17.390638]}, "properties": {"cell_id": 822, "risk_score": 0.3825, "severity_band": "yellow", "population_exposed": 6531, "dist_to_drain_km": 0.897, "dist_to_incident_km": 0.563, "rainfall_mm": 60.0}}, {"type": "Feature", "geometry": {"type": "Point", "coordinates": [78.495207, 17.390638]}, "properties": {"cell_id": 823, "risk_score": 0.4474, "severity_band": "yellow", "population_exposed": 6120, "dist_to_drain_km": 0.632, "dist_to_incident_km": 0.453, "rainfall_mm": 60.0}}, {"type": "Feature", "geometry": {"type": "Point", "coordinates": [78.499707, 17.390638]}, "properties": {"cell_id": 824, "risk_score": 0.5469, "severity_band": "yellow", "population_exposed": 5657, "dist_to_drain_km": 0.469, "dist_to_incident_km": 0.156, "rainfall_mm": 60.0}}, {"type": "Feature", "geometry": {"type": "Point", "coordinates": [78.504207, 17.390638]}, "properties": {"cell_id": 825, "risk_score": 0.6337, "severity_band": "yellow", "population_exposed": 5206, "dist_to_drain_km": 0.008, "dist_to_incident_km": 0.547, "rainfall_mm": 60.0}}, {"type": "Feature", "geometry": {"type": "Point", "coordinates": [78.508707, 17.390638]}, "properties": {"cell_id": 826, "risk_score": 0.3706, "severity_band": "yellow", "population_exposed": 4782, "dist_to_drain_km": 0.416, "dist_to_incident_km": 1.015, "rainfall_mm": 60.0}}, {"type": "Feature", "geometry": {"type": "Point", "coordinates": [78.513207, 17.390638]}, "properties": {"cell_id": 827, "risk_score": 0.2784, "severity_band": "yellow", "population_exposed": 4390, "dist_to_drain_km": 0.581, "dist_to_incident_km": 1.489, "rainfall_mm": 60.0}}, {"type": "Feature", "geometry": {"type": "Point", "coordinates": [78.517707, 17.390638]}, "properties": {"cell_id": 828, "risk_score": 0.2149, "severity_band": "yellow", "population_exposed": 4030, "dist_to_drain_km": 0.87, "dist_to_incident_km": 1.965, "rainfall_mm": 60.0}}, {"type": "Feature", "geometry": {"type": "Point", "coordinates": [78.522207, 17.390638]}, "properties": {"cell_id": 829, "risk_score": 0.1946, "severity_band": "yellow", "population_exposed": 3701, "dist_to_drain_km": 0.861, "dist_to_incident_km": 2.442, "rainfall_mm": 60.0}}, {"type": "Feature", "geometry": {"type": "Point", "coordinates": [78.526707, 17.390638]}, "properties": {"cell_id": 830, "risk_score": 0.167, "severity_band": "green", "population_exposed": 3400, "dist_to_drain_km": 0.832, "dist_to_incident_km": 2.918, "rainfall_mm": 60.0}}, {"type": "Feature", "geometry": {"type": "Point", "coordinates": [78.531207, 17.390638]}, "properties": {"cell_id": 831, "risk_score": 0.2047, "severity_band": "green", "population_exposed": 3126, "dist_to_drain_km": 0.649, "dist_to_incident_km": 3.395, "rainfall_mm": 60.0}}, {"type": "Feature", "geometry": {"type": "Point", "coordinates": [78.535707, 17.390638]}, "properties": {"cell_id": 832, "risk_score": 0.3202, "severity_band": "yellow", "population_exposed": 2877, "dist_to_drain_km": 0.373, "dist_to_incident_km": 3.015, "rainfall_mm": 60.0}}, {"type": "Feature", "geometry": {"type": "Point", "coordinates": [78.540207, 17.390638]}, "properties": {"cell_id": 833, "risk_score": 0.3614, "severity_band": "yellow", "population_exposed": 2650, "dist_to_drain_km": 0.24, "dist_to_incident_km": 2.594, "rainfall_mm": 60.0}}, {"type": "Feature", "geometry": {"type": "Point", "coordinates": [78.544707, 17.390638]}, "properties": {"cell_id": 834, "risk_score": 0.332, "severity_band": "red", "population_exposed": 2443, "dist_to_drain_km": 0.377, "dist_to_incident_km": 2.197, "rainfall_mm": 60.0}}, {"type": "Feature", "geometry": {"type": "Point", "coordinates": [78.549207, 17.390638]}, "properties": {"cell_id": 835, "risk_score": 0.2949, "severity_band": "red", "population_exposed": 2255, "dist_to_drain_km": 0.455, "dist_to_incident_km": 1.838, "rainfall_mm": 60.0}}, {"type": "Feature", "geometry": {"type": "Point", "coordinates": [78.553707, 17.390638]}, "properties": {"cell_id": 836, "risk_score": 0.4287, "severity_band": "red", "population_exposed": 2084, "dist_to_drain_km": 0.172, "dist_to_incident_km": 1.544, "rainfall_mm": 60.0}}, {"type": "Feature", "geometry": {"type": "Point", "coordinates": [78.558207, 17.390638]}, "properties": {"cell_id": 837, "risk_score": 0.4632, "severity_band": "red", "population_exposed": 1928, "dist_to_drain_km": 0.138, "dist_to_incident_km": 1.359, "rainfall_mm": 60.0}}, {"type": "Feature", "geometry": {"type": "Point", "coordinates": [78.562707, 17.390638]}, "properties": {"cell_id": 838, "risk_score": 0.5123, "severity_band": "red", "population_exposed": 1787, "dist_to_drain_km": 0.063, "dist_to_incident_km": 1.329, "rainfall_mm": 60.0}}, {"type": "Feature", "geometry": {"type": "Point", "coordinates": [78.567207, 17.390638]}, "properties": {"cell_id": 839, "risk_score": 0.3863, "severity_band": "red", "population_exposed": 1658, "dist_to_drain_km": 0.266, "dist_to_incident_km": 1.463, "rainfall_mm": 60.0}}, {"type": "Feature", "geometry": {"type": "Point", "coordinates": [78.571707, 17.390638]}, "properties": {"cell_id": 840, "risk_score": 0.3493, "severity_band": "red", "population_exposed": 1541, "dist_to_drain_km": 0.331, "dist_to_incident_km": 1.724, "rainfall_mm": 60.0}}, {"type": "Feature", "geometry": {"type": "Point", "coordinates": [78.576207, 17.390638]}, "properties": {"cell_id": 841, "risk_score": 0.3832, "severity_band": "red", "population_exposed": 1435, "dist_to_drain_km": 0.207, "dist_to_incident_km": 2.064, "rainfall_mm": 60.0}}, {"type": "Feature", "geometry": {"type": "Point", "coordinates": [78.580707, 17.390638]}, "properties": {"cell_id": 842, "risk_score": 0.4166, "severity_band": "red", "population_exposed": 1338, "dist_to_drain_km": 0.116, "dist_to_incident_km": 2.45, "rainfall_mm": 60.0}}, {"type": "Feature", "geometry": {"type": "Point", "coordinates": [78.396207, 17.395138]}, "properties": {"cell_id": 843, "risk_score": 0.2564, "severity_band": "green", "population_exposed": 2339, "dist_to_drain_km": 0.465, "dist_to_incident_km": 4.241, "rainfall_mm": 60.0}}, {"type": "Feature", "geometry": {"type": "Point", "coordinates": [78.400707, 17.395138]}, "properties": {"cell_id": 844, "risk_score": 0.2295, "severity_band": "green", "population_exposed": 2397, "dist_to_drain_km": 0.566, "dist_to_incident_km": 4.098, "rainfall_mm": 60.0}}, {"type": "Feature", "geometry": {"type": "Point", "coordinates": [78.405207, 17.395138]}, "properties": {"cell_id": 845, "risk_score": 0.3194, "severity_band": "red", "population_exposed": 2460, "dist_to_drain_km": 0.342, "dist_to_incident_km": 4.006, "rainfall_mm": 60.0}}, {"type": "Feature", "geometry": {"type": "Point", "coordinates": [78.409707, 17.395138]}, "properties": {"cell_id": 846, "risk_score": 0.4076, "severity_band": "red", "population_exposed": 2530, "dist_to_drain_km": 0.099, "dist_to_incident_km": 3.97, "rainfall_mm": 60.0}}, {"type": "Feature", "geometry": {"type": "Point", "coordinates": [78.414207, 17.395138]}, "properties": {"cell_id": 847, "risk_score": 0.4402, "severity_band": "red", "population_exposed": 2610, "dist_to_drain_km": 0.059, "dist_to_incident_km": 3.708, "rainfall_mm": 60.0}}, {"type": "Feature", "geometry": {"type": "Point", "coordinates": [78.418707, 17.395138]}, "properties": {"cell_id": 848, "risk_score": 0.3194, "severity_band": "yellow", "population_exposed": 2704, "dist_to_drain_km": 0.353, "dist_to_incident_km": 3.373, "rainfall_mm": 60.0}}, {"type": "Feature", "geometry": {"type": "Point", "coordinates": [78.423207, 17.395138]}, "properties": {"cell_id": 849, "risk_score": 0.1665, "severity_band": "green", "population_exposed": 2812, "dist_to_drain_km": 0.831, "dist_to_incident_km": 3.075, "rainfall_mm": 60.0}}, {"type": "Feature", "geometry": {"type": "Point", "coordinates": [78.427707, 17.395138]}, "properties": {"cell_id": 850, "risk_score": 0.1606, "severity_band": "green", "population_exposed": 2936, "dist_to_drain_km": 1.057, "dist_to_incident_km": 2.827, "rainfall_mm": 60.0}}, {"type": "Feature", "geometry": {"type": "Point", "coordinates": [78.432207, 17.395138]}, "properties": {"cell_id": 851, "risk_score": 0.2085, "severity_band": "green", "population_exposed": 3080, "dist_to_drain_km": 0.676, "dist_to_incident_km": 2.643, "rainfall_mm": 60.0}}, {"type": "Feature", "geometry": {"type": "Point", "coordinates": [78.436707, 17.395138]}, "properties": {"cell_id": 852, "risk_score": 0.2795, "severity_band": "yellow", "population_exposed": 3244, "dist_to_drain_km": 0.504, "dist_to_incident_km": 2.537, "rainfall_mm": 60.0}}, {"type": "Feature", "geometry": {"type": "Point", "coordinates": [78.441207, 17.395138]}, "properties": {"cell_id": 853, "risk_score": 0.2362, "severity_band": "yellow", "population_exposed": 3431, "dist_to_drain_km": 0.671, "dist_to_incident_km": 2.518, "rainfall_mm": 60.0}}, {"type": "Feature", "geometry": {"type": "Point", "coordinates": [78.445707, 17.395138]}, "properties": {"cell_id": 854, "risk_score": 0.3761, "severity_band": "yellow", "population_exposed": 3642, "dist_to_drain_km": 0.193, "dist_to_incident_km": 2.39, "rainfall_mm": 60.0}}, {"type": "Feature", "geometry": {"type": "Point", "coordinates": [78.450207, 17.395138]}, "properties": {"cell_id": 855, "risk_score": 0.4184, "severity_band": "yellow", "population_exposed": 3878, "dist_to_drain_km": 0.151, "dist_to_incident_km": 1.975, "rainfall_mm": 60.0}}, {"type": "Feature", "geometry": {"type": "Point", "coordinates": [78.454707, 17.395138]}, "properties": {"cell_id": 856, "risk_score": 0.2523, "severity_band": "yellow", "population_exposed": 4141, "dist_to_drain_km": 0.628, "dist_to_incident_km": 1.596, "rainfall_mm": 60.0}}, {"type": "Feature", "geometry": {"type": "Point", "coordinates": [78.459207, 17.395138]}, "properties": {"cell_id": 857, "risk_score": 0.2436, "severity_band": "yellow", "population_exposed": 4430, "dist_to_drain_km": 1.096, "dist_to_incident_km": 1.283, "rainfall_mm": 60.0}}, {"type": "Feature", "geometry": {"type": "Point", "coordinates": [78.463707, 17.395138]}, "properties": {"cell_id": 858, "risk_score": 0.3458, "severity_band": "yellow", "population_exposed": 4744, "dist_to_drain_km": 0.63, "dist_to_incident_km": 1.097, "rainfall_mm": 60.0}}, {"type": "Feature", "geometry": {"type": "Point", "coordinates": [78.468207, 17.395138]}, "properties": {"cell_id": 859, "risk_score": 0.4813, "severity_band": "yellow", "population_exposed": 5079, "dist_to_drain_km": 0.195, "dist_to_incident_km": 0.77, "rainfall_mm": 60.0}}, {"type": "Feature", "geometry": {"type": "Point", "coordinates": [78.472707, 17.395138]}, "properties": {"cell_id": 860, "risk_score": 0.4865, "severity_band": "yellow", "population_exposed": 5424, "dist_to_drain_km": 0.325, "dist_to_incident_km": 0.694, "rainfall_mm": 60.0}}, {"type": "Feature", "geometry": {"type": "Point", "coordinates": [78.477207, 17.395138]}, "properties": {"cell_id": 861, "risk_score": 0.3436, "severity_band": "yellow", "population_exposed": 5753, "dist_to_drain_km": 0.77, "dist_to_incident_km": 0.909, "rainfall_mm": 60.0}}, {"type": "Feature", "geometry": {"type": "Point", "coordinates": [78.481707, 17.395138]}, "properties": {"cell_id": 862, "risk_score": 0.293, "severity_band": "yellow", "population_exposed": 6015, "dist_to_drain_km": 1.061, "dist_to_incident_km": 0.793, "rainfall_mm": 60.0}}, {"type": "Feature", "geometry": {"type": "Point", "coordinates": [78.486207, 17.395138]}, "properties": {"cell_id": 863, "risk_score": 0.3873, "severity_band": "yellow", "population_exposed": 6126, "dist_to_drain_km": 0.901, "dist_to_incident_km": 0.411, "rainfall_mm": 60.0}}, {"type": "Feature", "geometry": {"type": "Point", "coordinates": [78.490707, 17.395138]}, "properties": {"cell_id": 864, "risk_score": 0.4557, "severity_band": "yellow", "population_exposed": 6024, "dist_to_drain_km": 0.577, "dist_to_incident_km": 0.406, "rainfall_mm": 60.0}}, {"type": "Feature", "geometry": {"type": "Point", "coordinates": [78.495207, 17.395138]}, "properties": {"cell_id": 865, "risk_score": 0.5149, "severity_band": "yellow", "population_exposed": 5752, "dist_to_drain_km": 0.211, "dist_to_incident_km": 0.694, "rainfall_mm": 60.0}}, {"type": "Feature", "geometry": {"type": "Point", "coordinates": [78.499707, 17.395138]}, "properties": {"cell_id": 866, "risk_score": 0.6346, "severity_band": "yellow", "population_exposed": 5395, "dist_to_drain_km": 0.015, "dist_to_incident_km": 0.65, "rainfall_mm": 60.0}}, {"type": "Feature", "geometry": {"type": "Point", "coordinates": [78.504207, 17.395138]}, "properties": {"cell_id": 867, "risk_score": 0.5648, "severity_band": "yellow", "population_exposed": 5014, "dist_to_drain_km": 0.041, "dist_to_incident_km": 0.835, "rainfall_mm": 60.0}}, {"type": "Feature", "geometry": {"type": "Point", "coordinates": [78.508707, 17.395138]}, "properties": {"cell_id": 868, "risk_score": 0.36, "severity_band": "yellow", "population_exposed": 4638, "dist_to_drain_km": 0.457, "dist_to_incident_km": 1.195, "rainfall_mm": 60.0}}, {"type": "Feature", "geometry": {"type": "Point", "coordinates": [78.513207, 17.395138]}, "properties": {"cell_id": 869, "risk_score": 0.2214, "severity_band": "yellow", "population_exposed": 4279, "dist_to_drain_km": 0.922, "dist_to_incident_km": 1.617, "rainfall_mm": 60.0}}, {"type": "Feature", "geometry": {"type": "Point", "coordinates": [78.517707, 17.395138]}, "properties": {"cell_id": 870, "risk_score": 0.2365, "severity_band": "yellow", "population_exposed": 3942, "dist_to_drain_km": 0.734, "dist_to_incident_km": 2.064, "rainfall_mm": 60.0}}, {"type": "Feature", "geometry": {"type": "Point", "coordinates": [78.522207, 17.395138]}, "properties": {"cell_id": 871, "risk_score": 0.3274, "severity_band": "yellow", "population_exposed": 3631, "dist_to_drain_km": 0.386, "dist_to_incident_km": 2.522, "rainfall_mm": 60.0}}, {"type": "Feature", "geometry": {"type": "Point", "coordinates": [78.526707, 17.395138]}, "properties": {"cell_id": 872, "risk_score": 0.3203, "severity_band": "yellow", "population_exposed": 3344, "dist_to_drain_km": 0.337, "dist_to_incident_km": 2.986, "rainfall_mm": 60.0}}, {"type": "Feature", "geometry": {"type": "Point", "coordinates": [78.531207, 17.395138]}, "properties": {"cell_id": 873, "risk_score": 0.2563, "severity_band": "yellow", "population_exposed": 3080, "dist_to_drain_km": 0.513, "dist_to_incident_km": 3.292, "rainfall_mm": 60.0}}, {"type": "Feature", "geometry": {"type": "Point", "coordinates": [78.535707, 17.395138]}, "properties": {"cell_id": 874, "risk_score": 0.348, "severity_band": "yellow", "population_exposed": 2838, "dist_to_drain_km": 0.291, "dist_to_incident_km": 2.832, "rainfall_mm": 60.0}}, {"type": "Feature", "geometry": {"type": "Point", "coordinates": [78.540207, 17.395138]}, "properties": {"cell_id": 875, "risk_score": 0.4171, "severity_band": "red", "population_exposed": 2618, "dist_to_drain_km": 0.116, "dist_to_incident_km": 2.379, "rainfall_mm": 60.0}}, {"type": "Feature", "geometry": {"type": "Point", "coordinates": [78.544707, 17.395138]}, "properties": {"cell_id": 876, "risk_score": 0.348, "severity_band": "red", "population_exposed": 2416, "dist_to_drain_km": 0.331, "dist_to_incident_km": 1.938, "rainfall_mm": 60.0}}, {"type": "Feature", "geometry": {"type": "Point", "coordinates": [78.549207, 17.395138]}, "properties": {"cell_id": 877, "risk_score": 0.2944, "severity_band": "red", "population_exposed": 2232, "dist_to_drain_km": 0.497, "dist_to_incident_km": 1.519, "rainfall_mm": 60.0}}, {"type": "Feature", "geometry": {"type": "Point", "coordinates": [78.553707, 17.395138]}, "properties": {"cell_id": 878, "risk_score": 0.4282, "severity_band": "red", "population_exposed": 2064, "dist_to_drain_km": 0.295, "dist_to_incident_km": 1.146, "rainfall_mm": 60.0}}, {"type": "Feature", "geometry": {"type": "Point", "coordinates": [78.558207, 17.395138]}, "properties": {"cell_id": 879, "risk_score": 0.4469, "severity_band": "red", "population_exposed": 1912, "dist_to_drain_km": 0.307, "dist_to_incident_km": 0.881, "rainfall_mm": 60.0}}, {"type": "Feature", "geometry": {"type": "Point", "coordinates": [78.562707, 17.395138]}, "properties": {"cell_id": 880, "risk_score": 0.5461, "severity_band": "red", "population_exposed": 1772, "dist_to_drain_km": 0.077, "dist_to_incident_km": 0.834, "rainfall_mm": 60.0}}, {"type": "Feature", "geometry": {"type": "Point", "coordinates": [78.567207, 17.395138]}, "properties": {"cell_id": 881, "risk_score": 0.5024, "severity_band": "red", "population_exposed": 1646, "dist_to_drain_km": 0.133, "dist_to_incident_km": 1.035, "rainfall_mm": 60.0}}, {"type": "Feature", "geometry": {"type": "Point", "coordinates": [78.571707, 17.395138]}, "properties": {"cell_id": 882, "risk_score": 0.4783, "severity_band": "red", "population_exposed": 1531, "dist_to_drain_km": 0.124, "dist_to_incident_km": 1.379, "rainfall_mm": 60.0}}, {"type": "Feature", "geometry": {"type": "Point", "coordinates": [78.576207, 17.395138]}, "properties": {"cell_id": 883, "risk_score": 0.4198, "severity_band": "red", "population_exposed": 1426, "dist_to_drain_km": 0.154, "dist_to_incident_km": 1.786, "rainfall_mm": 60.0}}, {"type": "Feature", "geometry": {"type": "Point", "coordinates": [78.391707, 17.399638]}, "properties": {"cell_id": 884, "risk_score": 0.1601, "severity_band": "green", "population_exposed": 2397, "dist_to_drain_km": 1.018, "dist_to_incident_km": 3.99, "rainfall_mm": 60.0}}, {"type": "Feature", "geometry": {"type": "Point", "coordinates": [78.396207, 17.399638]}, "properties": {"cell_id": 885, "risk_score": 0.1956, "severity_band": "green", "population_exposed": 2442, "dist_to_drain_km": 0.713, "dist_to_incident_km": 3.777, "rainfall_mm": 60.0}}, {"type": "Feature", "geometry": {"type": "Point", "coordinates": [78.400707, 17.399638]}, "properties": {"cell_id": 886, "risk_score": 0.2064, "severity_band": "green", "population_exposed": 2488, "dist_to_drain_km": 0.629, "dist_to_incident_km": 3.615, "rainfall_mm": 60.0}}, {"type": "Feature", "geometry": {"type": "Point", "coordinates": [78.405207, 17.399638]}, "properties": {"cell_id": 887, "risk_score": 0.1924, "severity_band": "green", "population_exposed": 2539, "dist_to_drain_km": 0.785, "dist_to_incident_km": 3.511, "rainfall_mm": 60.0}}, {"type": "Feature", "geometry": {"type": "Point", "coordinates": [78.409707, 17.399638]}, "properties": {"cell_id": 888, "risk_score": 0.2558, "severity_band": "green", "population_exposed": 2596, "dist_to_drain_km": 0.492, "dist_to_incident_km": 3.47, "rainfall_mm": 60.0}}, {"type": "Feature", "geometry": {"type": "Point", "coordinates": [78.414207, 17.399638]}, "properties": {"cell_id": 889, "risk_score": 0.2722, "severity_band": "green", "population_exposed": 2664, "dist_to_drain_km": 0.404, "dist_to_incident_km": 3.389, "rainfall_mm": 60.0}}, {"type": "Feature", "geometry": {"type": "Point", "coordinates": [78.418707, 17.399638]}, "properties": {"cell_id": 890, "risk_score": 0.2777, "severity_band": "yellow", "population_exposed": 2744, "dist_to_drain_km": 0.398, "dist_to_incident_km": 3.019, "rainfall_mm": 60.0}}, {"type": "Feature", "geometry": {"type": "Point", "coordinates": [78.423207, 17.399638]}, "properties": {"cell_id": 891, "risk_score": 0.2052, "severity_band": "green", "population_exposed": 2838, "dist_to_drain_km": 0.681, "dist_to_incident_km": 2.682, "rainfall_mm": 60.0}}, {"type": "Feature", "geometry": {"type": "Point", "coordinates": [78.427707, 17.399638]}, "properties": {"cell_id": 892, "risk_score": 0.1938, "severity_band": "green", "population_exposed": 2949, "dist_to_drain_km": 0.929, "dist_to_incident_km": 2.393, "rainfall_mm": 60.0}}, {"type": "Feature", "geometry": {"type": "Point", "coordinates": [78.432207, 17.399638]}, "properties": {"cell_id": 893, "risk_score": 0.2942, "severity_band": "yellow", "population_exposed": 3078, "dist_to_drain_km": 0.451, "dist_to_incident_km": 2.173, "rainfall_mm": 60.0}}, {"type": "Feature", "geometry": {"type": "Point", "coordinates": [78.436707, 17.399638]}, "properties": {"cell_id": 894, "risk_score": 0.4809, "severity_band": "yellow", "population_exposed": 3227, "dist_to_drain_km": 0.026, "dist_to_incident_km": 2.042, "rainfall_mm": 60.0}}, {"type": "Feature", "geometry": {"type": "Point", "coordinates": [78.441207, 17.399638]}, "properties": {"cell_id": 895, "risk_score": 0.2942, "severity_band": "yellow", "population_exposed": 3397, "dist_to_drain_km": 0.479, "dist_to_incident_km": 2.018, "rainfall_mm": 60.0}}, {"type": "Feature", "geometry": {"type": "Point", "coordinates": [78.445707, 17.399638]}, "properties": {"cell_id": 896, "risk_score": 0.2748, "severity_band": "yellow", "population_exposed": 3588, "dist_to_drain_km": 0.529, "dist_to_incident_km": 2.106, "rainfall_mm": 60.0}}, {"type": "Feature", "geometry": {"type": "Point", "coordinates": [78.450207, 17.399638]}, "properties": {"cell_id": 897, "risk_score": 0.4198, "severity_band": "yellow", "population_exposed": 3802, "dist_to_drain_km": 0.155, "dist_to_incident_km": 1.754, "rainfall_mm": 60.0}}, {"type": "Feature", "geometry": {"type": "Point", "coordinates": [78.454707, 17.399638]}, "properties": {"cell_id": 898, "risk_score": 0.3344, "severity_band": "yellow", "population_exposed": 4038, "dist_to_drain_km": 0.426, "dist_to_incident_km": 1.312, "rainfall_mm": 60.0}}, {"type": "Feature", "geometry": {"type": "Point", "coordinates": [78.459207, 17.399638]}, "properties": {"cell_id": 899, "risk_score": 0.3021, "severity_band": "yellow", "population_exposed": 4294, "dist_to_drain_km": 0.875, "dist_to_incident_km": 0.907, "rainfall_mm": 60.0}}, {"type": "Feature", "geometry": {"type": "Point", "coordinates": [78.463707, 17.399638]}, "properties": {"cell_id": 900, "risk_score": 0.3754, "severity_band": "yellow", "population_exposed": 4566, "dist_to_drain_km": 0.679, "dist_to_incident_km": 0.616, "rainfall_mm": 60.0}}, {"type": "Feature", "geometry": {"type": "Point", "coordinates": [78.468207, 17.399638]}, "properties": {"cell_id": 901, "risk_score": 0.5037, "severity_band": "yellow", "population_exposed": 4846, "dist_to_drain_km": 0.27, "dist_to_incident_km": 0.625, "rainfall_mm": 60.0}}, {"type": "Feature", "geometry": {"type": "Point", "coordinates": [78.472707, 17.399638]}, "properties": {"cell_id": 902, "risk_score": 0.4446, "severity_band": "yellow", "population_exposed": 5121, "dist_to_drain_km": 0.332, "dist_to_incident_km": 0.927, "rainfall_mm": 60.0}}, {"type": "Feature", "geometry": {"type": "Point", "coordinates": [78.477207, 17.399638]}, "properties": {"cell_id": 903, "risk_score": 0.3366, "severity_band": "yellow", "population_exposed": 5364, "dist_to_drain_km": 0.76, "dist_to_incident_km": 1.21, "rainfall_mm": 60.0}}, {"type": "Feature", "geometry": {"type": "Point", "coordinates": [78.481707, 17.399638]}, "properties": {"cell_id": 904, "risk_score": 0.3688, "severity_band": "yellow", "population_exposed": 5539, "dist_to_drain_km": 0.616, "dist_to_incident_km": 0.74, "rainfall_mm": 60.0}}, {"type": "Feature", "geometry": {"type": "Point", "coordinates": [78.486207, 17.399638]}, "properties": {"cell_id": 905, "risk_score": 0.519, "severity_band": "yellow", "population_exposed": 5603, "dist_to_drain_km": 0.409, "dist_to_incident_km": 0.296, "rainfall_mm": 60.0}}, {"type": "Feature", "geometry": {"type": "Point", "coordinates": [78.490707, 17.399638]}, "properties": {"cell_id": 906, "risk_score": 0.591, "severity_band": "yellow", "population_exposed": 5530, "dist_to_drain_km": 0.318, "dist_to_incident_km": 0.289, "rainfall_mm": 60.0}}, {"type": "Feature", "geometry": {"type": "Point", "coordinates": [78.495207, 17.399638]}, "properties": {"cell_id": 907, "risk_score": 0.6568, "severity_band": "yellow", "population_exposed": 5338, "dist_to_drain_km": 0.112, "dist_to_incident_km": 0.295, "rainfall_mm": 60.0}}, {"type": "Feature", "geometry": {"type": "Point", "coordinates": [78.499707, 17.399638]}, "properties": {"cell_id": 908, "risk_score": 0.5878, "severity_band": "yellow", "population_exposed": 5068, "dist_to_drain_km": 0.359, "dist_to_incident_km": 0.263, "rainfall_mm": 60.0}}, {"type": "Feature", "geometry": {"type": "Point", "coordinates": [78.504207, 17.399638]}, "properties": {"cell_id": 909, "risk_score": 0.631, "severity_band": "yellow", "population_exposed": 4758, "dist_to_drain_km": 0.041, "dist_to_incident_km": 0.713, "rainfall_mm": 60.0}}, {"type": "Feature", "geometry": {"type": "Point", "coordinates": [78.508707, 17.399638]}, "properties": {"cell_id": 910, "risk_score": 0.3691, "severity_band": "yellow", "population_exposed": 4436, "dist_to_drain_km": 0.414, "dist_to_incident_km": 1.184, "rainfall_mm": 60.0}}, {"type": "Feature", "geometry": {"type": "Point", "coordinates": [78.513207, 17.399638]}, "properties": {"cell_id": 911, "risk_score": 0.2251, "severity_band": "yellow", "population_exposed": 4118, "dist_to_drain_km": 0.842, "dist_to_incident_km": 1.659, "rainfall_mm": 60.0}}, {"type": "Feature", "geometry": {"type": "Point", "coordinates": [78.517707, 17.399638]}, "properties": {"cell_id": 912, "risk_score": 0.248, "severity_band": "yellow", "population_exposed": 3814, "dist_to_drain_km": 0.619, "dist_to_incident_km": 2.135, "rainfall_mm": 60.0}}, {"type": "Feature", "geometry": {"type": "Point", "coordinates": [78.522207, 17.399638]}, "properties": {"cell_id": 913, "risk_score": 0.4046, "severity_band": "yellow", "population_exposed": 3526, "dist_to_drain_km": 0.158, "dist_to_incident_km": 2.612, "rainfall_mm": 60.0}}, {"type": "Feature", "geometry": {"type": "Point", "coordinates": [78.526707, 17.399638]}, "properties": {"cell_id": 914, "risk_score": 0.4077, "severity_band": "yellow", "population_exposed": 3258, "dist_to_drain_km": 0.108, "dist_to_incident_km": 3.088, "rainfall_mm": 60.0}}, {"type": "Feature", "geometry": {"type": "Point", "coordinates": [78.531207, 17.399638]}, "properties": {"cell_id": 915, "risk_score": 0.3184, "severity_band": "yellow", "population_exposed": 3009, "dist_to_drain_km": 0.387, "dist_to_incident_km": 3.204, "rainfall_mm": 60.0}}, {"type": "Feature", "geometry": {"type": "Point", "coordinates": [78.535707, 17.399638]}, "properties": {"cell_id": 916, "risk_score": 0.3203, "severity_band": "yellow", "population_exposed": 2779, "dist_to_drain_km": 0.334, "dist_to_incident_km": 2.73, "rainfall_mm": 60.0}}, {"type": "Feature", "geometry": {"type": "Point", "coordinates": [78.540207, 17.399638]}, "properties": {"cell_id": 917, "risk_score": 0.4228, "severity_band": "red", "population_exposed": 2568, "dist_to_drain_km": 0.12, "dist_to_incident_km": 2.256, "rainfall_mm": 60.0}}, {"type": "Feature", "geometry": {"type": "Point", "coordinates": [78.544707, 17.399638]}, "properties": {"cell_id": 918, "risk_score": 0.3504, "severity_band": "red", "population_exposed": 2374, "dist_to_drain_km": 0.325, "dist_to_incident_km": 1.785, "rainfall_mm": 60.0}}, {"type": "Feature", "geometry": {"type": "Point", "coordinates": [78.549207, 17.399638]}, "properties": {"cell_id": 919, "risk_score": 0.4037, "severity_band": "red", "population_exposed": 2197, "dist_to_drain_km": 0.267, "dist_to_incident_km": 1.318, "rainfall_mm": 60.0}}, {"type": "Feature", "geometry": {"type": "Point", "coordinates": [78.553707, 17.399638]}, "properties": {"cell_id": 920, "risk_score": 0.4469, "severity_band": "red", "population_exposed": 2034, "dist_to_drain_km": 0.35, "dist_to_incident_km": 0.862, "rainfall_mm": 60.0}}, {"type": "Feature", "geometry": {"type": "Point", "coordinates": [78.558207, 17.399638]}, "properties": {"cell_id": 921, "risk_score": 0.4493, "severity_band": "red", "population_exposed": 1886, "dist_to_drain_km": 0.584, "dist_to_incident_km": 0.455, "rainfall_mm": 60.0}}, {"type": "Feature", "geometry": {"type": "Point", "coordinates": [78.562707, 17.399638]}, "properties": {"cell_id": 922, "risk_score": 0.5386, "severity_band": "red", "population_exposed": 1750, "dist_to_drain_km": 0.389, "dist_to_incident_km": 0.354, "rainfall_mm": 60.0}}, {"type": "Feature", "geometry": {"type": "Point", "coordinates": [78.567207, 17.399638]}, "properties": {"cell_id": 923, "risk_score": 0.4835, "severity_band": "red", "population_exposed": 1627, "dist_to_drain_km": 0.341, "dist_to_incident_km": 0.708, "rainfall_mm": 60.0}}, {"type": "Feature", "geometry": {"type": "Point", "coordinates": [78.571707, 17.399638]}, "properties": {"cell_id": 924, "risk_score": 0.4747, "severity_band": "red", "population_exposed": 1514, "dist_to_drain_km": 0.184, "dist_to_incident_km": 1.154, "rainfall_mm": 60.0}}, {"type": "Feature", "geometry": {"type": "Point", "coordinates": [78.576207, 17.399638]}, "properties": {"cell_id": 925, "risk_score": 0.3826, "severity_band": "red", "population_exposed": 1412, "dist_to_drain_km": 0.249, "dist_to_incident_km": 1.618, "rainfall_mm": 60.0}}, {"type": "Feature", "geometry": {"type": "Point", "coordinates": [78.580707, 17.399638]}, "properties": {"cell_id": 926, "risk_score": 0.4668, "severity_band": "red", "population_exposed": 1318, "dist_to_drain_km": 0.069, "dist_to_incident_km": 2.088, "rainfall_mm": 60.0}}, {"type": "Feature", "geometry": {"type": "Point", "coordinates": [78.391707, 17.404138]}, "properties": {"cell_id": 927, "risk_score": 0.1852, "severity_band": "green", "population_exposed": 2521, "dist_to_drain_km": 0.802, "dist_to_incident_km": 3.564, "rainfall_mm": 60.0}}, {"type": "Feature", "geometry": {"type": "Point", "coordinates": [78.396207, 17.404138]}, "properties": {"cell_id": 928, "risk_score": 0.3194, "severity_band": "red", "population_exposed": 2553, "dist_to_drain_km": 0.343, "dist_to_incident_km": 3.323, "rainfall_mm": 60.0}}, {"type": "Feature", "geometry": {"type": "Point", "coordinates": [78.400707, 17.404138]}, "properties": {"cell_id": 929, "risk_score": 0.3867, "severity_band": "red", "population_exposed": 2585, "dist_to_drain_km": 0.162, "dist_to_incident_km": 3.138, "rainfall_mm": 60.0}}, {"type": "Feature", "geometry": {"type": "Point", "coordinates": [78.405207, 17.404138]}, "properties": {"cell_id": 930, "risk_score": 0.2413, "severity_band": "green", "population_exposed": 2620, "dist_to_drain_km": 0.523, "dist_to_incident_km": 3.017, "rainfall_mm": 60.0}}, {"type": "Feature", "geometry": {"type": "Point", "coordinates": [78.409707, 17.404138]}, "properties": {"cell_id": 931, "risk_score": 0.3603, "severity_band": "yellow", "population_exposed": 2662, "dist_to_drain_km": 0.216, "dist_to_incident_km": 2.969, "rainfall_mm": 60.0}}, {"type": "Feature", "geometry": {"type": "Point", "coordinates": [78.414207, 17.404138]}, "properties": {"cell_id": 932, "risk_score": 0.4145, "severity_band": "yellow", "population_exposed": 2713, "dist_to_drain_km": 0.079, "dist_to_incident_km": 2.998, "rainfall_mm": 60.0}}, {"type": "Feature", "geometry": {"type": "Point", "coordinates": [78.418707, 17.404138]}, "properties": {"cell_id": 933, "risk_score": 0.4243, "severity_band": "yellow", "population_exposed": 2777, "dist_to_drain_km": 0.114, "dist_to_incident_km": 2.71, "rainfall_mm": 60.0}}, {"type": "Feature", "geometry": {"type": "Point", "coordinates": [78.423207, 17.404138]}, "properties": {"cell_id": 934, "risk_score": 0.2671, "severity_band": "yellow", "population_exposed": 2856, "dist_to_drain_km": 0.552, "dist_to_incident_km": 2.33, "rainfall_mm": 60.0}}, {"type": "Feature", "geometry": {"type": "Point", "coordinates": [78.427707, 17.404138]}, "properties": {"cell_id": 935, "risk_score": 0.2353, "severity_band": "green", "population_exposed": 2950, "dist_to_drain_km": 0.774, "dist_to_incident_km": 1.991, "rainfall_mm": 60.0}}, {"type": "Feature", "geometry": {"type": "Point", "coordinates": [78.432207, 17.404138]}, "properties": {"cell_id": 936, "risk_score": 0.2696, "severity_band": "yellow", "population_exposed": 3062, "dist_to_drain_km": 0.558, "dist_to_incident_km": 1.719, "rainfall_mm": 60.0}}, {"type": "Feature", "geometry": {"type": "Point", "coordinates": [78.436707, 17.404138]}, "properties": {"cell_id": 937, "risk_score": 0.4591, "severity_band": "yellow", "population_exposed": 3193, "dist_to_drain_km": 0.112, "dist_to_incident_km": 1.551, "rainfall_mm": 60.0}}, {"type": "Feature", "geometry": {"type": "Point", "coordinates": [78.441207, 17.404138]}, "properties": {"cell_id": 938, "risk_score": 0.4982, "severity_band": "yellow", "population_exposed": 3343, "dist_to_drain_km": 0.026, "dist_to_incident_km": 1.52, "rainfall_mm": 60.0}}, {"type": "Feature", "geometry": {"type": "Point", "coordinates": [78.445707, 17.404138]}, "properties": {"cell_id": 939, "risk_score": 0.4215, "severity_band": "yellow", "population_exposed": 3512, "dist_to_drain_km": 0.15, "dist_to_incident_km": 1.634, "rainfall_mm": 60.0}}, {"type": "Feature", "geometry": {"type": "Point", "coordinates": [78.450207, 17.404138]}, "properties": {"cell_id": 940, "risk_score": 0.38, "severity_band": "yellow", "population_exposed": 3700, "dist_to_drain_km": 0.255, "dist_to_incident_km": 1.66, "rainfall_mm": 60.0}}, {"type": "Feature", "geometry": {"type": "Point", "coordinates": [78.454707, 17.404138]}, "properties": {"cell_id": 941, "risk_score": 0.3609, "severity_band": "yellow", "population_exposed": 3906, "dist_to_drain_km": 0.47, "dist_to_incident_km": 1.183, "rainfall_mm": 60.0}}, {"type": "Feature", "geometry": {"type": "Point", "coordinates": [78.459207, 17.404138]}, "properties": {"cell_id": 942, "risk_score": 0.3649, "severity_band": "yellow", "population_exposed": 4125, "dist_to_drain_km": 0.69, "dist_to_incident_km": 0.707, "rainfall_mm": 60.0}}, {"type": "Feature", "geometry": {"type": "Point", "coordinates": [78.463707, 17.404138]}, "properties": {"cell_id": 943, "risk_score": 0.4242, "severity_band": "yellow", "population_exposed": 4353, "dist_to_drain_km": 0.903, "dist_to_incident_km": 0.237, "rainfall_mm": 60.0}}, {"type": "Feature", "geometry": {"type": "Point", "coordinates": [78.468207, 17.404138]}, "properties": {"cell_id": 944, "risk_score": 0.4534, "severity_band": "yellow", "population_exposed": 4581, "dist_to_drain_km": 0.723, "dist_to_incident_km": 0.262, "rainfall_mm": 60.0}}, {"type": "Feature", "geometry": {"type": "Point", "coordinates": [78.472707, 17.404138]}, "properties": {"cell_id": 945, "risk_score": 0.3717, "severity_band": "yellow", "population_exposed": 4794, "dist_to_drain_km": 0.544, "dist_to_incident_km": 0.733, "rainfall_mm": 60.0}}, {"type": "Feature", "geometry": {"type": "Point", "coordinates": [78.477207, 17.404138]}, "properties": {"cell_id": 946, "risk_score": 0.4263, "severity_band": "yellow", "population_exposed": 4973, "dist_to_drain_km": 0.323, "dist_to_incident_km": 1.209, "rainfall_mm": 60.0}}, {"type": "Feature", "geometry": {"type": "Point", "coordinates": [78.481707, 17.404138]}, "properties": {"cell_id": 947, "risk_score": 0.4698, "severity_band": "yellow", "population_exposed": 5093, "dist_to_drain_km": 0.218, "dist_to_incident_km": 0.984, "rainfall_mm": 60.0}}, {"type": "Feature", "geometry": {"type": "Point", "coordinates": [78.486207, 17.404138]}, "properties": {"cell_id": 948, "risk_score": 0.6253, "severity_band": "yellow", "population_exposed": 5130, "dist_to_drain_km": 0.04, "dist_to_incident_km": 0.712, "rainfall_mm": 60.0}}, {"type": "Feature", "geometry": {"type": "Point", "coordinates": [78.490707, 17.404138]}, "properties": {"cell_id": 949, "risk_score": 0.5907, "severity_band": "yellow", "population_exposed": 5073, "dist_to_drain_km": 0.08, "dist_to_incident_km": 0.709, "rainfall_mm": 60.0}}, {"type": "Feature", "geometry": {"type": "Point", "coordinates": [78.495207, 17.404138]}, "properties": {"cell_id": 950, "risk_score": 0.515, "severity_band": "yellow", "population_exposed": 4929, "dist_to_drain_km": 0.364, "dist_to_incident_km": 0.439, "rainfall_mm": 60.0}}, {"type": "Feature", "geometry": {"type": "Point", "coordinates": [78.499707, 17.404138]}, "properties": {"cell_id": 951, "risk_score": 0.4456, "severity_band": "yellow", "population_exposed": 4720, "dist_to_drain_km": 0.648, "dist_to_incident_km": 0.418, "rainfall_mm": 60.0}}, {"type": "Feature", "geometry": {"type": "Point", "coordinates": [78.504207, 17.404138]}, "properties": {"cell_id": 952, "risk_score": 0.4713, "severity_band": "yellow", "population_exposed": 4470, "dist_to_drain_km": 0.233, "dist_to_incident_km": 0.783, "rainfall_mm": 60.0}}, {"type": "Feature", "geometry": {"type": "Point", "coordinates": [78.508707, 17.404138]}, "properties": {"cell_id": 953, "risk_score": 0.4596, "severity_band": "yellow", "population_exposed": 4200, "dist_to_drain_km": 0.213, "dist_to_incident_km": 1.228, "rainfall_mm": 60.0}}, {"type": "Feature", "geometry": {"type": "Point", "coordinates": [78.513207, 17.404138]}, "properties": {"cell_id": 954, "risk_score": 0.2696, "severity_band": "yellow", "population_exposed": 3925, "dist_to_drain_km": 0.562, "dist_to_incident_km": 1.69, "rainfall_mm": 60.0}}, {"type": "Feature", "geometry": {"type": "Point", "coordinates": [78.517707, 17.404138]}, "properties": {"cell_id": 955, "risk_score": 0.2344, "severity_band": "yellow", "population_exposed": 3654, "dist_to_drain_km": 0.733, "dist_to_incident_km": 2.16, "rainfall_mm": 60.0}}, {"type": "Feature", "geometry": {"type": "Point", "coordinates": [78.522207, 17.404138]}, "properties": {"cell_id": 956, "risk_score": 0.3207, "severity_band": "yellow", "population_exposed": 3394, "dist_to_drain_km": 0.392, "dist_to_incident_km": 2.632, "rainfall_mm": 60.0}}, {"type": "Feature", "geometry": {"type": "Point", "coordinates": [78.526707, 17.404138]}, "properties": {"cell_id": 957, "risk_score": 0.2572, "severity_band": "yellow", "population_exposed": 3148, "dist_to_drain_km": 0.468, "dist_to_incident_km": 3.105, "rainfall_mm": 60.0}}, {"type": "Feature", "geometry": {"type": "Point", "coordinates": [78.531207, 17.404138]}, "properties": {"cell_id": 958, "risk_score": 0.2029, "severity_band": "green", "population_exposed": 2918, "dist_to_drain_km": 0.704, "dist_to_incident_km": 3.194, "rainfall_mm": 60.0}}, {"type": "Feature", "geometry": {"type": "Point", "coordinates": [78.535707, 17.404138]}, "properties": {"cell_id": 959, "risk_score": 0.2603, "severity_band": "green", "population_exposed": 2702, "dist_to_drain_km": 0.421, "dist_to_incident_km": 2.717, "rainfall_mm": 60.0}}, {"type": "Feature", "geometry": {"type": "Point", "coordinates": [78.540207, 17.404138]}, "properties": {"cell_id": 960, "risk_score": 0.4157, "severity_band": "red", "population_exposed": 2503, "dist_to_drain_km": 0.16, "dist_to_incident_km": 2.241, "rainfall_mm": 60.0}}, {"type": "Feature", "geometry": {"type": "Point", "coordinates": [78.544707, 17.404138]}, "properties": {"cell_id": 961, "risk_score": 0.3493, "severity_band": "red", "population_exposed": 2319, "dist_to_drain_km": 0.363, "dist_to_incident_km": 1.765, "rainfall_mm": 60.0}}, {"type": "Feature", "geometry": {"type": "Point", "coordinates": [78.549207, 17.404138]}, "properties": {"cell_id": 962, "risk_score": 0.492, "severity_band": "red", "population_exposed": 2150, "dist_to_drain_km": 0.128, "dist_to_incident_km": 1.291, "rainfall_mm": 60.0}}, {"type": "Feature", "geometry": {"type": "Point", "coordinates": [78.553707, 17.404138]}, "properties": {"cell_id": 963, "risk_score": 0.4469, "severity_band": "red", "population_exposed": 1994, "dist_to_drain_km": 0.306, "dist_to_incident_km": 0.821, "rainfall_mm": 60.0}}, {"type": "Feature", "geometry": {"type": "Point", "coordinates": [78.558207, 17.404138]}, "properties": {"cell_id": 964, "risk_score": 0.4195, "severity_band": "red", "population_exposed": 1852, "dist_to_drain_km": 0.738, "dist_to_incident_km": 0.371, "rainfall_mm": 60.0}}, {"type": "Feature", "geometry": {"type": "Point", "coordinates": [78.562707, 17.404138]}, "properties": {"cell_id": 965, "risk_score": 0.5119, "severity_band": "red", "population_exposed": 1721, "dist_to_drain_km": 0.475, "dist_to_incident_km": 0.238, "rainfall_mm": 60.0}}, {"type": "Feature", "geometry": {"type": "Point", "coordinates": [78.567207, 17.404138]}, "properties": {"cell_id": 966, "risk_score": 0.4921, "severity_band": "red", "population_exposed": 1602, "dist_to_drain_km": 0.329, "dist_to_incident_km": 0.657, "rainfall_mm": 60.0}}, {"type": "Feature", "geometry": {"type": "Point", "coordinates": [78.571707, 17.404138]}, "properties": {"cell_id": 967, "risk_score": 0.4306, "severity_band": "red", "population_exposed": 1492, "dist_to_drain_km": 0.279, "dist_to_incident_km": 1.124, "rainfall_mm": 60.0}}, {"type": "Feature", "geometry": {"type": "Point", "coordinates": [78.576207, 17.404138]}, "properties": {"cell_id": 968, "risk_score": 0.4828, "severity_band": "red", "population_exposed": 1392, "dist_to_drain_km": 0.07, "dist_to_incident_km": 1.597, "rainfall_mm": 60.0}}, {"type": "Feature", "geometry": {"type": "Point", "coordinates": [78.580707, 17.404138]}, "properties": {"cell_id": 969, "risk_score": 0.4637, "severity_band": "red", "population_exposed": 1302, "dist_to_drain_km": 0.072, "dist_to_incident_km": 2.072, "rainfall_mm": 60.0}}, {"type": "Feature", "geometry": {"type": "Point", "coordinates": [78.391707, 17.408638]}, "properties": {"cell_id": 970, "risk_score": 0.1665, "severity_band": "green", "population_exposed": 2656, "dist_to_drain_km": 0.831, "dist_to_incident_km": 3.159, "rainfall_mm": 60.0}}, {"type": "Feature", "geometry": {"type": "Point", "coordinates": [78.396207, 17.408638]}, "properties": {"cell_id": 971, "risk_score": 0.3193, "severity_band": "yellow", "population_exposed": 2672, "dist_to_drain_km": 0.388, "dist_to_incident_km": 2.885, "rainfall_mm": 60.0}}, {"type": "Feature", "geometry": {"type": "Point", "coordinates": [78.400707, 17.408638]}, "properties": {"cell_id": 972, "risk_score": 0.359, "severity_band": "yellow", "population_exposed": 2686, "dist_to_drain_km": 0.223, "dist_to_incident_km": 2.669, "rainfall_mm": 60.0}}, {"type": "Feature", "geometry": {"type": "Point", "coordinates": [78.405207, 17.408638]}, "properties": {"cell_id": 973, "risk_score": 0.4732, "severity_band": "red", "population_exposed": 2703, "dist_to_drain_km": 0.024, "dist_to_incident_km": 2.527, "rainfall_mm": 60.0}}, {"type": "Feature", "geometry": {"type": "Point", "coordinates": [78.409707, 17.408638]}, "properties": {"cell_id": 974, "risk_score": 0.4723, "severity_band": "red", "population_exposed": 2726, "dist_to_drain_km": 0.037, "dist_to_incident_km": 2.469, "rainfall_mm": 60.0}}, {"type": "Feature", "geometry": {"type": "Point", "coordinates": [78.414207, 17.408638]}, "properties": {"cell_id": 975, "risk_score": 0.4303, "severity_band": "yellow", "population_exposed": 2759, "dist_to_drain_km": 0.114, "dist_to_incident_km": 2.503, "rainfall_mm": 60.0}}, {"type": "Feature", "geometry": {"type": "Point", "coordinates": [78.418707, 17.408638]}, "properties": {"cell_id": 976, "risk_score": 0.3608, "severity_band": "yellow", "population_exposed": 2805, "dist_to_drain_km": 0.251, "dist_to_incident_km": 2.466, "rainfall_mm": 60.0}}, {"type": "Feature", "geometry": {"type": "Point", "coordinates": [78.423207, 17.408638]}, "properties": {"cell_id": 977, "risk_score": 0.2762, "severity_band": "yellow", "population_exposed": 2865, "dist_to_drain_km": 0.525, "dist_to_incident_km": 2.04, "rainfall_mm": 60.0}}, {"type": "Feature", "geometry": {"type": "Point", "coordinates": [78.427707, 17.408638]}, "properties": {"cell_id": 978, "risk_score": 0.3761, "severity_band": "yellow", "population_exposed": 2941, "dist_to_drain_km": 0.274, "dist_to_incident_km": 1.643, "rainfall_mm": 60.0}}, {"type": "Feature", "geometry": {"type": "Point", "coordinates": [78.432207, 17.408638]}, "properties": {"cell_id": 979, "risk_score": 0.3192, "severity_band": "yellow", "population_exposed": 3034, "dist_to_drain_km": 0.533, "dist_to_incident_km": 1.301, "rainfall_mm": 60.0}}, {"type": "Feature", "geometry": {"type": "Point", "coordinates": [78.436707, 17.408638]}, "properties": {"cell_id": 980, "risk_score": 0.3523, "severity_band": "yellow", "population_exposed": 3145, "dist_to_drain_km": 0.548, "dist_to_incident_km": 1.068, "rainfall_mm": 60.0}}, {"type": "Feature", "geometry": {"type": "Point", "coordinates": [78.441207, 17.408638]}, "properties": {"cell_id": 981, "risk_score": 0.3649, "severity_band": "yellow", "population_exposed": 3273, "dist_to_drain_km": 0.47, "dist_to_incident_km": 1.022, "rainfall_mm": 60.0}}, {"type": "Feature", "geometry": {"type": "Point", "coordinates": [78.445707, 17.408638]}, "properties": {"cell_id": 982, "risk_score": 0.4276, "severity_band": "yellow", "population_exposed": 3418, "dist_to_drain_km": 0.294, "dist_to_incident_km": 1.185, "rainfall_mm": 60.0}}, {"type": "Feature", "geometry": {"type": "Point", "coordinates": [78.450207, 17.408638]}, "properties": {"cell_id": 983, "risk_score": 0.433, "severity_band": "yellow", "population_exposed": 3579, "dist_to_drain_km": 0.153, "dist_to_incident_km": 1.49, "rainfall_mm": 60.0}}, {"type": "Feature", "geometry": {"type": "Point", "coordinates": [78.454707, 17.408638]}, "properties": {"cell_id": 984, "risk_score": 0.5234, "severity_band": "yellow", "population_exposed": 3753, "dist_to_drain_km": 0.072, "dist_to_incident_km": 1.256, "rainfall_mm": 60.0}}, {"type": "Feature", "geometry": {"type": "Point", "coordinates": [78.459207, 17.408638]}, "properties": {"cell_id": 985, "risk_score": 0.4613, "severity_band": "yellow", "population_exposed": 3936, "dist_to_drain_km": 0.239, "dist_to_incident_km": 0.823, "rainfall_mm": 60.0}}, {"type": "Feature", "geometry": {"type": "Point", "coordinates": [78.463707, 17.408638]}, "properties": {"cell_id": 986, "risk_score": 0.4507, "severity_band": "yellow", "population_exposed": 4123, "dist_to_drain_km": 0.468, "dist_to_incident_km": 0.484, "rainfall_mm": 60.0}}, {"type": "Feature", "geometry": {"type": "Point", "coordinates": [78.468207, 17.408638]}, "properties": {"cell_id": 987, "risk_score": 0.5024, "severity_band": "yellow", "population_exposed": 4304, "dist_to_drain_km": 0.36, "dist_to_incident_km": 0.497, "rainfall_mm": 60.0}}, {"type": "Feature", "geometry": {"type": "Point", "coordinates": [78.472707, 17.408638]}, "properties": {"cell_id": 988, "risk_score": 0.4807, "severity_band": "yellow", "population_exposed": 4468, "dist_to_drain_km": 0.185, "dist_to_incident_km": 0.845, "rainfall_mm": 60.0}}, {"type": "Feature", "geometry": {"type": "Point", "coordinates": [78.477207, 17.408638]}, "properties": {"cell_id": 989, "risk_score": 0.4933, "severity_band": "yellow", "population_exposed": 4599, "dist_to_drain_km": 0.131, "dist_to_incident_km": 1.28, "rainfall_mm": 60.0}}, {"type": "Feature", "geometry": {"type": "Point", "coordinates": [78.481707, 17.408638]}, "properties": {"cell_id": 990, "risk_score": 0.4109, "severity_band": "yellow", "population_exposed": 4682, "dist_to_drain_km": 0.243, "dist_to_incident_km": 1.374, "rainfall_mm": 60.0}}, {"type": "Feature", "geometry": {"type": "Point", "coordinates": [78.486207, 17.408638]}, "properties": {"cell_id": 991, "risk_score": 0.4723, "severity_band": "yellow", "population_exposed": 4702, "dist_to_drain_km": 0.198, "dist_to_incident_km": 1.195, "rainfall_mm": 60.0}}, {"type": "Feature", "geometry": {"type": "Point", "coordinates": [78.490707, 17.408638]}, "properties": {"cell_id": 992, "risk_score": 0.4317, "severity_band": "yellow", "population_exposed": 4654, "dist_to_drain_km": 0.261, "dist_to_incident_km": 1.128, "rainfall_mm": 60.0}}, {"type": "Feature", "geometry": {"type": "Point", "coordinates": [78.495207, 17.408638]}, "properties": {"cell_id": 993, "risk_score": 0.3436, "severity_band": "yellow", "population_exposed": 4541, "dist_to_drain_km": 0.734, "dist_to_incident_km": 0.894, "rainfall_mm": 60.0}}, {"type": "Feature", "geometry": {"type": "Point", "coordinates": [78.499707, 17.408638]}, "properties": {"cell_id": 994, "risk_score": 0.3021, "severity_band": "yellow", "population_exposed": 4376, "dist_to_drain_km": 0.868, "dist_to_incident_km": 0.884, "rainfall_mm": 60.0}}, {"type": "Feature", "geometry": {"type": "Point", "coordinates": [78.504207, 17.408638]}, "properties": {"cell_id": 995, "risk_score": 0.362, "severity_band": "yellow", "population_exposed": 4172, "dist_to_drain_km": 0.47, "dist_to_incident_km": 1.104, "rainfall_mm": 60.0}}, {"type": "Feature", "geometry": {"type": "Point", "coordinates": [78.508707, 17.408638]}, "properties": {"cell_id": 996, "risk_score": 0.4551, "severity_band": "yellow", "population_exposed": 3947, "dist_to_drain_km": 0.128, "dist_to_incident_km": 1.454, "rainfall_mm": 60.0}}, {"type": "Feature", "geometry": {"type": "Point", "coordinates": [78.513207, 17.408638]}, "properties": {"cell_id": 997, "risk_score": 0.379, "severity_band": "yellow", "population_exposed": 3712, "dist_to_drain_km": 0.25, "dist_to_incident_km": 1.861, "rainfall_mm": 60.0}}, {"type": "Feature", "geometry": {"type": "Point", "coordinates": [78.517707, 17.408638]}, "properties": {"cell_id": 998, "risk_score": 0.242, "severity_band": "yellow", "population_exposed": 3475, "dist_to_drain_km": 0.684, "dist_to_incident_km": 2.296, "rainfall_mm": 60.0}}, {"type": "Feature", "geometry": {"type": "Point", "coordinates": [78.522207, 17.408638]}, "properties": {"cell_id": 999, "risk_score": 0.1714, "severity_band": "green", "population_exposed": 3244, "dist_to_drain_km": 0.821, "dist_to_incident_km": 2.744, "rainfall_mm": 60.0}}, {"type": "Feature", "geometry": {"type": "Point", "coordinates": [78.526707, 17.408638]}, "properties": {"cell_id": 1000, "risk_score": 0.1621, "severity_band": "green", "population_exposed": 3021, "dist_to_drain_km": 0.857, "dist_to_incident_km": 3.202, "rainfall_mm": 60.0}}, {"type": "Feature", "geometry": {"type": "Point", "coordinates": [78.531207, 17.408638]}, "properties": {"cell_id": 1001, "risk_score": 0.1614, "severity_band": "green", "population_exposed": 2810, "dist_to_drain_km": 0.893, "dist_to_incident_km": 3.26, "rainfall_mm": 60.0}}, {"type": "Feature", "geometry": {"type": "Point", "coordinates": [78.535707, 17.408638]}, "properties": {"cell_id": 1002, "risk_score": 0.2331, "severity_band": "green", "population_exposed": 2611, "dist_to_drain_km": 0.57, "dist_to_incident_km": 2.795, "rainfall_mm": 60.0}}, {"type": "Feature", "geometry": {"type": "Point", "coordinates": [78.540207, 17.408638]}, "properties": {"cell_id": 1003, "risk_score": 0.4379, "severity_band": "red", "population_exposed": 2426, "dist_to_drain_km": 0.098, "dist_to_incident_km": 2.335, "rainfall_mm": 60.0}}, {"type": "Feature", "geometry": {"type": "Point", "coordinates": [78.544707, 17.408638]}, "properties": {"cell_id": 1004, "risk_score": 0.3524, "severity_band": "red", "population_exposed": 2253, "dist_to_drain_km": 0.322, "dist_to_incident_km": 1.884, "rainfall_mm": 60.0}}, {"type": "Feature", "geometry": {"type": "Point", "coordinates": [78.549207, 17.408638]}, "properties": {"cell_id": 1005, "risk_score": 0.2684, "severity_band": "green", "population_exposed": 2093, "dist_to_drain_km": 0.628, "dist_to_incident_km": 1.449, "rainfall_mm": 60.0}}, {"type": "Feature", "geometry": {"type": "Point", "coordinates": [78.553707, 17.408638]}, "properties": {"cell_id": 1006, "risk_score": 0.3406, "severity_band": "red", "population_exposed": 1946, "dist_to_drain_km": 0.722, "dist_to_incident_km": 1.052, "rainfall_mm": 60.0}}, {"type": "Feature", "geometry": {"type": "Point", "coordinates": [78.558207, 17.408638]}, "properties": {"cell_id": 1007, "risk_score": 0.3721, "severity_band": "red", "population_exposed": 1810, "dist_to_drain_km": 0.529, "dist_to_incident_km": 0.754, "rainfall_mm": 60.0}}, {"type": "Feature", "geometry": {"type": "Point", "coordinates": [78.562707, 17.408638]}, "properties": {"cell_id": 1008, "risk_score": 0.526, "severity_band": "red", "population_exposed": 1685, "dist_to_drain_km": 0.157, "dist_to_incident_km": 0.699, "rainfall_mm": 60.0}}, {"type": "Feature", "geometry": {"type": "Point", "coordinates": [78.567207, 17.408638]}, "properties": {"cell_id": 1009, "risk_score": 0.5201, "severity_band": "red", "population_exposed": 1570, "dist_to_drain_km": 0.104, "dist_to_incident_km": 0.929, "rainfall_mm": 60.0}}, {"type": "Feature", "geometry": {"type": "Point", "coordinates": [78.342207, 17.413138]}, "properties": {"cell_id": 1010, "risk_score": 0.2147, "severity_band": "green", "population_exposed": 1822, "dist_to_drain_km": 0.586, "dist_to_incident_km": 3.544, "rainfall_mm": 60.0}}, {"type": "Feature", "geometry": {"type": "Point", "coordinates": [78.364707, 17.413138]}, "properties": {"cell_id": 1011, "risk_score": 0.4499, "severity_band": "red", "population_exposed": 2478, "dist_to_drain_km": 0.027, "dist_to_incident_km": 3.649, "rainfall_mm": 60.0}}, {"type": "Feature", "geometry": {"type": "Point", "coordinates": [78.369207, 17.413138]}, "properties": {"cell_id": 1012, "risk_score": 0.2568, "severity_band": "green", "population_exposed": 2586, "dist_to_drain_km": 0.488, "dist_to_incident_km": 3.852, "rainfall_mm": 60.0}}, {"type": "Feature", "geometry": {"type": "Point", "coordinates": [78.391707, 17.413138]}, "properties": {"cell_id": 1013, "risk_score": 0.1628, "severity_band": "green", "population_exposed": 2805, "dist_to_drain_km": 0.917, "dist_to_incident_km": 2.786, "rainfall_mm": 60.0}}, {"type": "Feature", "geometry": {"type": "Point", "coordinates": [78.396207, 17.413138]}, "properties": {"cell_id": 1014, "risk_score": 0.2875, "severity_band": "yellow", "population_exposed": 2800, "dist_to_drain_km": 0.445, "dist_to_incident_km": 2.471, "rainfall_mm": 60.0}}, {"type": "Feature", "geometry": {"type": "Point", "coordinates": [78.400707, 17.413138]}, "properties": {"cell_id": 1015, "risk_score": 0.4687, "severity_band": "yellow", "population_exposed": 2792, "dist_to_drain_km": 0.063, "dist_to_incident_km": 2.215, "rainfall_mm": 60.0}}, {"type": "Feature", "geometry": {"type": "Point", "coordinates": [78.405207, 17.413138]}, "properties": {"cell_id": 1016, "risk_score": 0.3711, "severity_band": "yellow", "population_exposed": 2787, "dist_to_drain_km": 0.271, "dist_to_incident_km": 2.04, "rainfall_mm": 60.0}}, {"type": "Feature", "geometry": {"type": "Point", "coordinates": [78.409707, 17.413138]}, "properties": {"cell_id": 1017, "risk_score": 0.2942, "severity_band": "yellow", "population_exposed": 2789, "dist_to_drain_km": 0.46, "dist_to_incident_km": 1.969, "rainfall_mm": 60.0}}, {"type": "Feature", "geometry": {"type": "Point", "coordinates": [78.414207, 17.413138]}, "properties": {"cell_id": 1018, "risk_score": 0.357, "severity_band": "yellow", "population_exposed": 2801, "dist_to_drain_km": 0.296, "dist_to_incident_km": 2.011, "rainfall_mm": 60.0}}, {"type": "Feature", "geometry": {"type": "Point", "coordinates": [78.418707, 17.413138]}, "properties": {"cell_id": 1019, "risk_score": 0.4362, "severity_band": "yellow", "population_exposed": 2826, "dist_to_drain_km": 0.108, "dist_to_incident_km": 2.161, "rainfall_mm": 60.0}}, {"type": "Feature", "geometry": {"type": "Point", "coordinates": [78.423207, 17.413138]}, "properties": {"cell_id": 1020, "risk_score": 0.3848, "severity_band": "yellow", "population_exposed": 2867, "dist_to_drain_km": 0.218, "dist_to_incident_km": 1.844, "rainfall_mm": 60.0}}, {"type": "Feature", "geometry": {"type": "Point", "coordinates": [78.427707, 17.413138]}, "properties": {"cell_id": 1021, "risk_score": 0.4455, "severity_band": "yellow", "population_exposed": 2923, "dist_to_drain_km": 0.165, "dist_to_incident_km": 1.392, "rainfall_mm": 60.0}}, {"type": "Feature", "geometry": {"type": "Point", "coordinates": [78.432207, 17.413138]}, "properties": {"cell_id": 1022, "risk_score": 0.4793, "severity_band": "yellow", "population_exposed": 2996, "dist_to_drain_km": 0.18, "dist_to_incident_km": 0.964, "rainfall_mm": 60.0}}, {"type": "Feature", "geometry": {"type": "Point", "coordinates": [78.436707, 17.413138]}, "properties": {"cell_id": 1023, "risk_score": 0.5726, "severity_band": "yellow", "population_exposed": 3086, "dist_to_drain_km": 0.094, "dist_to_incident_km": 0.614, "rainfall_mm": 60.0}}, {"type": "Feature", "geometry": {"type": "Point", "coordinates": [78.441207, 17.413138]}, "properties": {"cell_id": 1024, "risk_score": 0.6299, "severity_band": "yellow", "population_exposed": 3191, "dist_to_drain_km": 0.029, "dist_to_incident_km": 0.531, "rainfall_mm": 60.0}}, {"type": "Feature", "geometry": {"type": "Point", "coordinates": [78.445707, 17.413138]}, "properties": {"cell_id": 1025, "risk_score": 0.4858, "severity_band": "yellow", "population_exposed": 3312, "dist_to_drain_km": 0.169, "dist_to_incident_km": 0.801, "rainfall_mm": 60.0}}, {"type": "Feature", "geometry": {"type": "Point", "coordinates": [78.450207, 17.413138]}, "properties": {"cell_id": 1026, "risk_score": 0.4709, "severity_band": "yellow", "population_exposed": 3445, "dist_to_drain_km": 0.209, "dist_to_incident_km": 1.208, "rainfall_mm": 60.0}}, {"type": "Feature", "geometry": {"type": "Point", "coordinates": [78.454707, 17.413138]}, "properties": {"cell_id": 1027, "risk_score": 0.3654, "severity_band": "yellow", "population_exposed": 3589, "dist_to_drain_km": 0.366, "dist_to_incident_km": 1.402, "rainfall_mm": 60.0}}, {"type": "Feature", "geometry": {"type": "Point", "coordinates": [78.459207, 17.413138]}, "properties": {"cell_id": 1028, "risk_score": 0.5125, "severity_band": "yellow", "population_exposed": 3738, "dist_to_drain_km": 0.118, "dist_to_incident_km": 1.165, "rainfall_mm": 60.0}}, {"type": "Feature", "geometry": {"type": "Point", "coordinates": [78.463707, 17.413138]}, "properties": {"cell_id": 1029, "risk_score": 0.5151, "severity_band": "yellow", "population_exposed": 3888, "dist_to_drain_km": 0.12, "dist_to_incident_km": 0.956, "rainfall_mm": 60.0}}, {"type": "Feature", "geometry": {"type": "Point", "coordinates": [78.468207, 17.413138]}, "properties": {"cell_id": 1030, "risk_score": 0.4856, "severity_band": "yellow", "population_exposed": 4030, "dist_to_drain_km": 0.155, "dist_to_incident_km": 0.962, "rainfall_mm": 60.0}}, {"type": "Feature", "geometry": {"type": "Point", "coordinates": [78.472707, 17.413138]}, "properties": {"cell_id": 1031, "risk_score": 0.4737, "severity_band": "yellow", "population_exposed": 4154, "dist_to_drain_km": 0.171, "dist_to_incident_km": 1.18, "rainfall_mm": 60.0}}, {"type": "Feature", "geometry": {"type": "Point", "coordinates": [78.477207, 17.413138]}, "properties": {"cell_id": 1032, "risk_score": 0.3553, "severity_band": "yellow", "population_exposed": 4250, "dist_to_drain_km": 0.376, "dist_to_incident_km": 1.522, "rainfall_mm": 60.0}}, {"type": "Feature", "geometry": {"type": "Point", "coordinates": [78.481707, 17.413138]}, "properties": {"cell_id": 1033, "risk_score": 0.427, "severity_band": "yellow", "population_exposed": 4306, "dist_to_drain_km": 0.128, "dist_to_incident_km": 1.819, "rainfall_mm": 60.0}}, {"type": "Feature", "geometry": {"type": "Point", "coordinates": [78.486207, 17.413138]}, "properties": {"cell_id": 1034, "risk_score": 0.4206, "severity_band": "yellow", "population_exposed": 4316, "dist_to_drain_km": 0.164, "dist_to_incident_km": 1.688, "rainfall_mm": 60.0}}, {"type": "Feature", "geometry": {"type": "Point", "coordinates": [78.490707, 17.413138]}, "properties": {"cell_id": 1035, "risk_score": 0.3771, "severity_band": "yellow", "population_exposed": 4273, "dist_to_drain_km": 0.282, "dist_to_incident_km": 1.543, "rainfall_mm": 60.0}}, {"type": "Feature", "geometry": {"type": "Point", "coordinates": [78.495207, 17.413138]}, "properties": {"cell_id": 1036, "risk_score": 0.2837, "severity_band": "yellow", "population_exposed": 4181, "dist_to_drain_km": 0.719, "dist_to_incident_km": 1.381, "rainfall_mm": 60.0}}, {"type": "Feature", "geometry": {"type": "Point", "coordinates": [78.499707, 17.413138]}, "properties": {"cell_id": 1037, "risk_score": 0.2317, "severity_band": "yellow", "population_exposed": 4047, "dist_to_drain_km": 1.139, "dist_to_incident_km": 1.374, "rainfall_mm": 60.0}}, {"type": "Feature", "geometry": {"type": "Point", "coordinates": [78.504207, 17.413138]}, "properties": {"cell_id": 1038, "risk_score": 0.2372, "severity_band": "yellow", "population_exposed": 3880, "dist_to_drain_km": 0.804, "dist_to_incident_km": 1.525, "rainfall_mm": 60.0}}, {"type": "Feature", "geometry": {"type": "Point", "coordinates": [78.508707, 17.413138]}, "properties": {"cell_id": 1039, "risk_score": 0.3487, "severity_band": "yellow", "population_exposed": 3692, "dist_to_drain_km": 0.362, "dist_to_incident_km": 1.795, "rainfall_mm": 60.0}}, {"type": "Feature", "geometry": {"type": "Point", "coordinates": [78.513207, 17.413138]}, "properties": {"cell_id": 1040, "risk_score": 0.4772, "severity_band": "yellow", "population_exposed": 3491, "dist_to_drain_km": 0.033, "dist_to_incident_km": 2.138, "rainfall_mm": 60.0}}, {"type": "Feature", "geometry": {"type": "Point", "coordinates": [78.517707, 17.413138]}, "properties": {"cell_id": 1041, "risk_score": 0.2808, "severity_band": "yellow", "population_exposed": 3286, "dist_to_drain_km": 0.448, "dist_to_incident_km": 2.525, "rainfall_mm": 60.0}}, {"type": "Feature", "geometry": {"type": "Point", "coordinates": [78.522207, 17.413138]}, "properties": {"cell_id": 1042, "risk_score": 0.3203, "severity_band": "yellow", "population_exposed": 3082, "dist_to_drain_km": 0.347, "dist_to_incident_km": 2.939, "rainfall_mm": 60.0}}, {"type": "Feature", "geometry": {"type": "Point", "coordinates": [78.526707, 17.413138]}, "properties": {"cell_id": 1043, "risk_score": 0.2572, "severity_band": "yellow", "population_exposed": 2882, "dist_to_drain_km": 0.427, "dist_to_incident_km": 3.37, "rainfall_mm": 60.0}}, {"type": "Feature", "geometry": {"type": "Point", "coordinates": [78.531207, 17.413138]}, "properties": {"cell_id": 1044, "risk_score": 0.258, "severity_band": "green", "population_exposed": 2691, "dist_to_drain_km": 0.423, "dist_to_incident_km": 3.4, "rainfall_mm": 60.0}}, {"type": "Feature", "geometry": {"type": "Point", "coordinates": [78.535707, 17.413138]}, "properties": {"cell_id": 1045, "risk_score": 0.1937, "severity_band": "green", "population_exposed": 2510, "dist_to_drain_km": 0.776, "dist_to_incident_km": 2.957, "rainfall_mm": 60.0}}, {"type": "Feature", "geometry": {"type": "Point", "coordinates": [78.540207, 17.413138]}, "properties": {"cell_id": 1046, "risk_score": 0.279, "severity_band": "green", "population_exposed": 2338, "dist_to_drain_km": 0.514, "dist_to_incident_km": 2.527, "rainfall_mm": 60.0}}, {"type": "Feature", "geometry": {"type": "Point", "coordinates": [78.544707, 17.413138]}, "properties": {"cell_id": 1047, "risk_score": 0.2516, "severity_band": "green", "population_exposed": 2178, "dist_to_drain_km": 0.6, "dist_to_incident_km": 2.117, "rainfall_mm": 60.0}}, {"type": "Feature", "geometry": {"type": "Point", "coordinates": [78.549207, 17.413138]}, "properties": {"cell_id": 1048, "risk_score": 0.2487, "severity_band": "green", "population_exposed": 2028, "dist_to_drain_km": 0.7, "dist_to_incident_km": 1.741, "rainfall_mm": 60.0}}, {"type": "Feature", "geometry": {"type": "Point", "coordinates": [78.553707, 17.413138]}, "properties": {"cell_id": 1049, "risk_score": 0.36, "severity_band": "red", "population_exposed": 1890, "dist_to_drain_km": 0.389, "dist_to_incident_km": 1.428, "rainfall_mm": 60.0}}, {"type": "Feature", "geometry": {"type": "Point", "coordinates": [78.558207, 17.413138]}, "properties": {"cell_id": 1050, "risk_score": 0.4232, "severity_band": "red", "population_exposed": 1762, "dist_to_drain_km": 0.339, "dist_to_incident_km": 1.225, "rainfall_mm": 60.0}}, {"type": "Feature", "geometry": {"type": "Point", "coordinates": [78.562707, 17.413138]}, "properties": {"cell_id": 1051, "risk_score": 0.5162, "severity_band": "red", "population_exposed": 1643, "dist_to_drain_km": 0.111, "dist_to_incident_km": 1.192, "rainfall_mm": 60.0}}, {"type": "Feature", "geometry": {"type": "Point", "coordinates": [78.324207, 17.417638]}, "properties": {"cell_id": 1052, "risk_score": 0.2027, "severity_band": "green", "population_exposed": 1406, "dist_to_drain_km": 0.657, "dist_to_incident_km": 4.125, "rainfall_mm": 60.0}}, {"type": "Feature", "geometry": {"type": "Point", "coordinates": [78.328707, 17.417638]}, "properties": {"cell_id": 1053, "risk_score": 0.358, "severity_band": "red", "population_exposed": 1518, "dist_to_drain_km": 0.23, "dist_to_incident_km": 3.799, "rainfall_mm": 60.0}}, {"type": "Feature", "geometry": {"type": "Point", "coordinates": [78.333207, 17.417638]}, "properties": {"cell_id": 1054, "risk_score": 0.3381, "severity_band": "red", "population_exposed": 1640, "dist_to_drain_km": 0.295, "dist_to_incident_km": 3.508, "rainfall_mm": 60.0}}, {"type": "Feature", "geometry": {"type": "Point", "coordinates": [78.337707, 17.417638]}, "properties": {"cell_id": 1055, "risk_score": 0.4496, "severity_band": "red", "population_exposed": 1771, "dist_to_drain_km": 0.052, "dist_to_incident_km": 3.261, "rainfall_mm": 60.0}}, {"type": "Feature", "geometry": {"type": "Point", "coordinates": [78.342207, 17.417638]}, "properties": {"cell_id": 1056, "risk_score": 0.4084, "severity_band": "red", "population_exposed": 1911, "dist_to_drain_km": 0.1, "dist_to_incident_km": 3.069, "rainfall_mm": 60.0}}, {"type": "Feature", "geometry": {"type": "Point", "coordinates": [78.346707, 17.417638]}, "properties": {"cell_id": 1057, "risk_score": 0.2403, "severity_band": "green", "population_exposed": 2059, "dist_to_drain_km": 0.535, "dist_to_incident_km": 2.943, "rainfall_mm": 60.0}}, {"type": "Feature", "geometry": {"type": "Point", "coordinates": [78.351207, 17.417638]}, "properties": {"cell_id": 1058, "risk_score": 0.2088, "severity_band": "green", "population_exposed": 2213, "dist_to_drain_km": 0.626, "dist_to_incident_km": 2.89, "rainfall_mm": 60.0}}, {"type": "Feature", "geometry": {"type": "Point", "coordinates": [78.355707, 17.417638]}, "properties": {"cell_id": 1059, "risk_score": 0.3202, "severity_band": "red", "population_exposed": 2369, "dist_to_drain_km": 0.375, "dist_to_incident_km": 2.916, "rainfall_mm": 60.0}}, {"type": "Feature", "geometry": {"type": "Point", "coordinates": [78.360207, 17.417638]}, "properties": {"cell_id": 1060, "risk_score": 0.4544, "severity_band": "red", "population_exposed": 2521, "dist_to_drain_km": 0.018, "dist_to_incident_km": 3.019, "rainfall_mm": 60.0}}, {"type": "Feature", "geometry": {"type": "Point", "coordinates": [78.364707, 17.417638]}, "properties": {"cell_id": 1061, "risk_score": 0.3254, "severity_band": "yellow", "population_exposed": 2663, "dist_to_drain_km": 0.317, "dist_to_incident_km": 3.19, "rainfall_mm": 60.0}}, {"type": "Feature", "geometry": {"type": "Point", "coordinates": [78.369207, 17.417638]}, "properties": {"cell_id": 1062, "risk_score": 0.2051, "severity_band": "green", "population_exposed": 2787, "dist_to_drain_km": 0.633, "dist_to_incident_km": 3.42, "rainfall_mm": 60.0}}, {"type": "Feature", "geometry": {"type": "Point", "coordinates": [78.373707, 17.417638]}, "properties": {"cell_id": 1063, "risk_score": 0.1614, "severity_band": "green", "population_exposed": 2884, "dist_to_drain_km": 0.883, "dist_to_incident_km": 3.21, "rainfall_mm": 60.0}}, {"type": "Feature", "geometry": {"type": "Point", "coordinates": [78.378207, 17.417638]}, "properties": {"cell_id": 1064, "risk_score": 0.1605, "severity_band": "green", "population_exposed": 2949, "dist_to_drain_km": 1.019, "dist_to_incident_km": 2.952, "rainfall_mm": 60.0}}, {"type": "Feature", "geometry": {"type": "Point", "coordinates": [78.382707, 17.417638]}, "properties": {"cell_id": 1065, "risk_score": 0.1465, "severity_band": "green", "population_exposed": 2982, "dist_to_drain_km": 1.148, "dist_to_incident_km": 2.754, "rainfall_mm": 60.0}}, {"type": "Feature", "geometry": {"type": "Point", "coordinates": [78.387207, 17.417638]}, "properties": {"cell_id": 1066, "risk_score": 0.1809, "severity_band": "green", "population_exposed": 2984, "dist_to_drain_km": 0.971, "dist_to_incident_km": 2.628, "rainfall_mm": 60.0}}, {"type": "Feature", "geometry": {"type": "Point", "coordinates": [78.391707, 17.417638]}, "properties": {"cell_id": 1067, "risk_score": 0.1938, "severity_band": "green", "population_exposed": 2966, "dist_to_drain_km": 0.955, "dist_to_incident_km": 2.458, "rainfall_mm": 60.0}}, {"type": "Feature", "geometry": {"type": "Point", "coordinates": [78.396207, 17.417638]}, "properties": {"cell_id": 1068, "risk_score": 0.269, "severity_band": "yellow", "population_exposed": 2936, "dist_to_drain_km": 0.555, "dist_to_incident_km": 2.094, "rainfall_mm": 60.0}}, {"type": "Feature", "geometry": {"type": "Point", "coordinates": [78.400707, 17.417638]}, "properties": {"cell_id": 1069, "risk_score": 0.3496, "severity_band": "yellow", "population_exposed": 2902, "dist_to_drain_km": 0.327, "dist_to_incident_km": 1.785, "rainfall_mm": 60.0}}, {"type": "Feature", "geometry": {"type": "Point", "coordinates": [78.405207, 17.417638]}, "properties": {"cell_id": 1070, "risk_score": 0.2651, "severity_band": "yellow", "population_exposed": 2870, "dist_to_drain_km": 0.581, "dist_to_incident_km": 1.563, "rainfall_mm": 60.0}}, {"type": "Feature", "geometry": {"type": "Point", "coordinates": [78.409707, 17.417638]}, "properties": {"cell_id": 1071, "risk_score": 0.2657, "severity_band": "yellow", "population_exposed": 2848, "dist_to_drain_km": 0.639, "dist_to_incident_km": 1.469, "rainfall_mm": 60.0}}, {"type": "Feature", "geometry": {"type": "Point", "coordinates": [78.414207, 17.417638]}, "properties": {"cell_id": 1072, "risk_score": 0.3728, "severity_band": "yellow", "population_exposed": 2837, "dist_to_drain_km": 0.293, "dist_to_incident_km": 1.525, "rainfall_mm": 60.0}}, {"type": "Feature", "geometry": {"type": "Point", "coordinates": [78.418707, 17.417638]}, "properties": {"cell_id": 1073, "risk_score": 0.3493, "severity_band": "yellow", "population_exposed": 2841, "dist_to_drain_km": 0.332, "dist_to_incident_km": 1.718, "rainfall_mm": 60.0}}, {"type": "Feature", "geometry": {"type": "Point", "coordinates": [78.423207, 17.417638]}, "properties": {"cell_id": 1074, "risk_score": 0.4874, "severity_band": "yellow", "population_exposed": 2860, "dist_to_drain_km": 0.029, "dist_to_incident_km": 1.771, "rainfall_mm": 60.0}}, {"type": "Feature", "geometry": {"type": "Point", "coordinates": [78.427707, 17.417638]}, "properties": {"cell_id": 1075, "risk_score": 0.4042, "severity_band": "yellow", "population_exposed": 2896, "dist_to_drain_km": 0.264, "dist_to_incident_km": 1.294, "rainfall_mm": 60.0}}, {"type": "Feature", "geometry": {"type": "Point", "coordinates": [78.432207, 17.417638]}, "properties": {"cell_id": 1076, "risk_score": 0.4457, "severity_band": "yellow", "population_exposed": 2948, "dist_to_drain_km": 0.352, "dist_to_incident_km": 0.816, "rainfall_mm": 60.0}}, {"type": "Feature", "geometry": {"type": "Point", "coordinates": [78.436707, 17.417638]}, "properties": {"cell_id": 1077, "risk_score": 0.4885, "severity_band": "yellow", "population_exposed": 3017, "dist_to_drain_km": 0.401, "dist_to_incident_km": 0.339, "rainfall_mm": 60.0}}, {"type": "Feature", "geometry": {"type": "Point", "coordinates": [78.441207, 17.417638]}, "properties": {"cell_id": 1078, "risk_score": 0.5455, "severity_band": "yellow", "population_exposed": 3100, "dist_to_drain_km": 0.504, "dist_to_incident_km": 0.139, "rainfall_mm": 60.0}}, {"type": "Feature", "geometry": {"type": "Point", "coordinates": [78.445707, 17.417638]}, "properties": {"cell_id": 1079, "risk_score": 0.378, "severity_band": "yellow", "population_exposed": 3196, "dist_to_drain_km": 0.599, "dist_to_incident_km": 0.616, "rainfall_mm": 60.0}}, {"type": "Feature", "geometry": {"type": "Point", "coordinates": [78.450207, 17.417638]}, "properties": {"cell_id": 1080, "risk_score": 0.3543, "severity_band": "yellow", "population_exposed": 3304, "dist_to_drain_km": 0.589, "dist_to_incident_km": 0.881, "rainfall_mm": 60.0}}, {"type": "Feature", "geometry": {"type": "Point", "coordinates": [78.454707, 17.417638]}, "properties": {"cell_id": 1081, "risk_score": 0.3469, "severity_band": "yellow", "population_exposed": 3419, "dist_to_drain_km": 0.695, "dist_to_incident_km": 0.921, "rainfall_mm": 60.0}}, {"type": "Feature", "geometry": {"type": "Point", "coordinates": [78.459207, 17.417638]}, "properties": {"cell_id": 1082, "risk_score": 0.4312, "severity_band": "yellow", "population_exposed": 3538, "dist_to_drain_km": 0.258, "dist_to_incident_km": 1.173, "rainfall_mm": 60.0}}, {"type": "Feature", "geometry": {"type": "Point", "coordinates": [78.463707, 17.417638]}, "properties": {"cell_id": 1083, "risk_score": 0.502, "severity_band": "yellow", "population_exposed": 3656, "dist_to_drain_km": 0.059, "dist_to_incident_km": 1.447, "rainfall_mm": 60.0}}, {"type": "Feature", "geometry": {"type": "Point", "coordinates": [78.468207, 17.417638]}, "properties": {"cell_id": 1084, "risk_score": 0.3868, "severity_band": "yellow", "population_exposed": 3764, "dist_to_drain_km": 0.265, "dist_to_incident_km": 1.451, "rainfall_mm": 60.0}}, {"type": "Feature", "geometry": {"type": "Point", "coordinates": [78.472707, 17.417638]}, "properties": {"cell_id": 1085, "risk_score": 0.352, "severity_band": "yellow", "population_exposed": 3858, "dist_to_drain_km": 0.342, "dist_to_incident_km": 1.604, "rainfall_mm": 60.0}}, {"type": "Feature", "geometry": {"type": "Point", "coordinates": [78.477207, 17.417638]}, "properties": {"cell_id": 1086, "risk_score": 0.2735, "severity_band": "yellow", "population_exposed": 3927, "dist_to_drain_km": 0.542, "dist_to_incident_km": 1.87, "rainfall_mm": 60.0}}, {"type": "Feature", "geometry": {"type": "Point", "coordinates": [78.481707, 17.417638]}, "properties": {"cell_id": 1087, "risk_score": 0.3306, "severity_band": "yellow", "population_exposed": 3965, "dist_to_drain_km": 0.383, "dist_to_incident_km": 2.208, "rainfall_mm": 60.0}}, {"type": "Feature", "geometry": {"type": "Point", "coordinates": [78.486207, 17.417638]}, "properties": {"cell_id": 1088, "risk_score": 0.3618, "severity_band": "yellow", "population_exposed": 3966, "dist_to_drain_km": 0.288, "dist_to_incident_km": 2.184, "rainfall_mm": 60.0}}, {"type": "Feature", "geometry": {"type": "Point", "coordinates": [78.490707, 17.417638]}, "properties": {"cell_id": 1089, "risk_score": 0.3991, "severity_band": "yellow", "population_exposed": 3927, "dist_to_drain_km": 0.176, "dist_to_incident_km": 1.997, "rainfall_mm": 60.0}}, {"type": "Feature", "geometry": {"type": "Point", "coordinates": [78.495207, 17.417638]}, "properties": {"cell_id": 1090, "risk_score": 0.2472, "severity_band": "yellow", "population_exposed": 3850, "dist_to_drain_km": 0.653, "dist_to_incident_km": 1.875, "rainfall_mm": 60.0}}, {"type": "Feature", "geometry": {"type": "Point", "coordinates": [78.499707, 17.417638]}, "properties": {"cell_id": 1091, "risk_score": 0.2138, "severity_band": "yellow", "population_exposed": 3738, "dist_to_drain_km": 1.13, "dist_to_incident_km": 1.87, "rainfall_mm": 60.0}}, {"type": "Feature", "geometry": {"type": "Point", "coordinates": [78.504207, 17.417638]}, "properties": {"cell_id": 1092, "risk_score": 0.2096, "severity_band": "yellow", "population_exposed": 3600, "dist_to_drain_km": 0.956, "dist_to_incident_km": 1.984, "rainfall_mm": 60.0}}, {"type": "Feature", "geometry": {"type": "Point", "coordinates": [78.508707, 17.417638]}, "properties": {"cell_id": 1093, "risk_score": 0.2937, "severity_band": "yellow", "population_exposed": 3442, "dist_to_drain_km": 0.48, "dist_to_incident_km": 2.197, "rainfall_mm": 60.0}}, {"type": "Feature", "geometry": {"type": "Point", "coordinates": [78.513207, 17.417638]}, "properties": {"cell_id": 1094, "risk_score": 0.4742, "severity_band": "yellow", "population_exposed": 3270, "dist_to_drain_km": 0.023, "dist_to_incident_km": 2.486, "rainfall_mm": 60.0}}, {"type": "Feature", "geometry": {"type": "Point", "coordinates": [78.517707, 17.417638]}, "properties": {"cell_id": 1095, "risk_score": 0.2603, "severity_band": "yellow", "population_exposed": 3093, "dist_to_drain_km": 0.417, "dist_to_incident_km": 2.826, "rainfall_mm": 60.0}}, {"type": "Feature", "geometry": {"type": "Point", "coordinates": [78.522207, 17.417638]}, "properties": {"cell_id": 1096, "risk_score": 0.3574, "severity_band": "yellow", "population_exposed": 2914, "dist_to_drain_km": 0.241, "dist_to_incident_km": 3.201, "rainfall_mm": 60.0}}, {"type": "Feature", "geometry": {"type": "Point", "coordinates": [78.526707, 17.417638]}, "properties": {"cell_id": 1097, "risk_score": 0.3867, "severity_band": "yellow", "population_exposed": 2737, "dist_to_drain_km": 0.162, "dist_to_incident_km": 3.601, "rainfall_mm": 60.0}}, {"type": "Feature", "geometry": {"type": "Point", "coordinates": [78.531207, 17.417638]}, "properties": {"cell_id": 1098, "risk_score": 0.3649, "severity_band": "red", "population_exposed": 2565, "dist_to_drain_km": 0.201, "dist_to_incident_km": 3.605, "rainfall_mm": 60.0}}, {"type": "Feature", "geometry": {"type": "Point", "coordinates": [78.535707, 17.417638]}, "properties": {"cell_id": 1099, "risk_score": 0.2038, "severity_band": "green", "population_exposed": 2400, "dist_to_drain_km": 0.677, "dist_to_incident_km": 3.19, "rainfall_mm": 60.0}}, {"type": "Feature", "geometry": {"type": "Point", "coordinates": [78.540207, 17.417638]}, "properties": {"cell_id": 1100, "risk_score": 0.1619, "severity_band": "green", "population_exposed": 2244, "dist_to_drain_km": 1.006, "dist_to_incident_km": 2.796, "rainfall_mm": 60.0}}, {"type": "Feature", "geometry": {"type": "Point", "coordinates": [78.544707, 17.417638]}, "properties": {"cell_id": 1101, "risk_score": 0.2267, "severity_band": "green", "population_exposed": 2096, "dist_to_drain_km": 0.742, "dist_to_incident_km": 2.432, "rainfall_mm": 60.0}}, {"type": "Feature", "geometry": {"type": "Point", "coordinates": [78.549207, 17.417638]}, "properties": {"cell_id": 1102, "risk_score": 0.3013, "severity_band": "red", "population_exposed": 1958, "dist_to_drain_km": 0.401, "dist_to_incident_km": 2.113, "rainfall_mm": 60.0}}, {"type": "Feature", "geometry": {"type": "Point", "coordinates": [78.553707, 17.417638]}, "properties": {"cell_id": 1103, "risk_score": 0.4807, "severity_band": "red", "population_exposed": 1828, "dist_to_drain_km": 0.058, "dist_to_incident_km": 1.863, "rainfall_mm": 60.0}}, {"type": "Feature", "geometry": {"type": "Point", "coordinates": [78.558207, 17.417638]}, "properties": {"cell_id": 1104, "risk_score": 0.4496, "severity_band": "red", "population_exposed": 1708, "dist_to_drain_km": 0.098, "dist_to_incident_km": 1.713, "rainfall_mm": 60.0}}, {"type": "Feature", "geometry": {"type": "Point", "coordinates": [78.562707, 17.417638]}, "properties": {"cell_id": 1105, "risk_score": 0.3599, "severity_band": "red", "population_exposed": 1596, "dist_to_drain_km": 0.3, "dist_to_incident_km": 1.689, "rainfall_mm": 60.0}}, {"type": "Feature", "geometry": {"type": "Point", "coordinates": [78.315207, 17.422138]}, "properties": {"cell_id": 1106, "risk_score": 0.1273, "severity_band": "green", "population_exposed": 1239, "dist_to_drain_km": 1.725, "dist_to_incident_km": 4.573, "rainfall_mm": 60.0}}, {"type": "Feature", "geometry": {"type": "Point", "coordinates": [78.319707, 17.422138]}, "properties": {"cell_id": 1107, "risk_score": 0.1298, "severity_band": "green", "population_exposed": 1338, "dist_to_drain_km": 1.298, "dist_to_incident_km": 4.173, "rainfall_mm": 60.0}}, {"type": "Feature", "geometry": {"type": "Point", "coordinates": [78.324207, 17.422138]}, "properties": {"cell_id": 1108, "risk_score": 0.1655, "severity_band": "green", "population_exposed": 1447, "dist_to_drain_km": 0.842, "dist_to_incident_km": 3.792, "rainfall_mm": 60.0}}, {"type": "Feature", "geometry": {"type": "Point", "coordinates": [78.328707, 17.422138]}, "properties": {"cell_id": 1109, "risk_score": 0.2718, "severity_band": "green", "population_exposed": 1567, "dist_to_drain_km": 0.399, "dist_to_incident_km": 3.434, "rainfall_mm": 60.0}}, {"type": "Feature", "geometry": {"type": "Point", "coordinates": [78.333207, 17.422138]}, "properties": {"cell_id": 1110, "risk_score": 0.358, "severity_band": "red", "population_exposed": 1698, "dist_to_drain_km": 0.225, "dist_to_incident_km": 3.109, "rainfall_mm": 60.0}}, {"type": "Feature", "geometry": {"type": "Point", "coordinates": [78.337707, 17.422138]}, "properties": {"cell_id": 1111, "risk_score": 0.2745, "severity_band": "green", "population_exposed": 1842, "dist_to_drain_km": 0.405, "dist_to_incident_km": 2.827, "rainfall_mm": 60.0}}, {"type": "Feature", "geometry": {"type": "Point", "coordinates": [78.342207, 17.422138]}, "properties": {"cell_id": 1112, "risk_score": 0.4714, "severity_band": "red", "population_exposed": 1996, "dist_to_drain_km": 0.011, "dist_to_incident_km": 2.604, "rainfall_mm": 60.0}}, {"type": "Feature", "geometry": {"type": "Point", "coordinates": [78.346707, 17.422138]}, "properties": {"cell_id": 1113, "risk_score": 0.332, "severity_band": "red", "population_exposed": 2162, "dist_to_drain_km": 0.379, "dist_to_incident_km": 2.453, "rainfall_mm": 60.0}}, {"type": "Feature", "geometry": {"type": "Point", "coordinates": [78.351207, 17.422138]}, "properties": {"cell_id": 1114, "risk_score": 0.4159, "severity_band": "red", "population_exposed": 2337, "dist_to_drain_km": 0.137, "dist_to_incident_km": 2.39, "rainfall_mm": 60.0}}, {"type": "Feature", "geometry": {"type": "Point", "coordinates": [78.355707, 17.422138]}, "properties": {"cell_id": 1115, "risk_score": 0.432, "severity_band": "red", "population_exposed": 2516, "dist_to_drain_km": 0.103, "dist_to_incident_km": 2.422, "rainfall_mm": 60.0}}, {"type": "Feature", "geometry": {"type": "Point", "coordinates": [78.360207, 17.422138]}, "properties": {"cell_id": 1116, "risk_score": 0.4271, "severity_band": "yellow", "population_exposed": 2695, "dist_to_drain_km": 0.103, "dist_to_incident_km": 2.544, "rainfall_mm": 60.0}}, {"type": "Feature", "geometry": {"type": "Point", "coordinates": [78.364707, 17.422138]}, "properties": {"cell_id": 1117, "risk_score": 0.3574, "severity_band": "yellow", "population_exposed": 2864, "dist_to_drain_km": 0.239, "dist_to_incident_km": 2.745, "rainfall_mm": 60.0}}, {"type": "Feature", "geometry": {"type": "Point", "coordinates": [78.369207, 17.422138]}, "properties": {"cell_id": 1118, "risk_score": 0.218, "severity_band": "green", "population_exposed": 3010, "dist_to_drain_km": 0.583, "dist_to_incident_km": 3.009, "rainfall_mm": 60.0}}, {"type": "Feature", "geometry": {"type": "Point", "coordinates": [78.373707, 17.422138]}, "properties": {"cell_id": 1119, "risk_score": 0.3193, "severity_band": "yellow", "population_exposed": 3122, "dist_to_drain_km": 0.383, "dist_to_incident_km": 2.822, "rainfall_mm": 60.0}}, {"type": "Feature", "geometry": {"type": "Point", "coordinates": [78.378207, 17.422138]}, "properties": {"cell_id": 1120, "risk_score": 0.2375, "severity_band": "yellow", "population_exposed": 3189, "dist_to_drain_km": 0.636, "dist_to_incident_km": 2.525, "rainfall_mm": 60.0}}, {"type": "Feature", "geometry": {"type": "Point", "coordinates": [78.382707, 17.422138]}, "properties": {"cell_id": 1121, "risk_score": 0.231, "severity_band": "yellow", "population_exposed": 3208, "dist_to_drain_km": 0.736, "dist_to_incident_km": 2.29, "rainfall_mm": 60.0}}, {"type": "Feature", "geometry": {"type": "Point", "coordinates": [78.387207, 17.422138]}, "properties": {"cell_id": 1122, "risk_score": 0.2942, "severity_band": "yellow", "population_exposed": 3188, "dist_to_drain_km": 0.487, "dist_to_incident_km": 2.138, "rainfall_mm": 60.0}}, {"type": "Feature", "geometry": {"type": "Point", "coordinates": [78.391707, 17.422138]}, "properties": {"cell_id": 1123, "risk_score": 0.2942, "severity_band": "yellow", "population_exposed": 3139, "dist_to_drain_km": 0.474, "dist_to_incident_km": 2.085, "rainfall_mm": 60.0}}, {"type": "Feature", "geometry": {"type": "Point", "coordinates": [78.396207, 17.422138]}, "properties": {"cell_id": 1124, "risk_score": 0.2523, "severity_band": "yellow", "population_exposed": 3076, "dist_to_drain_km": 0.614, "dist_to_incident_km": 1.78, "rainfall_mm": 60.0}}, {"type": "Feature", "geometry": {"type": "Point", "coordinates": [78.400707, 17.422138]}, "properties": {"cell_id": 1125, "risk_score": 0.2325, "severity_band": "yellow", "population_exposed": 3010, "dist_to_drain_km": 0.828, "dist_to_incident_km": 1.403, "rainfall_mm": 60.0}}, {"type": "Feature", "geometry": {"type": "Point", "coordinates": [78.405207, 17.422138]}, "properties": {"cell_id": 1126, "risk_score": 0.2836, "severity_band": "yellow", "population_exposed": 2950, "dist_to_drain_km": 0.959, "dist_to_incident_km": 1.107, "rainfall_mm": 60.0}}, {"type": "Feature", "geometry": {"type": "Point", "coordinates": [78.409707, 17.422138]}, "properties": {"cell_id": 1127, "risk_score": 0.3543, "severity_band": "yellow", "population_exposed": 2901, "dist_to_drain_km": 0.598, "dist_to_incident_km": 0.969, "rainfall_mm": 60.0}}, {"type": "Feature", "geometry": {"type": "Point", "coordinates": [78.414207, 17.422138]}, "properties": {"cell_id": 1128, "risk_score": 0.4692, "severity_band": "yellow", "population_exposed": 2866, "dist_to_drain_km": 0.209, "dist_to_incident_km": 1.053, "rainfall_mm": 60.0}}, {"type": "Feature", "geometry": {"type": "Point", "coordinates": [78.418707, 17.422138]}, "properties": {"cell_id": 1129, "risk_score": 0.4211, "severity_band": "yellow", "population_exposed": 2848, "dist_to_drain_km": 0.22, "dist_to_incident_km": 1.317, "rainfall_mm": 60.0}}, {"type": "Feature", "geometry": {"type": "Point", "coordinates": [78.423207, 17.422138]}, "properties": {"cell_id": 1130, "risk_score": 0.4874, "severity_band": "yellow", "population_exposed": 2846, "dist_to_drain_km": 0.015, "dist_to_incident_km": 1.677, "rainfall_mm": 60.0}}, {"type": "Feature", "geometry": {"type": "Point", "coordinates": [78.427707, 17.422138]}, "properties": {"cell_id": 1131, "risk_score": 0.4863, "severity_band": "yellow", "population_exposed": 2861, "dist_to_drain_km": 0.108, "dist_to_incident_km": 1.383, "rainfall_mm": 60.0}}, {"type": "Feature", "geometry": {"type": "Point", "coordinates": [78.432207, 17.422138]}, "properties": {"cell_id": 1132, "risk_score": 0.3553, "severity_band": "yellow", "population_exposed": 2893, "dist_to_drain_km": 0.562, "dist_to_incident_km": 0.951, "rainfall_mm": 60.0}}, {"type": "Feature", "geometry": {"type": "Point", "coordinates": [78.436707, 17.422138]}, "properties": {"cell_id": 1133, "risk_score": 0.4451, "severity_band": "yellow", "population_exposed": 2940, "dist_to_drain_km": 0.43, "dist_to_incident_km": 0.594, "rainfall_mm": 60.0}}, {"type": "Feature", "geometry": {"type": "Point", "coordinates": [78.441207, 17.422138]}, "properties": {"cell_id": 1134, "risk_score": 0.5755, "severity_band": "yellow", "population_exposed": 3002, "dist_to_drain_km": 0.108, "dist_to_incident_km": 0.508, "rainfall_mm": 60.0}}, {"type": "Feature", "geometry": {"type": "Point", "coordinates": [78.445707, 17.422138]}, "properties": {"cell_id": 1135, "risk_score": 0.5205, "severity_band": "yellow", "population_exposed": 3076, "dist_to_drain_km": 0.124, "dist_to_incident_km": 0.738, "rainfall_mm": 60.0}}, {"type": "Feature", "geometry": {"type": "Point", "coordinates": [78.450207, 17.422138]}, "properties": {"cell_id": 1136, "risk_score": 0.5708, "severity_band": "yellow", "population_exposed": 3159, "dist_to_drain_km": 0.183, "dist_to_incident_km": 0.401, "rainfall_mm": 60.0}}, {"type": "Feature", "geometry": {"type": "Point", "coordinates": [78.454707, 17.422138]}, "properties": {"cell_id": 1137, "risk_score": 0.4433, "severity_band": "yellow", "population_exposed": 3249, "dist_to_drain_km": 0.648, "dist_to_incident_km": 0.481, "rainfall_mm": 60.0}}, {"type": "Feature", "geometry": {"type": "Point", "coordinates": [78.459207, 17.422138]}, "properties": {"cell_id": 1138, "risk_score": 0.3461, "severity_band": "yellow", "population_exposed": 3341, "dist_to_drain_km": 0.696, "dist_to_incident_km": 0.871, "rainfall_mm": 60.0}}, {"type": "Feature", "geometry": {"type": "Point", "coordinates": [78.463707, 17.422138]}, "properties": {"cell_id": 1139, "risk_score": 0.3161, "severity_band": "yellow", "population_exposed": 3431, "dist_to_drain_km": 0.557, "dist_to_incident_km": 1.32, "rainfall_mm": 60.0}}, {"type": "Feature", "geometry": {"type": "Point", "coordinates": [78.468207, 17.422138]}, "properties": {"cell_id": 1140, "risk_score": 0.2949, "severity_band": "yellow", "population_exposed": 3513, "dist_to_drain_km": 0.467, "dist_to_incident_km": 1.784, "rainfall_mm": 60.0}}, {"type": "Feature", "geometry": {"type": "Point", "coordinates": [78.472707, 17.422138]}, "properties": {"cell_id": 1141, "risk_score": 0.3794, "severity_band": "yellow", "population_exposed": 3582, "dist_to_drain_km": 0.221, "dist_to_incident_km": 2.062, "rainfall_mm": 60.0}}, {"type": "Feature", "geometry": {"type": "Point", "coordinates": [78.477207, 17.422138]}, "properties": {"cell_id": 1142, "risk_score": 0.2613, "severity_band": "yellow", "population_exposed": 3630, "dist_to_drain_km": 0.579, "dist_to_incident_km": 2.275, "rainfall_mm": 60.0}}, {"type": "Feature", "geometry": {"type": "Point", "coordinates": [78.481707, 17.422138]}, "properties": {"cell_id": 1143, "risk_score": 0.3047, "severity_band": "yellow", "population_exposed": 3654, "dist_to_drain_km": 0.398, "dist_to_incident_km": 1.999, "rainfall_mm": 60.0}}, {"type": "Feature", "geometry": {"type": "Point", "coordinates": [78.486207, 17.422138]}, "properties": {"cell_id": 1144, "risk_score": 0.4865, "severity_band": "yellow", "population_exposed": 3649, "dist_to_drain_km": 0.03, "dist_to_incident_km": 1.803, "rainfall_mm": 60.0}}, {"type": "Feature", "geometry": {"type": "Point", "coordinates": [78.490707, 17.422138]}, "properties": {"cell_id": 1145, "risk_score": 0.3496, "severity_band": "yellow", "population_exposed": 3612, "dist_to_drain_km": 0.359, "dist_to_incident_km": 1.72, "rainfall_mm": 60.0}}, {"type": "Feature", "geometry": {"type": "Point", "coordinates": [78.495207, 17.422138]}, "properties": {"cell_id": 1146, "risk_score": 0.2402, "severity_band": "yellow", "population_exposed": 3546, "dist_to_drain_km": 0.772, "dist_to_incident_km": 1.767, "rainfall_mm": 60.0}}, {"type": "Feature", "geometry": {"type": "Point", "coordinates": [78.499707, 17.422138]}, "properties": {"cell_id": 1147, "risk_score": 0.2068, "severity_band": "yellow", "population_exposed": 3452, "dist_to_drain_km": 1.22, "dist_to_incident_km": 1.935, "rainfall_mm": 60.0}}, {"type": "Feature", "geometry": {"type": "Point", "coordinates": [78.504207, 17.422138]}, "properties": {"cell_id": 1148, "risk_score": 0.2064, "severity_band": "yellow", "population_exposed": 3336, "dist_to_drain_km": 1.075, "dist_to_incident_km": 2.195, "rainfall_mm": 60.0}}, {"type": "Feature", "geometry": {"type": "Point", "coordinates": [78.508707, 17.422138]}, "properties": {"cell_id": 1149, "risk_score": 0.2375, "severity_band": "yellow", "population_exposed": 3202, "dist_to_drain_km": 0.646, "dist_to_incident_km": 2.52, "rainfall_mm": 60.0}}, {"type": "Feature", "geometry": {"type": "Point", "coordinates": [78.513207, 17.422138]}, "properties": {"cell_id": 1150, "risk_score": 0.358, "severity_band": "yellow", "population_exposed": 3056, "dist_to_drain_km": 0.227, "dist_to_incident_km": 2.879, "rainfall_mm": 60.0}}, {"type": "Feature", "geometry": {"type": "Point", "coordinates": [78.517707, 17.422138]}, "properties": {"cell_id": 1151, "risk_score": 0.3194, "severity_band": "yellow", "population_exposed": 2902, "dist_to_drain_km": 0.338, "dist_to_incident_km": 3.177, "rainfall_mm": 60.0}}, {"type": "Feature", "geometry": {"type": "Point", "coordinates": [78.522207, 17.422138]}, "properties": {"cell_id": 1152, "risk_score": 0.2034, "severity_band": "green", "population_exposed": 2745, "dist_to_drain_km": 0.688, "dist_to_incident_km": 3.515, "rainfall_mm": 60.0}}, {"type": "Feature", "geometry": {"type": "Point", "coordinates": [78.526707, 17.422138]}, "properties": {"cell_id": 1153, "risk_score": 0.2356, "severity_band": "green", "population_exposed": 2589, "dist_to_drain_km": 0.539, "dist_to_incident_km": 3.405, "rainfall_mm": 60.0}}, {"type": "Feature", "geometry": {"type": "Point", "coordinates": [78.531207, 17.422138]}, "properties": {"cell_id": 1154, "risk_score": 0.2308, "severity_band": "green", "population_exposed": 2436, "dist_to_drain_km": 0.554, "dist_to_incident_km": 3.285, "rainfall_mm": 60.0}}, {"type": "Feature", "geometry": {"type": "Point", "coordinates": [78.535707, 17.422138]}, "properties": {"cell_id": 1155, "risk_score": 0.1625, "severity_band": "green", "population_exposed": 2287, "dist_to_drain_km": 0.856, "dist_to_incident_km": 3.231, "rainfall_mm": 60.0}}, {"type": "Feature", "geometry": {"type": "Point", "coordinates": [78.540207, 17.422138]}, "properties": {"cell_id": 1156, "risk_score": 0.1601, "severity_band": "green", "population_exposed": 2145, "dist_to_drain_km": 1.039, "dist_to_incident_km": 3.123, "rainfall_mm": 60.0}}, {"type": "Feature", "geometry": {"type": "Point", "coordinates": [78.544707, 17.422138]}, "properties": {"cell_id": 1157, "risk_score": 0.2331, "severity_band": "green", "population_exposed": 2010, "dist_to_drain_km": 0.562, "dist_to_incident_km": 2.801, "rainfall_mm": 60.0}}, {"type": "Feature", "geometry": {"type": "Point", "coordinates": [78.549207, 17.422138]}, "properties": {"cell_id": 1158, "risk_score": 0.4348, "severity_band": "red", "population_exposed": 1882, "dist_to_drain_km": 0.086, "dist_to_incident_km": 2.529, "rainfall_mm": 60.0}}, {"type": "Feature", "geometry": {"type": "Point", "coordinates": [78.553707, 17.422138]}, "properties": {"cell_id": 1159, "risk_score": 0.4405, "severity_band": "red", "population_exposed": 1762, "dist_to_drain_km": 0.088, "dist_to_incident_km": 2.325, "rainfall_mm": 60.0}}, {"type": "Feature", "geometry": {"type": "Point", "coordinates": [78.558207, 17.422138]}, "properties": {"cell_id": 1160, "risk_score": 0.4693, "severity_band": "red", "population_exposed": 1651, "dist_to_drain_km": 0.06, "dist_to_incident_km": 2.206, "rainfall_mm": 60.0}}, {"type": "Feature", "geometry": {"type": "Point", "coordinates": [78.562707, 17.422138]}, "properties": {"cell_id": 1161, "risk_score": 0.2748, "severity_band": "green", "population_exposed": 1546, "dist_to_drain_km": 0.536, "dist_to_incident_km": 2.188, "rainfall_mm": 60.0}}, {"type": "Feature", "geometry": {"type": "Point", "coordinates": [78.283707, 17.426638]}, "properties": {"cell_id": 1162, "risk_score": 0.1273, "severity_band": "green", "population_exposed": 781, "dist_to_drain_km": 2.609, "dist_to_incident_km": 7.483, "rainfall_mm": 60.0}}, {"type": "Feature", "geometry": {"type": "Point", "coordinates": [78.306207, 17.426638]}, "properties": {"cell_id": 1163, "risk_score": 0.1273, "severity_band": "green", "population_exposed": 1086, "dist_to_drain_km": 1.768, "dist_to_incident_km": 5.209, "rainfall_mm": 60.0}}, {"type": "Feature", "geometry": {"type": "Point", "coordinates": [78.310707, 17.426638]}, "properties": {"cell_id": 1164, "risk_score": 0.1273, "severity_band": "green", "population_exposed": 1169, "dist_to_drain_km": 1.641, "dist_to_incident_km": 4.767, "rainfall_mm": 60.0}}, {"type": "Feature", "geometry": {"type": "Point", "coordinates": [78.315207, 17.426638]}, "properties": {"cell_id": 1165, "risk_score": 0.1273, "severity_band": "green", "population_exposed": 1262, "dist_to_drain_km": 1.406, "dist_to_incident_km": 4.333, "rainfall_mm": 60.0}}, {"type": "Feature", "geometry": {"type": "Point", "coordinates": [78.319707, 17.426638]}, "properties": {"cell_id": 1166, "risk_score": 0.1374, "severity_band": "green", "population_exposed": 1366, "dist_to_drain_km": 1.195, "dist_to_incident_km": 3.909, "rainfall_mm": 60.0}}, {"type": "Feature", "geometry": {"type": "Point", "coordinates": [78.324207, 17.426638]}, "properties": {"cell_id": 1167, "risk_score": 0.1655, "severity_band": "green", "population_exposed": 1481, "dist_to_drain_km": 0.837, "dist_to_incident_km": 3.498, "rainfall_mm": 60.0}}, {"type": "Feature", "geometry": {"type": "Point", "coordinates": [78.328707, 17.426638]}, "properties": {"cell_id": 1168, "risk_score": 0.2722, "severity_band": "green", "population_exposed": 1608, "dist_to_drain_km": 0.401, "dist_to_incident_km": 3.107, "rainfall_mm": 60.0}}, {"type": "Feature", "geometry": {"type": "Point", "coordinates": [78.333207, 17.426638]}, "properties": {"cell_id": 1169, "risk_score": 0.3559, "severity_band": "red", "population_exposed": 1750, "dist_to_drain_km": 0.253, "dist_to_incident_km": 2.743, "rainfall_mm": 60.0}}, {"type": "Feature", "geometry": {"type": "Point", "coordinates": [78.337707, 17.426638]}, "properties": {"cell_id": 1170, "risk_score": 0.3339, "severity_band": "red", "population_exposed": 1904, "dist_to_drain_km": 0.323, "dist_to_incident_km": 2.42, "rainfall_mm": 60.0}}, {"type": "Feature", "geometry": {"type": "Point", "coordinates": [78.342207, 17.426638]}, "properties": {"cell_id": 1171, "risk_score": 0.4228, "severity_band": "red", "population_exposed": 2074, "dist_to_drain_km": 0.131, "dist_to_incident_km": 2.154, "rainfall_mm": 60.0}}, {"type": "Feature", "geometry": {"type": "Point", "coordinates": [78.346707, 17.426638]}, "properties": {"cell_id": 1172, "risk_score": 0.3717, "severity_band": "red", "population_exposed": 2258, "dist_to_drain_km": 0.273, "dist_to_incident_km": 1.969, "rainfall_mm": 60.0}}, {"type": "Feature", "geometry": {"type": "Point", "coordinates": [78.351207, 17.426638]}, "properties": {"cell_id": 1173, "risk_score": 0.4424, "severity_band": "red", "population_exposed": 2454, "dist_to_drain_km": 0.115, "dist_to_incident_km": 1.89, "rainfall_mm": 60.0}}, {"type": "Feature", "geometry": {"type": "Point", "coordinates": [78.355707, 17.426638]}, "properties": {"cell_id": 1174, "risk_score": 0.4247, "severity_band": "red", "population_exposed": 2661, "dist_to_drain_km": 0.118, "dist_to_incident_km": 1.93, "rainfall_mm": 60.0}}, {"type": "Feature", "geometry": {"type": "Point", "coordinates": [78.360207, 17.426638]}, "properties": {"cell_id": 1175, "risk_score": 0.4172, "severity_band": "yellow", "population_exposed": 2872, "dist_to_drain_km": 0.163, "dist_to_incident_km": 2.081, "rainfall_mm": 60.0}}, {"type": "Feature", "geometry": {"type": "Point", "coordinates": [78.364707, 17.426638]}, "properties": {"cell_id": 1176, "risk_score": 0.3321, "severity_band": "yellow", "population_exposed": 3076, "dist_to_drain_km": 0.346, "dist_to_incident_km": 2.323, "rainfall_mm": 60.0}}, {"type": "Feature", "geometry": {"type": "Point", "coordinates": [78.369207, 17.426638]}, "properties": {"cell_id": 1177, "risk_score": 0.2604, "severity_band": "yellow", "population_exposed": 3256, "dist_to_drain_km": 0.451, "dist_to_incident_km": 2.629, "rainfall_mm": 60.0}}, {"type": "Feature", "geometry": {"type": "Point", "coordinates": [78.373707, 17.426638]}, "properties": {"cell_id": 1178, "risk_score": 0.4313, "severity_band": "yellow", "population_exposed": 3391, "dist_to_drain_km": 0.111, "dist_to_incident_km": 2.475, "rainfall_mm": 60.0}}, {"type": "Feature", "geometry": {"type": "Point", "coordinates": [78.378207, 17.426638]}, "properties": {"cell_id": 1179, "risk_score": 0.2902, "severity_band": "yellow", "population_exposed": 3462, "dist_to_drain_km": 0.518, "dist_to_incident_km": 2.131, "rainfall_mm": 60.0}}, {"type": "Feature", "geometry": {"type": "Point", "coordinates": [78.382707, 17.426638]}, "properties": {"cell_id": 1180, "risk_score": 0.3451, "severity_band": "yellow", "population_exposed": 3462, "dist_to_drain_km": 0.39, "dist_to_incident_km": 1.846, "rainfall_mm": 60.0}}, {"type": "Feature", "geometry": {"type": "Point", "coordinates": [78.387207, 17.426638]}, "properties": {"cell_id": 1181, "risk_score": 0.4859, "severity_band": "yellow", "population_exposed": 3407, "dist_to_drain_km": 0.05, "dist_to_incident_km": 1.653, "rainfall_mm": 60.0}}, {"type": "Feature", "geometry": {"type": "Point", "coordinates": [78.391707, 17.426638]}, "properties": {"cell_id": 1182, "risk_score": 0.4933, "severity_band": "yellow", "population_exposed": 3318, "dist_to_drain_km": 0.011, "dist_to_incident_km": 1.585, "rainfall_mm": 60.0}}, {"type": "Feature", "geometry": {"type": "Point", "coordinates": [78.396207, 17.426638]}, "properties": {"cell_id": 1183, "risk_score": 0.3791, "severity_band": "yellow", "population_exposed": 3215, "dist_to_drain_km": 0.265, "dist_to_incident_km": 1.565, "rainfall_mm": 60.0}}, {"type": "Feature", "geometry": {"type": "Point", "coordinates": [78.400707, 17.426638]}, "properties": {"cell_id": 1184, "risk_score": 0.337, "severity_band": "yellow", "population_exposed": 3113, "dist_to_drain_km": 0.722, "dist_to_incident_km": 1.119, "rainfall_mm": 60.0}}, {"type": "Feature", "geometry": {"type": "Point", "coordinates": [78.405207, 17.426638]}, "properties": {"cell_id": 1185, "risk_score": 0.3012, "severity_band": "yellow", "population_exposed": 3021, "dist_to_drain_km": 1.193, "dist_to_incident_km": 0.713, "rainfall_mm": 60.0}}, {"type": "Feature", "geometry": {"type": "Point", "coordinates": [78.409707, 17.426638]}, "properties": {"cell_id": 1186, "risk_score": 0.3957, "severity_band": "yellow", "population_exposed": 2944, "dist_to_drain_km": 0.76, "dist_to_incident_km": 0.471, "rainfall_mm": 60.0}}, {"type": "Feature", "geometry": {"type": "Point", "coordinates": [78.414207, 17.426638]}, "properties": {"cell_id": 1187, "risk_score": 0.4951, "severity_band": "yellow", "population_exposed": 2885, "dist_to_drain_km": 0.311, "dist_to_incident_km": 0.625, "rainfall_mm": 60.0}}, {"type": "Feature", "geometry": {"type": "Point", "coordinates": [78.418707, 17.426638]}, "properties": {"cell_id": 1188, "risk_score": 0.4689, "severity_band": "yellow", "population_exposed": 2844, "dist_to_drain_km": 0.223, "dist_to_incident_km": 1.008, "rainfall_mm": 60.0}}, {"type": "Feature", "geometry": {"type": "Point", "coordinates": [78.423207, 17.426638]}, "properties": {"cell_id": 1189, "risk_score": 0.3612, "severity_band": "yellow", "population_exposed": 2822, "dist_to_drain_km": 0.358, "dist_to_incident_km": 1.448, "rainfall_mm": 60.0}}, {"type": "Feature", "geometry": {"type": "Point", "coordinates": [78.427707, 17.426638]}, "properties": {"cell_id": 1190, "risk_score": 0.2687, "severity_band": "yellow", "population_exposed": 2818, "dist_to_drain_km": 0.575, "dist_to_incident_km": 1.628, "rainfall_mm": 60.0}}, {"type": "Feature", "geometry": {"type": "Point", "coordinates": [78.432207, 17.426638]}, "properties": {"cell_id": 1191, "risk_score": 0.2883, "severity_band": "yellow", "population_exposed": 2830, "dist_to_drain_km": 0.799, "dist_to_incident_km": 1.282, "rainfall_mm": 60.0}}, {"type": "Feature", "geometry": {"type": "Point", "coordinates": [78.436707, 17.426638]}, "properties": {"cell_id": 1192, "risk_score": 0.3531, "severity_band": "yellow", "population_exposed": 2858, "dist_to_drain_km": 0.542, "dist_to_incident_km": 1.045, "rainfall_mm": 60.0}}, {"type": "Feature", "geometry": {"type": "Point", "coordinates": [78.441207, 17.426638]}, "properties": {"cell_id": 1193, "risk_score": 0.5196, "severity_band": "yellow", "population_exposed": 2900, "dist_to_drain_km": 0.099, "dist_to_incident_km": 0.998, "rainfall_mm": 60.0}}, {"type": "Feature", "geometry": {"type": "Point", "coordinates": [78.445707, 17.426638]}, "properties": {"cell_id": 1194, "risk_score": 0.4966, "severity_band": "yellow", "population_exposed": 2952, "dist_to_drain_km": 0.278, "dist_to_incident_km": 0.655, "rainfall_mm": 60.0}}, {"type": "Feature", "geometry": {"type": "Point", "coordinates": [78.450207, 17.426638]}, "properties": {"cell_id": 1195, "risk_score": 0.5793, "severity_band": "yellow", "population_exposed": 3014, "dist_to_drain_km": 0.389, "dist_to_incident_km": 0.212, "rainfall_mm": 60.0}}, {"type": "Feature", "geometry": {"type": "Point", "coordinates": [78.454707, 17.426638]}, "properties": {"cell_id": 1196, "risk_score": 0.418, "severity_band": "yellow", "population_exposed": 3081, "dist_to_drain_km": 0.749, "dist_to_incident_km": 0.341, "rainfall_mm": 60.0}}, {"type": "Feature", "geometry": {"type": "Point", "coordinates": [78.459207, 17.426638]}, "properties": {"cell_id": 1197, "risk_score": 0.3563, "severity_band": "yellow", "population_exposed": 3150, "dist_to_drain_km": 0.582, "dist_to_incident_km": 0.802, "rainfall_mm": 60.0}}, {"type": "Feature", "geometry": {"type": "Point", "coordinates": [78.463707, 17.426638]}, "properties": {"cell_id": 1198, "risk_score": 0.3395, "severity_band": "yellow", "population_exposed": 3218, "dist_to_drain_km": 0.429, "dist_to_incident_km": 1.275, "rainfall_mm": 60.0}}, {"type": "Feature", "geometry": {"type": "Point", "coordinates": [78.468207, 17.426638]}, "properties": {"cell_id": 1199, "risk_score": 0.3756, "severity_band": "yellow", "population_exposed": 3278, "dist_to_drain_km": 0.272, "dist_to_incident_km": 1.77, "rainfall_mm": 60.0}}, {"type": "Feature", "geometry": {"type": "Point", "coordinates": [78.472707, 17.426638]}, "properties": {"cell_id": 1200, "risk_score": 0.4369, "severity_band": "yellow", "population_exposed": 3326, "dist_to_drain_km": 0.102, "dist_to_incident_km": 2.098, "rainfall_mm": 60.0}}, {"type": "Feature", "geometry": {"type": "Point", "coordinates": [78.477207, 17.426638]}, "properties": {"cell_id": 1201, "risk_score": 0.3055, "severity_band": "yellow", "population_exposed": 3359, "dist_to_drain_km": 0.407, "dist_to_incident_km": 1.931, "rainfall_mm": 60.0}}, {"type": "Feature", "geometry": {"type": "Point", "coordinates": [78.481707, 17.426638]}, "properties": {"cell_id": 1202, "risk_score": 0.39, "severity_band": "yellow", "population_exposed": 3372, "dist_to_drain_km": 0.213, "dist_to_incident_km": 1.589, "rainfall_mm": 60.0}}, {"type": "Feature", "geometry": {"type": "Point", "coordinates": [78.486207, 17.426638]}, "properties": {"cell_id": 1203, "risk_score": 0.407, "severity_band": "yellow", "population_exposed": 3362, "dist_to_drain_km": 0.254, "dist_to_incident_km": 1.334, "rainfall_mm": 60.0}}, {"type": "Feature", "geometry": {"type": "Point", "coordinates": [78.490707, 17.426638]}, "properties": {"cell_id": 1204, "risk_score": 0.352, "severity_band": "yellow", "population_exposed": 3327, "dist_to_drain_km": 0.526, "dist_to_incident_km": 1.22, "rainfall_mm": 60.0}}, {"type": "Feature", "geometry": {"type": "Point", "coordinates": [78.495207, 17.426638]}, "properties": {"cell_id": 1205, "risk_score": 0.2454, "severity_band": "yellow", "population_exposed": 3269, "dist_to_drain_km": 0.965, "dist_to_incident_km": 1.286, "rainfall_mm": 60.0}}, {"type": "Feature", "geometry": {"type": "Point", "coordinates": [78.499707, 17.426638]}, "properties": {"cell_id": 1206, "risk_score": 0.2113, "severity_band": "yellow", "population_exposed": 3189, "dist_to_drain_km": 1.428, "dist_to_incident_km": 1.508, "rainfall_mm": 60.0}}, {"type": "Feature", "geometry": {"type": "Point", "coordinates": [78.504207, 17.426638]}, "properties": {"cell_id": 1207, "risk_score": 0.2119, "severity_band": "green", "population_exposed": 3090, "dist_to_drain_km": 1.301, "dist_to_incident_km": 1.83, "rainfall_mm": 60.0}}, {"type": "Feature", "geometry": {"type": "Point", "coordinates": [78.508707, 17.426638]}, "properties": {"cell_id": 1208, "risk_score": 0.2083, "severity_band": "green", "population_exposed": 2975, "dist_to_drain_km": 0.918, "dist_to_incident_km": 2.21, "rainfall_mm": 60.0}}, {"type": "Feature", "geometry": {"type": "Point", "coordinates": [78.513207, 17.426638]}, "properties": {"cell_id": 1209, "risk_score": 0.2141, "severity_band": "green", "population_exposed": 2849, "dist_to_drain_km": 0.671, "dist_to_incident_km": 2.621, "rainfall_mm": 60.0}}, {"type": "Feature", "geometry": {"type": "Point", "coordinates": [78.517707, 17.426638]}, "properties": {"cell_id": 1210, "risk_score": 0.1961, "severity_band": "green", "population_exposed": 2716, "dist_to_drain_km": 0.716, "dist_to_incident_km": 3.01, "rainfall_mm": 60.0}}, {"type": "Feature", "geometry": {"type": "Point", "coordinates": [78.522207, 17.426638]}, "properties": {"cell_id": 1211, "risk_score": 0.2005, "severity_band": "green", "population_exposed": 2580, "dist_to_drain_km": 0.708, "dist_to_incident_km": 3.142, "rainfall_mm": 60.0}}, {"type": "Feature", "geometry": {"type": "Point", "coordinates": [78.526707, 17.426638]}, "properties": {"cell_id": 1212, "risk_score": 0.3517, "severity_band": "red", "population_exposed": 2442, "dist_to_drain_km": 0.286, "dist_to_incident_km": 2.935, "rainfall_mm": 60.0}}, {"type": "Feature", "geometry": {"type": "Point", "coordinates": [78.531207, 17.426638]}, "properties": {"cell_id": 1213, "risk_score": 0.3203, "severity_band": "red", "population_exposed": 2306, "dist_to_drain_km": 0.331, "dist_to_incident_km": 2.795, "rainfall_mm": 60.0}}, {"type": "Feature", "geometry": {"type": "Point", "coordinates": [78.535707, 17.426638]}, "properties": {"cell_id": 1214, "risk_score": 0.1964, "severity_band": "green", "population_exposed": 2172, "dist_to_drain_km": 0.765, "dist_to_incident_km": 2.731, "rainfall_mm": 60.0}}, {"type": "Feature", "geometry": {"type": "Point", "coordinates": [78.540207, 17.426638]}, "properties": {"cell_id": 1215, "risk_score": 0.1637, "severity_band": "green", "population_exposed": 2044, "dist_to_drain_km": 0.951, "dist_to_incident_km": 2.751, "rainfall_mm": 60.0}}, {"type": "Feature", "geometry": {"type": "Point", "coordinates": [78.544707, 17.426638]}, "properties": {"cell_id": 1216, "risk_score": 0.2585, "severity_band": "green", "population_exposed": 1921, "dist_to_drain_km": 0.504, "dist_to_incident_km": 2.851, "rainfall_mm": 60.0}}, {"type": "Feature", "geometry": {"type": "Point", "coordinates": [78.549207, 17.426638]}, "properties": {"cell_id": 1217, "risk_score": 0.412, "severity_band": "red", "population_exposed": 1804, "dist_to_drain_km": 0.081, "dist_to_incident_km": 2.972, "rainfall_mm": 60.0}}, {"type": "Feature", "geometry": {"type": "Point", "coordinates": [78.553707, 17.426638]}, "properties": {"cell_id": 1218, "risk_score": 0.3531, "severity_band": "red", "population_exposed": 1694, "dist_to_drain_km": 0.273, "dist_to_incident_km": 2.8, "rainfall_mm": 60.0}}, {"type": "Feature", "geometry": {"type": "Point", "coordinates": [78.558207, 17.426638]}, "properties": {"cell_id": 1219, "risk_score": 0.3537, "severity_band": "red", "population_exposed": 1590, "dist_to_drain_km": 0.261, "dist_to_incident_km": 2.702, "rainfall_mm": 60.0}}, {"type": "Feature", "geometry": {"type": "Point", "coordinates": [78.562707, 17.426638]}, "properties": {"cell_id": 1220, "risk_score": 0.2061, "severity_band": "green", "population_exposed": 1494, "dist_to_drain_km": 0.639, "dist_to_incident_km": 2.687, "rainfall_mm": 60.0}}, {"type": "Feature", "geometry": {"type": "Point", "coordinates": [78.279207, 17.431138]}, "properties": {"cell_id": 1221, "risk_score": 0.1273, "severity_band": "green", "population_exposed": 742, "dist_to_drain_km": 2.718, "dist_to_incident_km": 7.842, "rainfall_mm": 60.0}}, {"type": "Feature", "geometry": {"type": "Point", "coordinates": [78.283707, 17.431138]}, "properties": {"cell_id": 1222, "risk_score": 0.1273, "severity_band": "green", "population_exposed": 786, "dist_to_drain_km": 2.304, "dist_to_incident_km": 7.373, "rainfall_mm": 60.0}}, {"type": "Feature", "geometry": {"type": "Point", "coordinates": [78.288207, 17.431138]}, "properties": {"cell_id": 1223, "risk_score": 0.1273, "severity_band": "green", "population_exposed": 835, "dist_to_drain_km": 1.92, "dist_to_incident_km": 6.905, "rainfall_mm": 60.0}}, {"type": "Feature", "geometry": {"type": "Point", "coordinates": [78.292707, 17.431138]}, "properties": {"cell_id": 1224, "risk_score": 0.1273, "severity_band": "green", "population_exposed": 890, "dist_to_drain_km": 1.587, "dist_to_incident_km": 6.438, "rainfall_mm": 60.0}}, {"type": "Feature", "geometry": {"type": "Point", "coordinates": [78.297207, 17.431138]}, "properties": {"cell_id": 1225, "risk_score": 0.1273, "severity_band": "green", "population_exposed": 952, "dist_to_drain_km": 1.342, "dist_to_incident_km": 5.972, "rainfall_mm": 60.0}}, {"type": "Feature", "geometry": {"type": "Point", "coordinates": [78.301707, 17.431138]}, "properties": {"cell_id": 1226, "risk_score": 0.1301, "severity_band": "green", "population_exposed": 1021, "dist_to_drain_km": 1.238, "dist_to_incident_km": 5.509, "rainfall_mm": 60.0}}, {"type": "Feature", "geometry": {"type": "Point", "coordinates": [78.306207, 17.431138]}, "properties": {"cell_id": 1227, "risk_score": 0.1298, "severity_band": "green", "population_exposed": 1098, "dist_to_drain_km": 1.27, "dist_to_incident_km": 5.049, "rainfall_mm": 60.0}}, {"type": "Feature", "geometry": {"type": "Point", "coordinates": [78.310707, 17.431138]}, "properties": {"cell_id": 1228, "risk_score": 0.1298, "severity_band": "green", "population_exposed": 1184, "dist_to_drain_km": 1.262, "dist_to_incident_km": 4.592, "rainfall_mm": 60.0}}, {"type": "Feature", "geometry": {"type": "Point", "coordinates": [78.315207, 17.431138]}, "properties": {"cell_id": 1229, "risk_score": 0.1609, "severity_band": "green", "population_exposed": 1280, "dist_to_drain_km": 0.959, "dist_to_incident_km": 4.139, "rainfall_mm": 60.0}}, {"type": "Feature", "geometry": {"type": "Point", "coordinates": [78.319707, 17.431138]}, "properties": {"cell_id": 1230, "risk_score": 0.1939, "severity_band": "green", "population_exposed": 1388, "dist_to_drain_km": 0.753, "dist_to_incident_km": 3.693, "rainfall_mm": 60.0}}, {"type": "Feature", "geometry": {"type": "Point", "coordinates": [78.324207, 17.431138]}, "properties": {"cell_id": 1231, "risk_score": 0.2079, "severity_band": "green", "population_exposed": 1508, "dist_to_drain_km": 0.614, "dist_to_incident_km": 3.255, "rainfall_mm": 60.0}}, {"type": "Feature", "geometry": {"type": "Point", "coordinates": [78.328707, 17.431138]}, "properties": {"cell_id": 1232, "risk_score": 0.2576, "severity_band": "green", "population_exposed": 1642, "dist_to_drain_km": 0.519, "dist_to_incident_km": 2.831, "rainfall_mm": 60.0}}, {"type": "Feature", "geometry": {"type": "Point", "coordinates": [78.333207, 17.431138]}, "properties": {"cell_id": 1233, "risk_score": 0.4153, "severity_band": "red", "population_exposed": 1790, "dist_to_drain_km": 0.128, "dist_to_incident_km": 2.426, "rainfall_mm": 60.0}}, {"type": "Feature", "geometry": {"type": "Point", "coordinates": [78.337707, 17.431138]}, "properties": {"cell_id": 1234, "risk_score": 0.4178, "severity_band": "red", "population_exposed": 1956, "dist_to_drain_km": 0.162, "dist_to_incident_km": 2.053, "rainfall_mm": 60.0}}, {"type": "Feature", "geometry": {"type": "Point", "coordinates": [78.342207, 17.431138]}, "properties": {"cell_id": 1235, "risk_score": 0.3825, "severity_band": "red", "population_exposed": 2138, "dist_to_drain_km": 0.229, "dist_to_incident_km": 1.732, "rainfall_mm": 60.0}}, {"type": "Feature", "geometry": {"type": "Point", "coordinates": [78.346707, 17.431138]}, "properties": {"cell_id": 1236, "risk_score": 0.4983, "severity_band": "red", "population_exposed": 2338, "dist_to_drain_km": 0.008, "dist_to_incident_km": 1.496, "rainfall_mm": 60.0}}, {"type": "Feature", "geometry": {"type": "Point", "coordinates": [78.351207, 17.431138]}, "properties": {"cell_id": 1237, "risk_score": 0.5031, "severity_band": "red", "population_exposed": 2557, "dist_to_drain_km": 0.077, "dist_to_incident_km": 1.39, "rainfall_mm": 60.0}}, {"type": "Feature", "geometry": {"type": "Point", "coordinates": [78.355707, 17.431138]}, "properties": {"cell_id": 1238, "risk_score": 0.4801, "severity_band": "yellow", "population_exposed": 2792, "dist_to_drain_km": 0.092, "dist_to_incident_km": 1.444, "rainfall_mm": 60.0}}, {"type": "Feature", "geometry": {"type": "Point", "coordinates": [78.360207, 17.431138]}, "properties": {"cell_id": 1239, "risk_score": 0.4141, "severity_band": "yellow", "population_exposed": 3040, "dist_to_drain_km": 0.175, "dist_to_incident_km": 1.641, "rainfall_mm": 60.0}}, {"type": "Feature", "geometry": {"type": "Point", "coordinates": [78.364707, 17.431138]}, "properties": {"cell_id": 1240, "risk_score": 0.4827, "severity_band": "yellow", "population_exposed": 3289, "dist_to_drain_km": 0.021, "dist_to_incident_km": 1.938, "rainfall_mm": 60.0}}, {"type": "Feature", "geometry": {"type": "Point", "coordinates": [78.369207, 17.431138]}, "properties": {"cell_id": 1241, "risk_score": 0.2986, "severity_band": "yellow", "population_exposed": 3518, "dist_to_drain_km": 0.401, "dist_to_incident_km": 2.296, "rainfall_mm": 60.0}}, {"type": "Feature", "geometry": {"type": "Point", "coordinates": [78.373707, 17.431138]}, "properties": {"cell_id": 1242, "risk_score": 0.2454, "severity_band": "yellow", "population_exposed": 3693, "dist_to_drain_km": 0.607, "dist_to_incident_km": 2.189, "rainfall_mm": 60.0}}, {"type": "Feature", "geometry": {"type": "Point", "coordinates": [78.378207, 17.431138]}, "properties": {"cell_id": 1243, "risk_score": 0.2399, "severity_band": "yellow", "population_exposed": 3772, "dist_to_drain_km": 0.792, "dist_to_incident_km": 1.79, "rainfall_mm": 60.0}}, {"type": "Feature", "geometry": {"type": "Point", "coordinates": [78.382707, 17.431138]}, "properties": {"cell_id": 1244, "risk_score": 0.3054, "severity_band": "yellow", "population_exposed": 3742, "dist_to_drain_km": 0.446, "dist_to_incident_km": 1.44, "rainfall_mm": 60.0}}, {"type": "Feature", "geometry": {"type": "Point", "coordinates": [78.387207, 17.431138]}, "properties": {"cell_id": 1245, "risk_score": 0.5149, "severity_band": "yellow", "population_exposed": 3636, "dist_to_drain_km": 0.11, "dist_to_incident_km": 1.182, "rainfall_mm": 60.0}}, {"type": "Feature", "geometry": {"type": "Point", "coordinates": [78.391707, 17.431138]}, "properties": {"cell_id": 1246, "risk_score": 0.5201, "severity_band": "yellow", "population_exposed": 3492, "dist_to_drain_km": 0.099, "dist_to_incident_km": 1.085, "rainfall_mm": 60.0}}, {"type": "Feature", "geometry": {"type": "Point", "coordinates": [78.396207, 17.431138]}, "properties": {"cell_id": 1247, "risk_score": 0.3773, "severity_band": "yellow", "population_exposed": 3342, "dist_to_drain_km": 0.405, "dist_to_incident_km": 1.188, "rainfall_mm": 60.0}}, {"type": "Feature", "geometry": {"type": "Point", "coordinates": [78.400707, 17.431138]}, "properties": {"cell_id": 1248, "risk_score": 0.3472, "severity_band": "yellow", "population_exposed": 3201, "dist_to_drain_km": 0.655, "dist_to_incident_km": 1.017, "rainfall_mm": 60.0}}, {"type": "Feature", "geometry": {"type": "Point", "coordinates": [78.405207, 17.431138]}, "properties": {"cell_id": 1249, "risk_score": 0.3831, "severity_band": "yellow", "population_exposed": 3077, "dist_to_drain_km": 0.801, "dist_to_incident_km": 0.54, "rainfall_mm": 60.0}}, {"type": "Feature", "geometry": {"type": "Point", "coordinates": [78.409707, 17.431138]}, "properties": {"cell_id": 1250, "risk_score": 0.456, "severity_band": "yellow", "population_exposed": 2973, "dist_to_drain_km": 0.993, "dist_to_incident_km": 0.07, "rainfall_mm": 60.0}}, {"type": "Feature", "geometry": {"type": "Point", "coordinates": [78.414207, 17.431138]}, "properties": {"cell_id": 1251, "risk_score": 0.4244, "severity_band": "yellow", "population_exposed": 2890, "dist_to_drain_km": 0.698, "dist_to_incident_km": 0.417, "rainfall_mm": 60.0}}, {"type": "Feature", "geometry": {"type": "Point", "coordinates": [78.418707, 17.431138]}, "properties": {"cell_id": 1252, "risk_score": 0.3476, "severity_band": "yellow", "population_exposed": 2829, "dist_to_drain_km": 0.661, "dist_to_incident_km": 0.894, "rainfall_mm": 60.0}}, {"type": "Feature", "geometry": {"type": "Point", "coordinates": [78.423207, 17.431138]}, "properties": {"cell_id": 1253, "risk_score": 0.2511, "severity_band": "green", "population_exposed": 2788, "dist_to_drain_km": 0.833, "dist_to_incident_km": 1.371, "rainfall_mm": 60.0}}, {"type": "Feature", "geometry": {"type": "Point", "coordinates": [78.427707, 17.431138]}, "properties": {"cell_id": 1254, "risk_score": 0.218, "severity_band": "green", "population_exposed": 2766, "dist_to_drain_km": 0.971, "dist_to_incident_km": 1.848, "rainfall_mm": 60.0}}, {"type": "Feature", "geometry": {"type": "Point", "coordinates": [78.432207, 17.431138]}, "properties": {"cell_id": 1255, "risk_score": 0.2214, "severity_band": "green", "population_exposed": 2760, "dist_to_drain_km": 0.917, "dist_to_incident_km": 1.698, "rainfall_mm": 60.0}}, {"type": "Feature", "geometry": {"type": "Point", "coordinates": [78.436707, 17.431138]}, "properties": {"cell_id": 1256, "risk_score": 0.2431, "severity_band": "green", "population_exposed": 2770, "dist_to_drain_km": 0.737, "dist_to_incident_km": 1.527, "rainfall_mm": 60.0}}, {"type": "Feature", "geometry": {"type": "Point", "coordinates": [78.441207, 17.431138]}, "properties": {"cell_id": 1257, "risk_score": 0.3374, "severity_band": "yellow", "population_exposed": 2794, "dist_to_drain_km": 0.454, "dist_to_incident_km": 1.287, "rainfall_mm": 60.0}}, {"type": "Feature", "geometry": {"type": "Point", "coordinates": [78.445707, 17.431138]}, "properties": {"cell_id": 1258, "risk_score": 0.3579, "severity_band": "yellow", "population_exposed": 2828, "dist_to_drain_km": 0.529, "dist_to_incident_km": 0.903, "rainfall_mm": 60.0}}, {"type": "Feature", "geometry": {"type": "Point", "coordinates": [78.450207, 17.431138]}, "properties": {"cell_id": 1259, "risk_score": 0.3663, "severity_band": "yellow", "population_exposed": 2870, "dist_to_drain_km": 0.623, "dist_to_incident_km": 0.656, "rainfall_mm": 60.0}}, {"type": "Feature", "geometry": {"type": "Point", "coordinates": [78.454707, 17.431138]}, "properties": {"cell_id": 1260, "risk_score": 0.3649, "severity_band": "yellow", "population_exposed": 2918, "dist_to_drain_km": 0.688, "dist_to_incident_km": 0.708, "rainfall_mm": 60.0}}, {"type": "Feature", "geometry": {"type": "Point", "coordinates": [78.459207, 17.431138]}, "properties": {"cell_id": 1261, "risk_score": 0.4747, "severity_band": "yellow", "population_exposed": 2968, "dist_to_drain_km": 0.218, "dist_to_incident_km": 0.906, "rainfall_mm": 60.0}}, {"type": "Feature", "geometry": {"type": "Point", "coordinates": [78.463707, 17.431138]}, "properties": {"cell_id": 1262, "risk_score": 0.5215, "severity_band": "yellow", "population_exposed": 3016, "dist_to_drain_km": 0.089, "dist_to_incident_km": 1.085, "rainfall_mm": 60.0}}, {"type": "Feature", "geometry": {"type": "Point", "coordinates": [78.468207, 17.431138]}, "properties": {"cell_id": 1263, "risk_score": 0.3644, "severity_band": "yellow", "population_exposed": 3058, "dist_to_drain_km": 0.389, "dist_to_incident_km": 1.409, "rainfall_mm": 60.0}}, {"type": "Feature", "geometry": {"type": "Point", "coordinates": [78.472707, 17.431138]}, "properties": {"cell_id": 1264, "risk_score": 0.2949, "severity_band": "yellow", "population_exposed": 3091, "dist_to_drain_km": 0.439, "dist_to_incident_km": 1.803, "rainfall_mm": 60.0}}, {"type": "Feature", "geometry": {"type": "Point", "coordinates": [78.477207, 17.431138]}, "properties": {"cell_id": 1265, "risk_score": 0.3773, "severity_band": "yellow", "population_exposed": 3111, "dist_to_drain_km": 0.265, "dist_to_incident_km": 1.661, "rainfall_mm": 60.0}}, {"type": "Feature", "geometry": {"type": "Point", "coordinates": [78.481707, 17.431138]}, "properties": {"cell_id": 1266, "risk_score": 0.4198, "severity_band": "yellow", "population_exposed": 3115, "dist_to_drain_km": 0.305, "dist_to_incident_km": 1.248, "rainfall_mm": 60.0}}, {"type": "Feature", "geometry": {"type": "Point", "coordinates": [78.486207, 17.431138]}, "properties": {"cell_id": 1267, "risk_score": 0.4452, "severity_band": "yellow", "population_exposed": 3102, "dist_to_drain_km": 0.344, "dist_to_incident_km": 0.9, "rainfall_mm": 60.0}}, {"type": "Feature", "geometry": {"type": "Point", "coordinates": [78.490707, 17.431138]}, "properties": {"cell_id": 1268, "risk_score": 0.3649, "severity_band": "yellow", "population_exposed": 3068, "dist_to_drain_km": 0.674, "dist_to_incident_km": 0.721, "rainfall_mm": 60.0}}, {"type": "Feature", "geometry": {"type": "Point", "coordinates": [78.495207, 17.431138]}, "properties": {"cell_id": 1269, "risk_score": 0.2925, "severity_band": "yellow", "population_exposed": 3016, "dist_to_drain_km": 1.138, "dist_to_incident_km": 0.827, "rainfall_mm": 60.0}}, {"type": "Feature", "geometry": {"type": "Point", "coordinates": [78.499707, 17.431138]}, "properties": {"cell_id": 1270, "risk_score": 0.253, "severity_band": "yellow", "population_exposed": 2946, "dist_to_drain_km": 1.488, "dist_to_incident_km": 1.142, "rainfall_mm": 60.0}}, {"type": "Feature", "geometry": {"type": "Point", "coordinates": [78.504207, 17.431138]}, "properties": {"cell_id": 1271, "risk_score": 0.2113, "severity_band": "green", "population_exposed": 2861, "dist_to_drain_km": 1.61, "dist_to_incident_km": 1.543, "rainfall_mm": 60.0}}, {"type": "Feature", "geometry": {"type": "Point", "coordinates": [78.508707, 17.431138]}, "properties": {"cell_id": 1272, "risk_score": 0.2017, "severity_band": "green", "population_exposed": 2762, "dist_to_drain_km": 1.32, "dist_to_incident_km": 1.978, "rainfall_mm": 60.0}}, {"type": "Feature", "geometry": {"type": "Point", "coordinates": [78.513207, 17.431138]}, "properties": {"cell_id": 1273, "risk_score": 0.1853, "severity_band": "green", "population_exposed": 2654, "dist_to_drain_km": 1.161, "dist_to_incident_km": 2.357, "rainfall_mm": 60.0}}, {"type": "Feature", "geometry": {"type": "Point", "coordinates": [78.517707, 17.431138]}, "properties": {"cell_id": 1274, "risk_score": 0.1821, "severity_band": "green", "population_exposed": 2539, "dist_to_drain_km": 1.188, "dist_to_incident_km": 2.574, "rainfall_mm": 60.0}}, {"type": "Feature", "geometry": {"type": "Point", "coordinates": [78.522207, 17.431138]}, "properties": {"cell_id": 1275, "risk_score": 0.1978, "severity_band": "green", "population_exposed": 2419, "dist_to_drain_km": 0.736, "dist_to_incident_km": 2.719, "rainfall_mm": 60.0}}, {"type": "Feature", "geometry": {"type": "Point", "coordinates": [78.526707, 17.431138]}, "properties": {"cell_id": 1276, "risk_score": 0.3321, "severity_band": "red", "population_exposed": 2298, "dist_to_drain_km": 0.349, "dist_to_incident_km": 2.477, "rainfall_mm": 60.0}}, {"type": "Feature", "geometry": {"type": "Point", "coordinates": [78.531207, 17.431138]}, "properties": {"cell_id": 1277, "risk_score": 0.3306, "severity_band": "red", "population_exposed": 2177, "dist_to_drain_km": 0.387, "dist_to_incident_km": 2.309, "rainfall_mm": 60.0}}, {"type": "Feature", "geometry": {"type": "Point", "coordinates": [78.535707, 17.431138]}, "properties": {"cell_id": 1278, "risk_score": 0.232, "severity_band": "green", "population_exposed": 2058, "dist_to_drain_km": 0.791, "dist_to_incident_km": 2.232, "rainfall_mm": 60.0}}, {"type": "Feature", "geometry": {"type": "Point", "coordinates": [78.540207, 17.431138]}, "properties": {"cell_id": 1279, "risk_score": 0.2305, "severity_band": "green", "population_exposed": 1942, "dist_to_drain_km": 0.751, "dist_to_incident_km": 2.256, "rainfall_mm": 60.0}}, {"type": "Feature", "geometry": {"type": "Point", "coordinates": [78.544707, 17.431138]}, "properties": {"cell_id": 1280, "risk_score": 0.3519, "severity_band": "red", "population_exposed": 1831, "dist_to_drain_km": 0.294, "dist_to_incident_km": 2.377, "rainfall_mm": 60.0}}, {"type": "Feature", "geometry": {"type": "Point", "coordinates": [78.549207, 17.431138]}, "properties": {"cell_id": 1281, "risk_score": 0.4107, "severity_band": "red", "population_exposed": 1725, "dist_to_drain_km": 0.124, "dist_to_incident_km": 2.582, "rainfall_mm": 60.0}}, {"type": "Feature", "geometry": {"type": "Point", "coordinates": [78.553707, 17.431138]}, "properties": {"cell_id": 1282, "risk_score": 0.2627, "severity_band": "green", "population_exposed": 1624, "dist_to_drain_km": 0.416, "dist_to_incident_km": 2.854, "rainfall_mm": 60.0}}, {"type": "Feature", "geometry": {"type": "Point", "coordinates": [78.558207, 17.431138]}, "properties": {"cell_id": 1283, "risk_score": 0.1961, "severity_band": "green", "population_exposed": 1528, "dist_to_drain_km": 0.738, "dist_to_incident_km": 3.2, "rainfall_mm": 60.0}}, {"type": "Feature", "geometry": {"type": "Point", "coordinates": [78.562707, 17.431138]}, "properties": {"cell_id": 1284, "risk_score": 0.1928, "severity_band": "green", "population_exposed": 1439, "dist_to_drain_km": 0.781, "dist_to_incident_km": 3.187, "rainfall_mm": 60.0}}, {"type": "Feature", "geometry": {"type": "Point", "coordinates": [78.567207, 17.431138]}, "properties": {"cell_id": 1285, "risk_score": 0.3193, "severity_band": "red", "population_exposed": 1355, "dist_to_drain_km": 0.372, "dist_to_incident_km": 3.245, "rainfall_mm": 60.0}}, {"type": "Feature", "geometry": {"type": "Point", "coordinates": [78.571707, 17.431138]}, "properties": {"cell_id": 1286, "risk_score": 0.3899, "severity_band": "red", "population_exposed": 1276, "dist_to_drain_km": 0.142, "dist_to_incident_km": 3.371, "rainfall_mm": 60.0}}, {"type": "Feature", "geometry": {"type": "Point", "coordinates": [78.576207, 17.431138]}, "properties": {"cell_id": 1287, "risk_score": 0.2558, "severity_band": "green", "population_exposed": 1204, "dist_to_drain_km": 0.495, "dist_to_incident_km": 3.557, "rainfall_mm": 60.0}}, {"type": "Feature", "geometry": {"type": "Point", "coordinates": [78.274707, 17.435638]}, "properties": {"cell_id": 1288, "risk_score": 0.1273, "severity_band": "green", "population_exposed": 704, "dist_to_drain_km": 3.02, "dist_to_incident_km": 8.244, "rainfall_mm": 60.0}}, {"type": "Feature", "geometry": {"type": "Point", "coordinates": [78.279207, 17.435638]}, "properties": {"cell_id": 1289, "risk_score": 0.1273, "severity_band": "green", "population_exposed": 744, "dist_to_drain_km": 2.527, "dist_to_incident_km": 7.769, "rainfall_mm": 60.0}}, {"type": "Feature", "geometry": {"type": "Point", "coordinates": [78.283707, 17.435638]}, "properties": {"cell_id": 1290, "risk_score": 0.1273, "severity_band": "green", "population_exposed": 788, "dist_to_drain_km": 2.076, "dist_to_incident_km": 7.295, "rainfall_mm": 60.0}}, {"type": "Feature", "geometry": {"type": "Point", "coordinates": [78.288207, 17.435638]}, "properties": {"cell_id": 1291, "risk_score": 0.1273, "severity_band": "green", "population_exposed": 838, "dist_to_drain_km": 1.64, "dist_to_incident_km": 6.822, "rainfall_mm": 60.0}}, {"type": "Feature", "geometry": {"type": "Point", "coordinates": [78.292707, 17.435638]}, "properties": {"cell_id": 1292, "risk_score": 0.1301, "severity_band": "green", "population_exposed": 894, "dist_to_drain_km": 1.234, "dist_to_incident_km": 6.349, "rainfall_mm": 60.0}}, {"type": "Feature", "geometry": {"type": "Point", "coordinates": [78.297207, 17.435638]}, "properties": {"cell_id": 1293, "risk_score": 0.1614, "severity_band": "green", "population_exposed": 956, "dist_to_drain_km": 0.901, "dist_to_incident_km": 5.876, "rainfall_mm": 60.0}}, {"type": "Feature", "geometry": {"type": "Point", "coordinates": [78.301707, 17.435638]}, "properties": {"cell_id": 1294, "risk_score": 0.1949, "severity_band": "green", "population_exposed": 1027, "dist_to_drain_km": 0.738, "dist_to_incident_km": 5.405, "rainfall_mm": 60.0}}, {"type": "Feature", "geometry": {"type": "Point", "coordinates": [78.306207, 17.435638]}, "properties": {"cell_id": 1295, "risk_score": 0.1917, "severity_band": "green", "population_exposed": 1105, "dist_to_drain_km": 0.776, "dist_to_incident_km": 4.935, "rainfall_mm": 60.0}}, {"type": "Feature", "geometry": {"type": "Point", "coordinates": [78.310707, 17.435638]}, "properties": {"cell_id": 1296, "risk_score": 0.1605, "severity_band": "green", "population_exposed": 1193, "dist_to_drain_km": 0.99, "dist_to_incident_km": 4.466, "rainfall_mm": 60.0}}, {"type": "Feature", "geometry": {"type": "Point", "coordinates": [78.315207, 17.435638]}, "properties": {"cell_id": 1297, "risk_score": 0.2286, "severity_band": "green", "population_exposed": 1292, "dist_to_drain_km": 0.574, "dist_to_incident_km": 3.999, "rainfall_mm": 60.0}}, {"type": "Feature", "geometry": {"type": "Point", "coordinates": [78.319707, 17.435638]}, "properties": {"cell_id": 1298, "risk_score": 0.3286, "severity_band": "red", "population_exposed": 1402, "dist_to_drain_km": 0.309, "dist_to_incident_km": 3.535, "rainfall_mm": 60.0}}, {"type": "Feature", "geometry": {"type": "Point", "coordinates": [78.324207, 17.435638]}, "properties": {"cell_id": 1299, "risk_score": 0.3921, "severity_band": "red", "population_exposed": 1526, "dist_to_drain_km": 0.119, "dist_to_incident_km": 3.075, "rainfall_mm": 60.0}}, {"type": "Feature", "geometry": {"type": "Point", "coordinates": [78.328707, 17.435638]}, "properties": {"cell_id": 1300, "risk_score": 0.2596, "severity_band": "green", "population_exposed": 1664, "dist_to_drain_km": 0.515, "dist_to_incident_km": 2.622, "rainfall_mm": 60.0}}, {"type": "Feature", "geometry": {"type": "Point", "coordinates": [78.333207, 17.435638]}, "properties": {"cell_id": 1301, "risk_score": 0.2509, "severity_band": "green", "population_exposed": 1818, "dist_to_drain_km": 0.597, "dist_to_incident_km": 2.179, "rainfall_mm": 60.0}}, {"type": "Feature", "geometry": {"type": "Point", "coordinates": [78.337707, 17.435638]}, "properties": {"cell_id": 1302, "risk_score": 0.3493, "severity_band": "red", "population_exposed": 1991, "dist_to_drain_km": 0.345, "dist_to_incident_km": 1.754, "rainfall_mm": 60.0}}, {"type": "Feature", "geometry": {"type": "Point", "coordinates": [78.342207, 17.435638]}, "properties": {"cell_id": 1303, "risk_score": 0.3859, "severity_band": "red", "population_exposed": 2184, "dist_to_drain_km": 0.373, "dist_to_incident_km": 1.364, "rainfall_mm": 60.0}}, {"type": "Feature", "geometry": {"type": "Point", "coordinates": [78.346707, 17.435638]}, "properties": {"cell_id": 1304, "risk_score": 0.4286, "severity_band": "red", "population_exposed": 2398, "dist_to_drain_km": 0.298, "dist_to_incident_km": 1.048, "rainfall_mm": 60.0}}, {"type": "Feature", "geometry": {"type": "Point", "coordinates": [78.351207, 17.435638]}, "properties": {"cell_id": 1305, "risk_score": 0.4452, "severity_band": "red", "population_exposed": 2635, "dist_to_drain_km": 0.294, "dist_to_incident_km": 0.891, "rainfall_mm": 60.0}}, {"type": "Feature", "geometry": {"type": "Point", "coordinates": [78.355707, 17.435638]}, "properties": {"cell_id": 1306, "risk_score": 0.4376, "severity_band": "yellow", "population_exposed": 2896, "dist_to_drain_km": 0.296, "dist_to_incident_km": 0.973, "rainfall_mm": 60.0}}, {"type": "Feature", "geometry": {"type": "Point", "coordinates": [78.360207, 17.435638]}, "properties": {"cell_id": 1307, "risk_score": 0.4212, "severity_band": "yellow", "population_exposed": 3180, "dist_to_drain_km": 0.28, "dist_to_incident_km": 1.246, "rainfall_mm": 60.0}}, {"type": "Feature", "geometry": {"type": "Point", "coordinates": [78.364707, 17.435638]}, "properties": {"cell_id": 1308, "risk_score": 0.3517, "severity_band": "yellow", "population_exposed": 3480, "dist_to_drain_km": 0.359, "dist_to_incident_km": 1.617, "rainfall_mm": 60.0}}, {"type": "Feature", "geometry": {"type": "Point", "coordinates": [78.369207, 17.435638]}, "properties": {"cell_id": 1309, "risk_score": 0.2561, "severity_band": "yellow", "population_exposed": 3779, "dist_to_drain_km": 0.584, "dist_to_incident_km": 2.033, "rainfall_mm": 60.0}}, {"type": "Feature", "geometry": {"type": "Point", "coordinates": [78.373707, 17.435638]}, "properties": {"cell_id": 1310, "risk_score": 0.2692, "severity_band": "yellow", "population_exposed": 4025, "dist_to_drain_km": 0.569, "dist_to_incident_km": 1.989, "rainfall_mm": 60.0}}, {"type": "Feature", "geometry": {"type": "Point", "coordinates": [78.378207, 17.435638]}, "properties": {"cell_id": 1311, "risk_score": 0.2944, "severity_band": "yellow", "population_exposed": 4124, "dist_to_drain_km": 0.499, "dist_to_incident_km": 1.539, "rainfall_mm": 60.0}}, {"type": "Feature", "geometry": {"type": "Point", "coordinates": [78.382707, 17.435638]}, "properties": {"cell_id": 1312, "risk_score": 0.3452, "severity_band": "yellow", "population_exposed": 4038, "dist_to_drain_km": 0.647, "dist_to_incident_km": 1.112, "rainfall_mm": 60.0}}, {"type": "Feature", "geometry": {"type": "Point", "coordinates": [78.387207, 17.435638]}, "properties": {"cell_id": 1313, "risk_score": 0.4892, "severity_band": "yellow", "population_exposed": 3851, "dist_to_drain_km": 0.171, "dist_to_incident_km": 0.749, "rainfall_mm": 60.0}}, {"type": "Feature", "geometry": {"type": "Point", "coordinates": [78.391707, 17.435638]}, "properties": {"cell_id": 1314, "risk_score": 0.6282, "severity_band": "yellow", "population_exposed": 3640, "dist_to_drain_km": 0.029, "dist_to_incident_km": 0.584, "rainfall_mm": 60.0}}, {"type": "Feature", "geometry": {"type": "Point", "coordinates": [78.396207, 17.435638]}, "properties": {"cell_id": 1315, "risk_score": 0.3787, "severity_band": "yellow", "population_exposed": 3440, "dist_to_drain_km": 0.485, "dist_to_incident_km": 0.76, "rainfall_mm": 60.0}}, {"type": "Feature", "geometry": {"type": "Point", "coordinates": [78.400707, 17.435638]}, "properties": {"cell_id": 1316, "risk_score": 0.4803, "severity_band": "yellow", "population_exposed": 3261, "dist_to_drain_km": 0.155, "dist_to_incident_km": 1.126, "rainfall_mm": 60.0}}, {"type": "Feature", "geometry": {"type": "Point", "coordinates": [78.405207, 17.435638]}, "properties": {"cell_id": 1317, "risk_score": 0.3795, "severity_band": "yellow", "population_exposed": 3108, "dist_to_drain_km": 0.472, "dist_to_incident_km": 0.759, "rainfall_mm": 60.0}}, {"type": "Feature", "geometry": {"type": "Point", "coordinates": [78.409707, 17.435638]}, "properties": {"cell_id": 1318, "risk_score": 0.3825, "severity_band": "yellow", "population_exposed": 2981, "dist_to_drain_km": 0.934, "dist_to_incident_km": 0.537, "rainfall_mm": 60.0}}, {"type": "Feature", "geometry": {"type": "Point", "coordinates": [78.414207, 17.435638]}, "properties": {"cell_id": 1319, "risk_score": 0.3633, "severity_band": "yellow", "population_exposed": 2879, "dist_to_drain_km": 0.708, "dist_to_incident_km": 0.677, "rainfall_mm": 60.0}}, {"type": "Feature", "geometry": {"type": "Point", "coordinates": [78.418707, 17.435638]}, "properties": {"cell_id": 1320, "risk_score": 0.3447, "severity_band": "yellow", "population_exposed": 2800, "dist_to_drain_km": 0.668, "dist_to_incident_km": 1.041, "rainfall_mm": 60.0}}, {"type": "Feature", "geometry": {"type": "Point", "coordinates": [78.423207, 17.435638]}, "properties": {"cell_id": 1321, "risk_score": 0.2508, "severity_band": "green", "population_exposed": 2742, "dist_to_drain_km": 0.789, "dist_to_incident_km": 1.471, "rainfall_mm": 60.0}}, {"type": "Feature", "geometry": {"type": "Point", "coordinates": [78.427707, 17.435638]}, "properties": {"cell_id": 1322, "risk_score": 0.2935, "severity_band": "yellow", "population_exposed": 2704, "dist_to_drain_km": 0.512, "dist_to_incident_km": 1.924, "rainfall_mm": 60.0}}, {"type": "Feature", "geometry": {"type": "Point", "coordinates": [78.432207, 17.435638]}, "properties": {"cell_id": 1323, "risk_score": 0.2942, "severity_band": "yellow", "population_exposed": 2684, "dist_to_drain_km": 0.426, "dist_to_incident_km": 2.15, "rainfall_mm": 60.0}}, {"type": "Feature", "geometry": {"type": "Point", "coordinates": [78.436707, 17.435638]}, "properties": {"cell_id": 1324, "risk_score": 0.2458, "severity_band": "green", "population_exposed": 2678, "dist_to_drain_km": 0.682, "dist_to_incident_km": 2.018, "rainfall_mm": 60.0}}, {"type": "Feature", "geometry": {"type": "Point", "coordinates": [78.441207, 17.435638]}, "properties": {"cell_id": 1325, "risk_score": 0.249, "severity_band": "green", "population_exposed": 2686, "dist_to_drain_km": 0.68, "dist_to_incident_km": 1.594, "rainfall_mm": 60.0}}, {"type": "Feature", "geometry": {"type": "Point", "coordinates": [78.445707, 17.435638]}, "properties": {"cell_id": 1326, "risk_score": 0.4094, "severity_band": "yellow", "population_exposed": 2704, "dist_to_drain_km": 0.251, "dist_to_incident_km": 1.304, "rainfall_mm": 60.0}}, {"type": "Feature", "geometry": {"type": "Point", "coordinates": [78.450207, 17.435638]}, "properties": {"cell_id": 1327, "risk_score": 0.4958, "severity_band": "red", "population_exposed": 2730, "dist_to_drain_km": 0.14, "dist_to_incident_km": 0.913, "rainfall_mm": 60.0}}, {"type": "Feature", "geometry": {"type": "Point", "coordinates": [78.454707, 17.435638]}, "properties": {"cell_id": 1328, "risk_score": 0.521, "severity_band": "red", "population_exposed": 2760, "dist_to_drain_km": 0.227, "dist_to_incident_km": 0.525, "rainfall_mm": 60.0}}, {"type": "Feature", "geometry": {"type": "Point", "coordinates": [78.459207, 17.435638]}, "properties": {"cell_id": 1329, "risk_score": 0.4552, "severity_band": "yellow", "population_exposed": 2794, "dist_to_drain_km": 0.451, "dist_to_incident_km": 0.418, "rainfall_mm": 60.0}}, {"type": "Feature", "geometry": {"type": "Point", "coordinates": [78.463707, 17.435638]}, "properties": {"cell_id": 1330, "risk_score": 0.4646, "severity_band": "yellow", "population_exposed": 2826, "dist_to_drain_km": 0.344, "dist_to_incident_km": 0.727, "rainfall_mm": 60.0}}, {"type": "Feature", "geometry": {"type": "Point", "coordinates": [78.468207, 17.435638]}, "properties": {"cell_id": 1331, "risk_score": 0.4731, "severity_band": "yellow", "population_exposed": 2854, "dist_to_drain_km": 0.197, "dist_to_incident_km": 1.157, "rainfall_mm": 60.0}}, {"type": "Feature", "geometry": {"type": "Point", "coordinates": [78.472707, 17.435638]}, "properties": {"cell_id": 1332, "risk_score": 0.3526, "severity_band": "yellow", "population_exposed": 2874, "dist_to_drain_km": 0.358, "dist_to_incident_km": 1.56, "rainfall_mm": 60.0}}, {"type": "Feature", "geometry": {"type": "Point", "coordinates": [78.477207, 17.435638]}, "properties": {"cell_id": 1333, "risk_score": 0.4929, "severity_band": "yellow", "population_exposed": 2884, "dist_to_drain_km": 0.071, "dist_to_incident_km": 1.514, "rainfall_mm": 60.0}}, {"type": "Feature", "geometry": {"type": "Point", "coordinates": [78.481707, 17.435638]}, "properties": {"cell_id": 1334, "risk_score": 0.5513, "severity_band": "yellow", "population_exposed": 2882, "dist_to_drain_km": 0.035, "dist_to_incident_km": 1.044, "rainfall_mm": 60.0}}, {"type": "Feature", "geometry": {"type": "Point", "coordinates": [78.486207, 17.435638]}, "properties": {"cell_id": 1335, "risk_score": 0.5417, "severity_band": "yellow", "population_exposed": 2865, "dist_to_drain_km": 0.134, "dist_to_incident_km": 0.585, "rainfall_mm": 60.0}}, {"type": "Feature", "geometry": {"type": "Point", "coordinates": [78.490707, 17.435638]}, "properties": {"cell_id": 1336, "risk_score": 0.5362, "severity_band": "yellow", "population_exposed": 2833, "dist_to_drain_km": 0.451, "dist_to_incident_km": 0.227, "rainfall_mm": 60.0}}, {"type": "Feature", "geometry": {"type": "Point", "coordinates": [78.495207, 17.435638]}, "properties": {"cell_id": 1337, "risk_score": 0.3874, "severity_band": "yellow", "population_exposed": 2786, "dist_to_drain_km": 0.816, "dist_to_incident_km": 0.465, "rainfall_mm": 60.0}}, {"type": "Feature", "geometry": {"type": "Point", "coordinates": [78.499707, 17.435638]}, "properties": {"cell_id": 1338, "risk_score": 0.2887, "severity_band": "yellow", "population_exposed": 2725, "dist_to_drain_km": 1.258, "dist_to_incident_km": 0.915, "rainfall_mm": 60.0}}, {"type": "Feature", "geometry": {"type": "Point", "coordinates": [78.504207, 17.435638]}, "properties": {"cell_id": 1339, "risk_score": 0.2282, "severity_band": "green", "population_exposed": 2650, "dist_to_drain_km": 1.709, "dist_to_incident_km": 1.383, "rainfall_mm": 60.0}}, {"type": "Feature", "geometry": {"type": "Point", "coordinates": [78.508707, 17.435638]}, "properties": {"cell_id": 1340, "risk_score": 0.2113, "severity_band": "green", "population_exposed": 2565, "dist_to_drain_km": 1.772, "dist_to_incident_km": 1.733, "rainfall_mm": 60.0}}, {"type": "Feature", "geometry": {"type": "Point", "coordinates": [78.513207, 17.435638]}, "properties": {"cell_id": 1341, "risk_score": 0.208, "severity_band": "green", "population_exposed": 2471, "dist_to_drain_km": 1.658, "dist_to_incident_km": 1.902, "rainfall_mm": 60.0}}, {"type": "Feature", "geometry": {"type": "Point", "coordinates": [78.517707, 17.435638]}, "properties": {"cell_id": 1342, "risk_score": 0.1956, "severity_band": "green", "population_exposed": 2370, "dist_to_drain_km": 1.398, "dist_to_incident_km": 2.165, "rainfall_mm": 60.0}}, {"type": "Feature", "geometry": {"type": "Point", "coordinates": [78.522207, 17.435638]}, "properties": {"cell_id": 1343, "risk_score": 0.1921, "severity_band": "green", "population_exposed": 2266, "dist_to_drain_km": 1.038, "dist_to_incident_km": 2.327, "rainfall_mm": 60.0}}, {"type": "Feature", "geometry": {"type": "Point", "coordinates": [78.526707, 17.435638]}, "properties": {"cell_id": 1344, "risk_score": 0.2274, "severity_band": "green", "population_exposed": 2159, "dist_to_drain_km": 0.809, "dist_to_incident_km": 2.038, "rainfall_mm": 60.0}}, {"type": "Feature", "geometry": {"type": "Point", "coordinates": [78.531207, 17.435638]}, "properties": {"cell_id": 1345, "risk_score": 0.2238, "severity_band": "green", "population_exposed": 2052, "dist_to_drain_km": 0.827, "dist_to_incident_km": 1.83, "rainfall_mm": 60.0}}, {"type": "Feature", "geometry": {"type": "Point", "coordinates": [78.535707, 17.435638]}, "properties": {"cell_id": 1346, "risk_score": 0.2179, "severity_band": "green", "population_exposed": 1946, "dist_to_drain_km": 1.078, "dist_to_incident_km": 1.732, "rainfall_mm": 60.0}}, {"type": "Feature", "geometry": {"type": "Point", "coordinates": [78.540207, 17.435638]}, "properties": {"cell_id": 1347, "risk_score": 0.2412, "severity_band": "green", "population_exposed": 1842, "dist_to_drain_km": 0.75, "dist_to_incident_km": 1.763, "rainfall_mm": 60.0}}, {"type": "Feature", "geometry": {"type": "Point", "coordinates": [78.544707, 17.435638]}, "properties": {"cell_id": 1348, "risk_score": 0.3567, "severity_band": "red", "population_exposed": 1742, "dist_to_drain_km": 0.302, "dist_to_incident_km": 1.916, "rainfall_mm": 60.0}}, {"type": "Feature", "geometry": {"type": "Point", "coordinates": [78.549207, 17.435638]}, "properties": {"cell_id": 1349, "risk_score": 0.4362, "severity_band": "red", "population_exposed": 1645, "dist_to_drain_km": 0.109, "dist_to_incident_km": 2.166, "rainfall_mm": 60.0}}, {"type": "Feature", "geometry": {"type": "Point", "coordinates": [78.553707, 17.435638]}, "properties": {"cell_id": 1350, "risk_score": 0.295, "severity_band": "red", "population_exposed": 1553, "dist_to_drain_km": 0.407, "dist_to_incident_km": 2.483, "rainfall_mm": 60.0}}, {"type": "Feature", "geometry": {"type": "Point", "coordinates": [78.558207, 17.435638]}, "properties": {"cell_id": 1351, "risk_score": 0.163, "severity_band": "green", "population_exposed": 1466, "dist_to_drain_km": 0.86, "dist_to_incident_km": 2.845, "rainfall_mm": 60.0}}, {"type": "Feature", "geometry": {"type": "Point", "coordinates": [78.562707, 17.435638]}, "properties": {"cell_id": 1352, "risk_score": 0.2079, "severity_band": "green", "population_exposed": 1383, "dist_to_drain_km": 0.613, "dist_to_incident_km": 3.237, "rainfall_mm": 60.0}}, {"type": "Feature", "geometry": {"type": "Point", "coordinates": [78.567207, 17.435638]}, "properties": {"cell_id": 1353, "risk_score": 0.3918, "severity_band": "red", "population_exposed": 1306, "dist_to_drain_km": 0.136, "dist_to_incident_km": 3.737, "rainfall_mm": 60.0}}, {"type": "Feature", "geometry": {"type": "Point", "coordinates": [78.571707, 17.435638]}, "properties": {"cell_id": 1354, "risk_score": 0.3249, "severity_band": "red", "population_exposed": 1233, "dist_to_drain_km": 0.321, "dist_to_incident_km": 3.847, "rainfall_mm": 60.0}}, {"type": "Feature", "geometry": {"type": "Point", "coordinates": [78.576207, 17.435638]}, "properties": {"cell_id": 1355, "risk_score": 0.1747, "severity_band": "green", "population_exposed": 1165, "dist_to_drain_km": 0.813, "dist_to_incident_km": 4.011, "rainfall_mm": 60.0}}, {"type": "Feature", "geometry": {"type": "Point", "coordinates": [78.274707, 17.440138]}, "properties": {"cell_id": 1356, "risk_score": 0.1273, "severity_band": "green", "population_exposed": 705, "dist_to_drain_km": 2.533, "dist_to_incident_km": 8.205, "rainfall_mm": 60.0}}, {"type": "Feature", "geometry": {"type": "Point", "coordinates": [78.279207, 17.440138]}, "properties": {"cell_id": 1357, "risk_score": 0.1273, "severity_band": "green", "population_exposed": 744, "dist_to_drain_km": 2.458, "dist_to_incident_km": 7.728, "rainfall_mm": 60.0}}, {"type": "Feature", "geometry": {"type": "Point", "coordinates": [78.283707, 17.440138]}, "properties": {"cell_id": 1358, "risk_score": 0.1273, "severity_band": "green", "population_exposed": 789, "dist_to_drain_km": 1.952, "dist_to_incident_km": 7.251, "rainfall_mm": 60.0}}, {"type": "Feature", "geometry": {"type": "Point", "coordinates": [78.288207, 17.440138]}, "properties": {"cell_id": 1359, "risk_score": 0.1273, "severity_band": "green", "population_exposed": 839, "dist_to_drain_km": 1.48, "dist_to_incident_km": 6.775, "rainfall_mm": 60.0}}, {"type": "Feature", "geometry": {"type": "Point", "coordinates": [78.292707, 17.440138]}, "properties": {"cell_id": 1360, "risk_score": 0.1605, "severity_band": "green", "population_exposed": 895, "dist_to_drain_km": 1.012, "dist_to_incident_km": 6.298, "rainfall_mm": 60.0}}, {"type": "Feature", "geometry": {"type": "Point", "coordinates": [78.297207, 17.440138]}, "properties": {"cell_id": 1361, "risk_score": 0.2295, "severity_band": "green", "population_exposed": 958, "dist_to_drain_km": 0.562, "dist_to_incident_km": 5.822, "rainfall_mm": 60.0}}, {"type": "Feature", "geometry": {"type": "Point", "coordinates": [78.301707, 17.440138]}, "properties": {"cell_id": 1362, "risk_score": 0.357, "severity_band": "red", "population_exposed": 1028, "dist_to_drain_km": 0.24, "dist_to_incident_km": 5.345, "rainfall_mm": 60.0}}, {"type": "Feature", "geometry": {"type": "Point", "coordinates": [78.306207, 17.440138]}, "properties": {"cell_id": 1363, "risk_score": 0.3294, "severity_band": "red", "population_exposed": 1108, "dist_to_drain_km": 0.304, "dist_to_incident_km": 4.869, "rainfall_mm": 60.0}}, {"type": "Feature", "geometry": {"type": "Point", "coordinates": [78.310707, 17.440138]}, "properties": {"cell_id": 1364, "risk_score": 0.2027, "severity_band": "green", "population_exposed": 1196, "dist_to_drain_km": 0.684, "dist_to_incident_km": 4.394, "rainfall_mm": 60.0}}, {"type": "Feature", "geometry": {"type": "Point", "coordinates": [78.315207, 17.440138]}, "properties": {"cell_id": 1365, "risk_score": 0.2568, "severity_band": "green", "population_exposed": 1296, "dist_to_drain_km": 0.427, "dist_to_incident_km": 3.918, "rainfall_mm": 60.0}}, {"type": "Feature", "geometry": {"type": "Point", "coordinates": [78.319707, 17.440138]}, "properties": {"cell_id": 1366, "risk_score": 0.4465, "severity_band": "red", "population_exposed": 1408, "dist_to_drain_km": 0.05, "dist_to_incident_km": 3.444, "rainfall_mm": 60.0}}, {"type": "Feature", "geometry": {"type": "Point", "coordinates": [78.324207, 17.440138]}, "properties": {"cell_id": 1367, "risk_score": 0.3876, "severity_band": "red", "population_exposed": 1533, "dist_to_drain_km": 0.157, "dist_to_incident_km": 2.97, "rainfall_mm": 60.0}}, {"type": "Feature", "geometry": {"type": "Point", "coordinates": [78.328707, 17.440138]}, "properties": {"cell_id": 1368, "risk_score": 0.2464, "severity_band": "green", "population_exposed": 1674, "dist_to_drain_km": 0.593, "dist_to_incident_km": 2.497, "rainfall_mm": 60.0}}, {"type": "Feature", "geometry": {"type": "Point", "coordinates": [78.333207, 17.440138]}, "properties": {"cell_id": 1369, "risk_score": 0.2159, "severity_band": "green", "population_exposed": 1832, "dist_to_drain_km": 0.827, "dist_to_incident_km": 2.027, "rainfall_mm": 60.0}}, {"type": "Feature", "geometry": {"type": "Point", "coordinates": [78.337707, 17.440138]}, "properties": {"cell_id": 1370, "risk_score": 0.229, "severity_band": "green", "population_exposed": 2008, "dist_to_drain_km": 0.816, "dist_to_incident_km": 1.561, "rainfall_mm": 60.0}}, {"type": "Feature", "geometry": {"type": "Point", "coordinates": [78.342207, 17.440138]}, "properties": {"cell_id": 1371, "risk_score": 0.3624, "severity_band": "red", "population_exposed": 2206, "dist_to_drain_km": 0.463, "dist_to_incident_km": 1.105, "rainfall_mm": 60.0}}, {"type": "Feature", "geometry": {"type": "Point", "coordinates": [78.346707, 17.440138]}, "properties": {"cell_id": 1372, "risk_score": 0.6282, "severity_band": "red", "population_exposed": 2429, "dist_to_drain_km": 0.059, "dist_to_incident_km": 0.679, "rainfall_mm": 60.0}}, {"type": "Feature", "geometry": {"type": "Point", "coordinates": [78.351207, 17.440138]}, "properties": {"cell_id": 1373, "risk_score": 0.573, "severity_band": "red", "population_exposed": 2677, "dist_to_drain_km": 0.197, "dist_to_incident_km": 0.396, "rainfall_mm": 60.0}}, {"type": "Feature", "geometry": {"type": "Point", "coordinates": [78.355707, 17.440138]}, "properties": {"cell_id": 1374, "risk_score": 0.4969, "severity_band": "yellow", "population_exposed": 2956, "dist_to_drain_km": 0.328, "dist_to_incident_km": 0.555, "rainfall_mm": 60.0}}, {"type": "Feature", "geometry": {"type": "Point", "coordinates": [78.360207, 17.440138]}, "properties": {"cell_id": 1375, "risk_score": 0.4565, "severity_band": "yellow", "population_exposed": 3266, "dist_to_drain_km": 0.24, "dist_to_incident_km": 0.956, "rainfall_mm": 60.0}}, {"type": "Feature", "geometry": {"type": "Point", "coordinates": [78.364707, 17.440138]}, "properties": {"cell_id": 1376, "risk_score": 0.3976, "severity_band": "yellow", "population_exposed": 3609, "dist_to_drain_km": 0.24, "dist_to_incident_km": 1.406, "rainfall_mm": 60.0}}, {"type": "Feature", "geometry": {"type": "Point", "coordinates": [78.369207, 17.440138]}, "properties": {"cell_id": 1377, "risk_score": 0.2389, "severity_band": "yellow", "population_exposed": 3983, "dist_to_drain_km": 0.715, "dist_to_incident_km": 1.87, "rainfall_mm": 60.0}}, {"type": "Feature", "geometry": {"type": "Point", "coordinates": [78.373707, 17.440138]}, "properties": {"cell_id": 1378, "risk_score": 0.3547, "severity_band": "yellow", "population_exposed": 4356, "dist_to_drain_km": 0.305, "dist_to_incident_km": 1.903, "rainfall_mm": 60.0}}, {"type": "Feature", "geometry": {"type": "Point", "coordinates": [78.378207, 17.440138]}, "properties": {"cell_id": 1379, "risk_score": 0.4514, "severity_band": "yellow", "population_exposed": 4520, "dist_to_drain_km": 0.134, "dist_to_incident_km": 1.426, "rainfall_mm": 60.0}}, {"type": "Feature", "geometry": {"type": "Point", "coordinates": [78.382707, 17.440138]}, "properties": {"cell_id": 1380, "risk_score": 0.3543, "severity_band": "yellow", "population_exposed": 4299, "dist_to_drain_km": 0.611, "dist_to_incident_km": 0.95, "rainfall_mm": 60.0}}, {"type": "Feature", "geometry": {"type": "Point", "coordinates": [78.387207, 17.440138]}, "properties": {"cell_id": 1381, "risk_score": 0.4524, "severity_band": "yellow", "population_exposed": 4003, "dist_to_drain_km": 0.424, "dist_to_incident_km": 0.477, "rainfall_mm": 60.0}}, {"type": "Feature", "geometry": {"type": "Point", "coordinates": [78.391707, 17.440138]}, "properties": {"cell_id": 1382, "risk_score": 0.6279, "severity_band": "yellow", "population_exposed": 3728, "dist_to_drain_km": 0.208, "dist_to_incident_km": 0.084, "rainfall_mm": 60.0}}, {"type": "Feature", "geometry": {"type": "Point", "coordinates": [78.396207, 17.440138]}, "properties": {"cell_id": 1383, "risk_score": 0.4488, "severity_band": "yellow", "population_exposed": 3488, "dist_to_drain_km": 0.573, "dist_to_incident_km": 0.493, "rainfall_mm": 60.0}}, {"type": "Feature", "geometry": {"type": "Point", "coordinates": [78.400707, 17.440138]}, "properties": {"cell_id": 1384, "risk_score": 0.4394, "severity_band": "yellow", "population_exposed": 3281, "dist_to_drain_km": 0.304, "dist_to_incident_km": 0.967, "rainfall_mm": 60.0}}, {"type": "Feature", "geometry": {"type": "Point", "coordinates": [78.405207, 17.440138]}, "properties": {"cell_id": 1385, "risk_score": 0.3512, "severity_band": "yellow", "population_exposed": 3108, "dist_to_drain_km": 0.549, "dist_to_incident_km": 1.166, "rainfall_mm": 60.0}}, {"type": "Feature", "geometry": {"type": "Point", "coordinates": [78.409707, 17.440138]}, "properties": {"cell_id": 1386, "risk_score": 0.3406, "severity_band": "yellow", "population_exposed": 2963, "dist_to_drain_km": 0.749, "dist_to_incident_km": 1.036, "rainfall_mm": 60.0}}, {"type": "Feature", "geometry": {"type": "Point", "coordinates": [78.414207, 17.440138]}, "properties": {"cell_id": 1387, "risk_score": 0.4282, "severity_band": "yellow", "population_exposed": 2846, "dist_to_drain_km": 0.317, "dist_to_incident_km": 1.115, "rainfall_mm": 60.0}}, {"type": "Feature", "geometry": {"type": "Point", "coordinates": [78.418707, 17.440138]}, "properties": {"cell_id": 1388, "risk_score": 0.4169, "severity_band": "yellow", "population_exposed": 2754, "dist_to_drain_km": 0.226, "dist_to_incident_km": 1.367, "rainfall_mm": 60.0}}, {"type": "Feature", "geometry": {"type": "Point", "coordinates": [78.423207, 17.440138]}, "properties": {"cell_id": 1389, "risk_score": 0.2769, "severity_band": "yellow", "population_exposed": 2684, "dist_to_drain_km": 0.527, "dist_to_incident_km": 1.717, "rainfall_mm": 60.0}}, {"type": "Feature", "geometry": {"type": "Point", "coordinates": [78.427707, 17.440138]}, "properties": {"cell_id": 1390, "risk_score": 0.4229, "severity_band": "red", "population_exposed": 2633, "dist_to_drain_km": 0.138, "dist_to_incident_km": 2.118, "rainfall_mm": 60.0}}, {"type": "Feature", "geometry": {"type": "Point", "coordinates": [78.432207, 17.440138]}, "properties": {"cell_id": 1391, "risk_score": 0.4402, "severity_band": "red", "population_exposed": 2600, "dist_to_drain_km": 0.076, "dist_to_incident_km": 2.62, "rainfall_mm": 60.0}}, {"type": "Feature", "geometry": {"type": "Point", "coordinates": [78.436707, 17.440138]}, "properties": {"cell_id": 1392, "risk_score": 0.3886, "severity_band": "red", "population_exposed": 2582, "dist_to_drain_km": 0.182, "dist_to_incident_km": 2.286, "rainfall_mm": 60.0}}, {"type": "Feature", "geometry": {"type": "Point", "coordinates": [78.441207, 17.440138]}, "properties": {"cell_id": 1393, "risk_score": 0.2949, "severity_band": "yellow", "population_exposed": 2576, "dist_to_drain_km": 0.487, "dist_to_incident_km": 1.78, "rainfall_mm": 60.0}}, {"type": "Feature", "geometry": {"type": "Point", "coordinates": [78.445707, 17.440138]}, "properties": {"cell_id": 1394, "risk_score": 0.3863, "severity_band": "red", "population_exposed": 2580, "dist_to_drain_km": 0.372, "dist_to_incident_km": 1.304, "rainfall_mm": 60.0}}, {"type": "Feature", "geometry": {"type": "Point", "coordinates": [78.450207, 17.440138]}, "properties": {"cell_id": 1395, "risk_score": 0.4469, "severity_band": "red", "population_exposed": 2592, "dist_to_drain_km": 0.323, "dist_to_incident_km": 0.829, "rainfall_mm": 60.0}}, {"type": "Feature", "geometry": {"type": "Point", "coordinates": [78.454707, 17.440138]}, "properties": {"cell_id": 1396, "risk_score": 0.6057, "severity_band": "red", "population_exposed": 2610, "dist_to_drain_km": 0.14, "dist_to_incident_km": 0.36, "rainfall_mm": 60.0}}, {"type": "Feature", "geometry": {"type": "Point", "coordinates": [78.459207, 17.440138]}, "properties": {"cell_id": 1397, "risk_score": 0.738, "severity_band": "red", "population_exposed": 2629, "dist_to_drain_km": 0.057, "dist_to_incident_km": 0.168, "rainfall_mm": 60.0}}, {"type": "Feature", "geometry": {"type": "Point", "coordinates": [78.463707, 17.440138]}, "properties": {"cell_id": 1398, "risk_score": 0.5445, "severity_band": "red", "population_exposed": 2648, "dist_to_drain_km": 0.129, "dist_to_incident_km": 0.619, "rainfall_mm": 60.0}}, {"type": "Feature", "geometry": {"type": "Point", "coordinates": [78.468207, 17.440138]}, "properties": {"cell_id": 1399, "risk_score": 0.5185, "severity_band": "red", "population_exposed": 2664, "dist_to_drain_km": 0.126, "dist_to_incident_km": 0.87, "rainfall_mm": 60.0}}, {"type": "Feature", "geometry": {"type": "Point", "coordinates": [78.472707, 17.440138]}, "properties": {"cell_id": 1400, "risk_score": 0.3615, "severity_band": "yellow", "population_exposed": 2674, "dist_to_drain_km": 0.438, "dist_to_incident_km": 1.229, "rainfall_mm": 60.0}}, {"type": "Feature", "geometry": {"type": "Point", "coordinates": [78.477207, 17.440138]}, "properties": {"cell_id": 1401, "risk_score": 0.495, "severity_band": "red", "population_exposed": 2677, "dist_to_drain_km": 0.059, "dist_to_incident_km": 1.525, "rainfall_mm": 60.0}}, {"type": "Feature", "geometry": {"type": "Point", "coordinates": [78.481707, 17.440138]}, "properties": {"cell_id": 1402, "risk_score": 0.4453, "severity_band": "red", "population_exposed": 2669, "dist_to_drain_km": 0.239, "dist_to_incident_km": 1.059, "rainfall_mm": 60.0}}, {"type": "Feature", "geometry": {"type": "Point", "coordinates": [78.486207, 17.440138]}, "properties": {"cell_id": 1403, "risk_score": 0.5152, "severity_band": "red", "population_exposed": 2650, "dist_to_drain_km": 0.226, "dist_to_incident_km": 0.613, "rainfall_mm": 60.0}}, {"type": "Feature", "geometry": {"type": "Point", "coordinates": [78.490707, 17.440138]}, "properties": {"cell_id": 1404, "risk_score": 0.589, "severity_band": "red", "population_exposed": 2620, "dist_to_drain_km": 0.273, "dist_to_incident_km": 0.29, "rainfall_mm": 60.0}}, {"type": "Feature", "geometry": {"type": "Point", "coordinates": [78.495207, 17.440138]}, "properties": {"cell_id": 1405, "risk_score": 0.3943, "severity_band": "red", "population_exposed": 2576, "dist_to_drain_km": 0.732, "dist_to_incident_km": 0.499, "rainfall_mm": 60.0}}, {"type": "Feature", "geometry": {"type": "Point", "coordinates": [78.499707, 17.440138]}, "properties": {"cell_id": 1406, "risk_score": 0.2919, "severity_band": "red", "population_exposed": 2522, "dist_to_drain_km": 1.177, "dist_to_incident_km": 0.933, "rainfall_mm": 60.0}}, {"type": "Feature", "geometry": {"type": "Point", "coordinates": [78.504207, 17.440138]}, "properties": {"cell_id": 1407, "risk_score": 0.253, "severity_band": "green", "population_exposed": 2456, "dist_to_drain_km": 1.225, "dist_to_incident_km": 1.187, "rainfall_mm": 60.0}}, {"type": "Feature", "geometry": {"type": "Point", "coordinates": [78.508707, 17.440138]}, "properties": {"cell_id": 1408, "risk_score": 0.2481, "severity_band": "green", "population_exposed": 2382, "dist_to_drain_km": 1.438, "dist_to_incident_km": 1.252, "rainfall_mm": 60.0}}, {"type": "Feature", "geometry": {"type": "Point", "coordinates": [78.513207, 17.440138]}, "properties": {"cell_id": 1409, "risk_score": 0.2164, "severity_band": "green", "population_exposed": 2300, "dist_to_drain_km": 1.759, "dist_to_incident_km": 1.477, "rainfall_mm": 60.0}}, {"type": "Feature", "geometry": {"type": "Point", "coordinates": [78.517707, 17.440138]}, "properties": {"cell_id": 1410, "risk_score": 0.2113, "severity_band": "green", "population_exposed": 2212, "dist_to_drain_km": 1.73, "dist_to_incident_km": 1.803, "rainfall_mm": 60.0}}, {"type": "Feature", "geometry": {"type": "Point", "coordinates": [78.522207, 17.440138]}, "properties": {"cell_id": 1411, "risk_score": 0.1987, "severity_band": "green", "population_exposed": 2120, "dist_to_drain_km": 1.454, "dist_to_incident_km": 1.984, "rainfall_mm": 60.0}}, {"type": "Feature", "geometry": {"type": "Point", "coordinates": [78.526707, 17.440138]}, "properties": {"cell_id": 1412, "risk_score": 0.2123, "severity_band": "green", "population_exposed": 2026, "dist_to_drain_km": 1.3, "dist_to_incident_km": 1.636, "rainfall_mm": 60.0}}, {"type": "Feature", "geometry": {"type": "Point", "coordinates": [78.531207, 17.440138]}, "properties": {"cell_id": 1413, "risk_score": 0.2338, "severity_band": "green", "population_exposed": 1931, "dist_to_drain_km": 1.31, "dist_to_incident_km": 1.368, "rainfall_mm": 60.0}}, {"type": "Feature", "geometry": {"type": "Point", "coordinates": [78.535707, 17.440138]}, "properties": {"cell_id": 1414, "risk_score": 0.2486, "severity_band": "green", "population_exposed": 1837, "dist_to_drain_km": 1.379, "dist_to_incident_km": 1.234, "rainfall_mm": 60.0}}, {"type": "Feature", "geometry": {"type": "Point", "coordinates": [78.540207, 17.440138]}, "properties": {"cell_id": 1415, "risk_score": 0.245, "severity_band": "green", "population_exposed": 1744, "dist_to_drain_km": 0.985, "dist_to_incident_km": 1.277, "rainfall_mm": 60.0}}, {"type": "Feature", "geometry": {"type": "Point", "coordinates": [78.544707, 17.440138]}, "properties": {"cell_id": 1416, "risk_score": 0.2647, "severity_band": "green", "population_exposed": 1654, "dist_to_drain_km": 0.695, "dist_to_incident_km": 1.481, "rainfall_mm": 60.0}}, {"type": "Feature", "geometry": {"type": "Point", "coordinates": [78.549207, 17.440138]}, "properties": {"cell_id": 1417, "risk_score": 0.2538, "severity_band": "green", "population_exposed": 1566, "dist_to_drain_km": 0.596, "dist_to_incident_km": 1.792, "rainfall_mm": 60.0}}, {"type": "Feature", "geometry": {"type": "Point", "coordinates": [78.553707, 17.440138]}, "properties": {"cell_id": 1418, "risk_score": 0.2334, "severity_band": "green", "population_exposed": 1483, "dist_to_drain_km": 0.76, "dist_to_incident_km": 2.165, "rainfall_mm": 60.0}}, {"type": "Feature", "geometry": {"type": "Point", "coordinates": [78.558207, 17.440138]}, "properties": {"cell_id": 1419, "risk_score": 0.1899, "severity_band": "green", "population_exposed": 1403, "dist_to_drain_km": 1.081, "dist_to_incident_km": 2.572, "rainfall_mm": 60.0}}, {"type": "Feature", "geometry": {"type": "Point", "coordinates": [78.562707, 17.440138]}, "properties": {"cell_id": 1420, "risk_score": 0.192, "severity_band": "green", "population_exposed": 1327, "dist_to_drain_km": 0.797, "dist_to_incident_km": 3.0, "rainfall_mm": 60.0}}, {"type": "Feature", "geometry": {"type": "Point", "coordinates": [78.567207, 17.440138]}, "properties": {"cell_id": 1421, "risk_score": 0.2399, "severity_band": "green", "population_exposed": 1256, "dist_to_drain_km": 0.526, "dist_to_incident_km": 3.441, "rainfall_mm": 60.0}}, {"type": "Feature", "geometry": {"type": "Point", "coordinates": [78.571707, 17.440138]}, "properties": {"cell_id": 1422, "risk_score": 0.212, "severity_band": "green", "population_exposed": 1188, "dist_to_drain_km": 0.604, "dist_to_incident_km": 3.891, "rainfall_mm": 60.0}}, {"type": "Feature", "geometry": {"type": "Point", "coordinates": [78.576207, 17.440138]}, "properties": {"cell_id": 1423, "risk_score": 0.1627, "severity_band": "green", "population_exposed": 1125, "dist_to_drain_km": 0.847, "dist_to_incident_km": 4.475, "rainfall_mm": 60.0}}, {"type": "Feature", "geometry": {"type": "Point", "coordinates": [78.580707, 17.440138]}, "properties": {"cell_id": 1424, "risk_score": 0.1949, "severity_band": "green", "population_exposed": 1066, "dist_to_drain_km": 0.728, "dist_to_incident_km": 4.665, "rainfall_mm": 60.0}}, {"type": "Feature", "geometry": {"type": "Point", "coordinates": [78.274707, 17.444638]}, "properties": {"cell_id": 1425, "risk_score": 0.1273, "severity_band": "green", "population_exposed": 703, "dist_to_drain_km": 2.051, "dist_to_incident_km": 8.196, "rainfall_mm": 60.0}}, {"type": "Feature", "geometry": {"type": "Point", "coordinates": [78.279207, 17.444638]}, "properties": {"cell_id": 1426, "risk_score": 0.1273, "severity_band": "green", "population_exposed": 743, "dist_to_drain_km": 1.959, "dist_to_incident_km": 7.719, "rainfall_mm": 60.0}}, {"type": "Feature", "geometry": {"type": "Point", "coordinates": [78.283707, 17.444638]}, "properties": {"cell_id": 1427, "risk_score": 0.1273, "severity_band": "green", "population_exposed": 787, "dist_to_drain_km": 1.928, "dist_to_incident_km": 7.242, "rainfall_mm": 60.0}}, {"type": "Feature", "geometry": {"type": "Point", "coordinates": [78.288207, 17.444638]}, "properties": {"cell_id": 1428, "risk_score": 0.1273, "severity_band": "green", "population_exposed": 837, "dist_to_drain_km": 1.48, "dist_to_incident_km": 6.764, "rainfall_mm": 60.0}}, {"type": "Feature", "geometry": {"type": "Point", "coordinates": [78.292707, 17.444638]}, "properties": {"cell_id": 1429, "risk_score": 0.1605, "severity_band": "green", "population_exposed": 893, "dist_to_drain_km": 1.01, "dist_to_incident_km": 6.287, "rainfall_mm": 60.0}}, {"type": "Feature", "geometry": {"type": "Point", "coordinates": [78.297207, 17.444638]}, "properties": {"cell_id": 1430, "risk_score": 0.2357, "severity_band": "green", "population_exposed": 956, "dist_to_drain_km": 0.538, "dist_to_incident_km": 5.81, "rainfall_mm": 60.0}}, {"type": "Feature", "geometry": {"type": "Point", "coordinates": [78.301707, 17.444638]}, "properties": {"cell_id": 1431, "risk_score": 0.4211, "severity_band": "red", "population_exposed": 1026, "dist_to_drain_km": 0.077, "dist_to_incident_km": 5.332, "rainfall_mm": 60.0}}, {"type": "Feature", "geometry": {"type": "Point", "coordinates": [78.306207, 17.444638]}, "properties": {"cell_id": 1432, "risk_score": 0.3649, "severity_band": "red", "population_exposed": 1105, "dist_to_drain_km": 0.201, "dist_to_incident_km": 4.855, "rainfall_mm": 60.0}}, {"type": "Feature", "geometry": {"type": "Point", "coordinates": [78.310707, 17.444638]}, "properties": {"cell_id": 1433, "risk_score": 0.2039, "severity_band": "green", "population_exposed": 1194, "dist_to_drain_km": 0.643, "dist_to_incident_km": 4.378, "rainfall_mm": 60.0}}, {"type": "Feature", "geometry": {"type": "Point", "coordinates": [78.315207, 17.444638]}, "properties": {"cell_id": 1434, "risk_score": 0.2558, "severity_band": "green", "population_exposed": 1293, "dist_to_drain_km": 0.514, "dist_to_incident_km": 3.901, "rainfall_mm": 60.0}}, {"type": "Feature", "geometry": {"type": "Point", "coordinates": [78.319707, 17.444638]}, "properties": {"cell_id": 1435, "risk_score": 0.4408, "severity_band": "red", "population_exposed": 1404, "dist_to_drain_km": 0.059, "dist_to_incident_km": 3.424, "rainfall_mm": 60.0}}, {"type": "Feature", "geometry": {"type": "Point", "coordinates": [78.324207, 17.444638]}, "properties": {"cell_id": 1436, "risk_score": 0.3559, "severity_band": "red", "population_exposed": 1530, "dist_to_drain_km": 0.253, "dist_to_incident_km": 2.947, "rainfall_mm": 60.0}}, {"type": "Feature", "geometry": {"type": "Point", "coordinates": [78.328707, 17.444638]}, "properties": {"cell_id": 1437, "risk_score": 0.2875, "severity_band": "green", "population_exposed": 1670, "dist_to_drain_km": 0.447, "dist_to_incident_km": 2.47, "rainfall_mm": 60.0}}, {"type": "Feature", "geometry": {"type": "Point", "coordinates": [78.333207, 17.444638]}, "properties": {"cell_id": 1438, "risk_score": 0.3448, "severity_band": "red", "population_exposed": 1828, "dist_to_drain_km": 0.331, "dist_to_incident_km": 1.993, "rainfall_mm": 60.0}}, {"type": "Feature", "geometry": {"type": "Point", "coordinates": [78.337707, 17.444638]}, "properties": {"cell_id": 1439, "risk_score": 0.354, "severity_band": "red", "population_exposed": 2005, "dist_to_drain_km": 0.384, "dist_to_incident_km": 1.517, "rainfall_mm": 60.0}}, {"type": "Feature", "geometry": {"type": "Point", "coordinates": [78.342207, 17.444638]}, "properties": {"cell_id": 1440, "risk_score": 0.3447, "severity_band": "red", "population_exposed": 2204, "dist_to_drain_km": 0.666, "dist_to_incident_km": 1.041, "rainfall_mm": 60.0}}, {"type": "Feature", "geometry": {"type": "Point", "coordinates": [78.346707, 17.444638]}, "properties": {"cell_id": 1441, "risk_score": 0.4478, "severity_band": "red", "population_exposed": 2426, "dist_to_drain_km": 0.423, "dist_to_incident_km": 0.569, "rainfall_mm": 60.0}}, {"type": "Feature", "geometry": {"type": "Point", "coordinates": [78.351207, 17.444638]}, "properties": {"cell_id": 1442, "risk_score": 0.5975, "severity_band": "red", "population_exposed": 2676, "dist_to_drain_km": 0.306, "dist_to_incident_km": 0.139, "rainfall_mm": 60.0}}, {"type": "Feature", "geometry": {"type": "Point", "coordinates": [78.355707, 17.444638]}, "properties": {"cell_id": 1443, "risk_score": 0.5626, "severity_band": "yellow", "population_exposed": 2957, "dist_to_drain_km": 0.199, "dist_to_incident_km": 0.413, "rainfall_mm": 60.0}}, {"type": "Feature", "geometry": {"type": "Point", "coordinates": [78.360207, 17.444638]}, "properties": {"cell_id": 1444, "risk_score": 0.4858, "severity_band": "yellow", "population_exposed": 3272, "dist_to_drain_km": 0.157, "dist_to_incident_km": 0.882, "rainfall_mm": 60.0}}, {"type": "Feature", "geometry": {"type": "Point", "coordinates": [78.364707, 17.444638]}, "properties": {"cell_id": 1445, "risk_score": 0.3246, "severity_band": "yellow", "population_exposed": 3624, "dist_to_drain_km": 0.515, "dist_to_incident_km": 1.357, "rainfall_mm": 60.0}}, {"type": "Feature", "geometry": {"type": "Point", "coordinates": [78.369207, 17.444638]}, "properties": {"cell_id": 1446, "risk_score": 0.221, "severity_band": "yellow", "population_exposed": 4019, "dist_to_drain_km": 0.848, "dist_to_incident_km": 1.833, "rainfall_mm": 60.0}}, {"type": "Feature", "geometry": {"type": "Point", "coordinates": [78.373707, 17.444638]}, "properties": {"cell_id": 1447, "risk_score": 0.2735, "severity_band": "yellow", "population_exposed": 4454, "dist_to_drain_km": 0.541, "dist_to_incident_km": 1.946, "rainfall_mm": 60.0}}, {"type": "Feature", "geometry": {"type": "Point", "coordinates": [78.378207, 17.444638]}, "properties": {"cell_id": 1448, "risk_score": 0.3054, "severity_band": "yellow", "population_exposed": 4704, "dist_to_drain_km": 0.463, "dist_to_incident_km": 1.484, "rainfall_mm": 60.0}}, {"type": "Feature", "geometry": {"type": "Point", "coordinates": [78.382707, 17.444638]}, "properties": {"cell_id": 1449, "risk_score": 0.3406, "severity_band": "yellow", "population_exposed": 4353, "dist_to_drain_km": 0.756, "dist_to_incident_km": 1.034, "rainfall_mm": 60.0}}, {"type": "Feature", "geometry": {"type": "Point", "coordinates": [78.387207, 17.444638]}, "properties": {"cell_id": 1450, "risk_score": 0.3591, "severity_band": "yellow", "population_exposed": 4015, "dist_to_drain_km": 0.784, "dist_to_incident_km": 0.627, "rainfall_mm": 60.0}}, {"type": "Feature", "geometry": {"type": "Point", "coordinates": [78.391707, 17.444638]}, "properties": {"cell_id": 1451, "risk_score": 0.4244, "severity_band": "yellow", "population_exposed": 3721, "dist_to_drain_km": 0.692, "dist_to_incident_km": 0.417, "rainfall_mm": 60.0}}, {"type": "Feature", "geometry": {"type": "Point", "coordinates": [78.396207, 17.444638]}, "properties": {"cell_id": 1452, "risk_score": 0.3202, "severity_band": "yellow", "population_exposed": 3468, "dist_to_drain_km": 0.893, "dist_to_incident_km": 0.64, "rainfall_mm": 60.0}}, {"type": "Feature", "geometry": {"type": "Point", "coordinates": [78.400707, 17.444638]}, "properties": {"cell_id": 1453, "risk_score": 0.3401, "severity_band": "yellow", "population_exposed": 3251, "dist_to_drain_km": 0.77, "dist_to_incident_km": 1.049, "rainfall_mm": 60.0}}, {"type": "Feature", "geometry": {"type": "Point", "coordinates": [78.405207, 17.444638]}, "properties": {"cell_id": 1454, "risk_score": 0.2525, "severity_band": "yellow", "population_exposed": 3069, "dist_to_drain_km": 0.696, "dist_to_incident_km": 1.499, "rainfall_mm": 60.0}}, {"type": "Feature", "geometry": {"type": "Point", "coordinates": [78.409707, 17.444638]}, "properties": {"cell_id": 1455, "risk_score": 0.2547, "severity_band": "yellow", "population_exposed": 2916, "dist_to_drain_km": 0.603, "dist_to_incident_km": 1.536, "rainfall_mm": 60.0}}, {"type": "Feature", "geometry": {"type": "Point", "coordinates": [78.414207, 17.444638]}, "properties": {"cell_id": 1456, "risk_score": 0.4384, "severity_band": "yellow", "population_exposed": 2792, "dist_to_drain_km": 0.13, "dist_to_incident_km": 1.59, "rainfall_mm": 60.0}}, {"type": "Feature", "geometry": {"type": "Point", "coordinates": [78.418707, 17.444638]}, "properties": {"cell_id": 1457, "risk_score": 0.3756, "severity_band": "yellow", "population_exposed": 2691, "dist_to_drain_km": 0.271, "dist_to_incident_km": 1.776, "rainfall_mm": 60.0}}, {"type": "Feature", "geometry": {"type": "Point", "coordinates": [78.423207, 17.444638]}, "properties": {"cell_id": 1458, "risk_score": 0.4805, "severity_band": "red", "population_exposed": 2612, "dist_to_drain_km": 0.029, "dist_to_incident_km": 2.058, "rainfall_mm": 60.0}}, {"type": "Feature", "geometry": {"type": "Point", "coordinates": [78.427707, 17.444638]}, "properties": {"cell_id": 1459, "risk_score": 0.2887, "severity_band": "red", "population_exposed": 2552, "dist_to_drain_km": 0.451, "dist_to_incident_km": 2.402, "rainfall_mm": 60.0}}, {"type": "Feature", "geometry": {"type": "Point", "coordinates": [78.432207, 17.444638]}, "properties": {"cell_id": 1460, "risk_score": 0.2595, "severity_band": "green", "population_exposed": 2510, "dist_to_drain_km": 0.438, "dist_to_incident_km": 2.786, "rainfall_mm": 60.0}}, {"type": "Feature", "geometry": {"type": "Point", "coordinates": [78.436707, 17.444638]}, "properties": {"cell_id": 1461, "risk_score": 0.3404, "severity_band": "red", "population_exposed": 2481, "dist_to_drain_km": 0.31, "dist_to_incident_km": 2.334, "rainfall_mm": 60.0}}, {"type": "Feature", "geometry": {"type": "Point", "coordinates": [78.441207, 17.444638]}, "properties": {"cell_id": 1462, "risk_score": 0.2696, "severity_band": "green", "population_exposed": 2465, "dist_to_drain_km": 0.551, "dist_to_incident_km": 1.877, "rainfall_mm": 60.0}}, {"type": "Feature", "geometry": {"type": "Point", "coordinates": [78.445707, 17.444638]}, "properties": {"cell_id": 1463, "risk_score": 0.2599, "severity_band": "green", "population_exposed": 2458, "dist_to_drain_km": 0.71, "dist_to_incident_km": 1.433, "rainfall_mm": 60.0}}, {"type": "Feature", "geometry": {"type": "Point", "coordinates": [78.450207, 17.444638]}, "properties": {"cell_id": 1464, "risk_score": 0.4306, "severity_band": "red", "population_exposed": 2459, "dist_to_drain_km": 0.347, "dist_to_incident_km": 1.02, "rainfall_mm": 60.0}}, {"type": "Feature", "geometry": {"type": "Point", "coordinates": [78.454707, 17.444638]}, "properties": {"cell_id": 1465, "risk_score": 0.6309, "severity_band": "red", "population_exposed": 2465, "dist_to_drain_km": 0.037, "dist_to_incident_km": 0.696, "rainfall_mm": 60.0}}, {"type": "Feature", "geometry": {"type": "Point", "coordinates": [78.459207, 17.444638]}, "properties": {"cell_id": 1466, "risk_score": 0.4527, "severity_band": "red", "population_exposed": 2473, "dist_to_drain_km": 0.43, "dist_to_incident_km": 0.44, "rainfall_mm": 60.0}}, {"type": "Feature", "geometry": {"type": "Point", "coordinates": [78.463707, 17.444638]}, "properties": {"cell_id": 1467, "risk_score": 0.5461, "severity_band": "red", "population_exposed": 2482, "dist_to_drain_km": 0.54, "dist_to_incident_km": 0.188, "rainfall_mm": 60.0}}, {"type": "Feature", "geometry": {"type": "Point", "coordinates": [78.468207, 17.444638]}, "properties": {"cell_id": 1468, "risk_score": 0.444, "severity_band": "red", "population_exposed": 2488, "dist_to_drain_km": 0.604, "dist_to_incident_km": 0.577, "rainfall_mm": 60.0}}, {"type": "Feature", "geometry": {"type": "Point", "coordinates": [78.504207, 17.444638]}, "properties": {"cell_id": 1469, "risk_score": 0.3605, "severity_band": "red", "population_exposed": 2278, "dist_to_drain_km": 0.76, "dist_to_incident_km": 0.688, "rainfall_mm": 60.0}}, {"type": "Feature", "geometry": {"type": "Point", "coordinates": [78.508707, 17.444638]}, "properties": {"cell_id": 1470, "risk_score": 0.293, "severity_band": "red", "population_exposed": 2213, "dist_to_drain_km": 1.071, "dist_to_incident_km": 0.795, "rainfall_mm": 60.0}}, {"type": "Feature", "geometry": {"type": "Point", "coordinates": [78.513207, 17.444638]}, "properties": {"cell_id": 1471, "risk_score": 0.253, "severity_band": "green", "population_exposed": 2141, "dist_to_drain_km": 1.461, "dist_to_incident_km": 1.116, "rainfall_mm": 60.0}}, {"type": "Feature", "geometry": {"type": "Point", "coordinates": [78.517707, 17.444638]}, "properties": {"cell_id": 1472, "risk_score": 0.2113, "severity_band": "green", "population_exposed": 2064, "dist_to_drain_km": 1.884, "dist_to_incident_km": 1.522, "rainfall_mm": 60.0}}, {"type": "Feature", "geometry": {"type": "Point", "coordinates": [78.522207, 17.444638]}, "properties": {"cell_id": 1473, "risk_score": 0.2113, "severity_band": "green", "population_exposed": 1983, "dist_to_drain_km": 1.91, "dist_to_incident_km": 1.72, "rainfall_mm": 60.0}}, {"type": "Feature", "geometry": {"type": "Point", "coordinates": [78.526707, 17.444638]}, "properties": {"cell_id": 1474, "risk_score": 0.2403, "severity_band": "green", "population_exposed": 1900, "dist_to_drain_km": 1.795, "dist_to_incident_km": 1.303, "rainfall_mm": 60.0}}, {"type": "Feature", "geometry": {"type": "Point", "coordinates": [78.531207, 17.444638]}, "properties": {"cell_id": 1475, "risk_score": 0.2876, "severity_band": "green", "population_exposed": 1816, "dist_to_drain_km": 1.803, "dist_to_incident_km": 0.945, "rainfall_mm": 60.0}}, {"type": "Feature", "geometry": {"type": "Point", "coordinates": [78.535707, 17.444638]}, "properties": {"cell_id": 1476, "risk_score": 0.2986, "severity_band": "red", "population_exposed": 1732, "dist_to_drain_km": 1.674, "dist_to_incident_km": 0.738, "rainfall_mm": 60.0}}, {"type": "Feature", "geometry": {"type": "Point", "coordinates": [78.540207, 17.444638]}, "properties": {"cell_id": 1477, "risk_score": 0.2887, "severity_band": "green", "population_exposed": 1650, "dist_to_drain_km": 1.364, "dist_to_incident_km": 0.807, "rainfall_mm": 60.0}}, {"type": "Feature", "geometry": {"type": "Point", "coordinates": [78.544707, 17.444638]}, "properties": {"cell_id": 1478, "risk_score": 0.2857, "severity_band": "green", "population_exposed": 1568, "dist_to_drain_km": 1.162, "dist_to_incident_km": 1.102, "rainfall_mm": 60.0}}, {"type": "Feature", "geometry": {"type": "Point", "coordinates": [78.549207, 17.444638]}, "properties": {"cell_id": 1479, "risk_score": 0.2228, "severity_band": "green", "population_exposed": 1490, "dist_to_drain_km": 1.095, "dist_to_incident_km": 1.494, "rainfall_mm": 60.0}}, {"type": "Feature", "geometry": {"type": "Point", "coordinates": [78.553707, 17.444638]}, "properties": {"cell_id": 1480, "risk_score": 0.2116, "severity_band": "green", "population_exposed": 1414, "dist_to_drain_km": 1.208, "dist_to_incident_km": 1.925, "rainfall_mm": 60.0}}, {"type": "Feature", "geometry": {"type": "Point", "coordinates": [78.558207, 17.444638]}, "properties": {"cell_id": 1481, "risk_score": 0.176, "severity_band": "green", "population_exposed": 1341, "dist_to_drain_km": 1.442, "dist_to_incident_km": 2.374, "rainfall_mm": 60.0}}, {"type": "Feature", "geometry": {"type": "Point", "coordinates": [78.562707, 17.444638]}, "properties": {"cell_id": 1482, "risk_score": 0.1447, "severity_band": "green", "population_exposed": 1272, "dist_to_drain_km": 1.181, "dist_to_incident_km": 2.833, "rainfall_mm": 60.0}}, {"type": "Feature", "geometry": {"type": "Point", "coordinates": [78.567207, 17.444638]}, "properties": {"cell_id": 1483, "risk_score": 0.1601, "severity_band": "green", "population_exposed": 1206, "dist_to_drain_km": 1.018, "dist_to_incident_km": 3.296, "rainfall_mm": 60.0}}, {"type": "Feature", "geometry": {"type": "Point", "coordinates": [78.571707, 17.444638]}, "properties": {"cell_id": 1484, "risk_score": 0.1614, "severity_band": "green", "population_exposed": 1144, "dist_to_drain_km": 0.896, "dist_to_incident_km": 3.763, "rainfall_mm": 60.0}}, {"type": "Feature", "geometry": {"type": "Point", "coordinates": [78.576207, 17.444638]}, "properties": {"cell_id": 1485, "risk_score": 0.2564, "severity_band": "green", "population_exposed": 1086, "dist_to_drain_km": 0.462, "dist_to_incident_km": 4.233, "rainfall_mm": 60.0}}, {"type": "Feature", "geometry": {"type": "Point", "coordinates": [78.580707, 17.444638]}, "properties": {"cell_id": 1486, "risk_score": 0.3576, "severity_band": "red", "population_exposed": 1031, "dist_to_drain_km": 0.229, "dist_to_incident_km": 4.704, "rainfall_mm": 60.0}}, {"type": "Feature", "geometry": {"type": "Point", "coordinates": [78.585207, 17.444638]}, "properties": {"cell_id": 1487, "risk_score": 0.2549, "severity_band": "green", "population_exposed": 980, "dist_to_drain_km": 0.517, "dist_to_incident_km": 5.329, "rainfall_mm": 60.0}}, {"type": "Feature", "geometry": {"type": "Point", "coordinates": [78.589707, 17.444638]}, "properties": {"cell_id": 1488, "risk_score": 0.1609, "severity_band": "green", "population_exposed": 932, "dist_to_drain_km": 0.964, "dist_to_incident_km": 5.573, "rainfall_mm": 60.0}}, {"type": "Feature", "geometry": {"type": "Point", "coordinates": [78.279207, 17.449138]}, "properties": {"cell_id": 1489, "risk_score": 0.1273, "severity_band": "green", "population_exposed": 740, "dist_to_drain_km": 1.46, "dist_to_incident_km": 7.742, "rainfall_mm": 60.0}}, {"type": "Feature", "geometry": {"type": "Point", "coordinates": [78.283707, 17.449138]}, "properties": {"cell_id": 1490, "risk_score": 0.1273, "severity_band": "green", "population_exposed": 784, "dist_to_drain_km": 1.428, "dist_to_incident_km": 7.267, "rainfall_mm": 60.0}}, {"type": "Feature", "geometry": {"type": "Point", "coordinates": [78.288207, 17.449138]}, "properties": {"cell_id": 1491, "risk_score": 0.1273, "severity_band": "green", "population_exposed": 833, "dist_to_drain_km": 1.507, "dist_to_incident_km": 6.791, "rainfall_mm": 60.0}}, {"type": "Feature", "geometry": {"type": "Point", "coordinates": [78.292707, 17.449138]}, "properties": {"cell_id": 1492, "risk_score": 0.1601, "severity_band": "green", "population_exposed": 888, "dist_to_drain_km": 1.045, "dist_to_incident_km": 6.316, "rainfall_mm": 60.0}}, {"type": "Feature", "geometry": {"type": "Point", "coordinates": [78.297207, 17.449138]}, "properties": {"cell_id": 1493, "risk_score": 0.229, "severity_band": "green", "population_exposed": 950, "dist_to_drain_km": 0.572, "dist_to_incident_km": 5.841, "rainfall_mm": 60.0}}, {"type": "Feature", "geometry": {"type": "Point", "coordinates": [78.301707, 17.449138]}, "properties": {"cell_id": 1494, "risk_score": 0.3918, "severity_band": "red", "population_exposed": 1020, "dist_to_drain_km": 0.135, "dist_to_incident_km": 5.366, "rainfall_mm": 60.0}}, {"type": "Feature", "geometry": {"type": "Point", "coordinates": [78.306207, 17.449138]}, "properties": {"cell_id": 1495, "risk_score": 0.4091, "severity_band": "red", "population_exposed": 1097, "dist_to_drain_km": 0.094, "dist_to_incident_km": 4.892, "rainfall_mm": 60.0}}, {"type": "Feature", "geometry": {"type": "Point", "coordinates": [78.310707, 17.449138]}, "properties": {"cell_id": 1496, "risk_score": 0.2313, "severity_band": "green", "population_exposed": 1184, "dist_to_drain_km": 0.544, "dist_to_incident_km": 4.419, "rainfall_mm": 60.0}}, {"type": "Feature", "geometry": {"type": "Point", "coordinates": [78.315207, 17.449138]}, "properties": {"cell_id": 1497, "risk_score": 0.2342, "severity_band": "green", "population_exposed": 1282, "dist_to_drain_km": 0.543, "dist_to_incident_km": 3.947, "rainfall_mm": 60.0}}, {"type": "Feature", "geometry": {"type": "Point", "coordinates": [78.319707, 17.449138]}, "properties": {"cell_id": 1498, "risk_score": 0.407, "severity_band": "red", "population_exposed": 1392, "dist_to_drain_km": 0.1, "dist_to_incident_km": 3.476, "rainfall_mm": 60.0}}, {"type": "Feature", "geometry": {"type": "Point", "coordinates": [78.324207, 17.449138]}, "properties": {"cell_id": 1499, "risk_score": 0.3714, "severity_band": "red", "population_exposed": 1515, "dist_to_drain_km": 0.189, "dist_to_incident_km": 3.008, "rainfall_mm": 60.0}}, {"type": "Feature", "geometry": {"type": "Point", "coordinates": [78.328707, 17.449138]}, "properties": {"cell_id": 1500, "risk_score": 0.4312, "severity_band": "red", "population_exposed": 1653, "dist_to_drain_km": 0.08, "dist_to_incident_km": 2.542, "rainfall_mm": 60.0}}, {"type": "Feature", "geometry": {"type": "Point", "coordinates": [78.333207, 17.449138]}, "properties": {"cell_id": 1501, "risk_score": 0.4784, "severity_band": "red", "population_exposed": 1808, "dist_to_drain_km": 0.037, "dist_to_incident_km": 2.082, "rainfall_mm": 60.0}}, {"type": "Feature", "geometry": {"type": "Point", "coordinates": [78.337707, 17.449138]}, "properties": {"cell_id": 1502, "risk_score": 0.4822, "severity_band": "red", "population_exposed": 1980, "dist_to_drain_km": 0.069, "dist_to_incident_km": 1.632, "rainfall_mm": 60.0}}, {"type": "Feature", "geometry": {"type": "Point", "coordinates": [78.342207, 17.449138]}, "properties": {"cell_id": 1503, "risk_score": 0.3498, "severity_band": "red", "population_exposed": 2174, "dist_to_drain_km": 0.544, "dist_to_incident_km": 1.203, "rainfall_mm": 60.0}}, {"type": "Feature", "geometry": {"type": "Point", "coordinates": [78.346707, 17.449138]}, "properties": {"cell_id": 1504, "risk_score": 0.3563, "severity_band": "red", "population_exposed": 2390, "dist_to_drain_km": 0.62, "dist_to_incident_km": 0.829, "rainfall_mm": 60.0}}, {"type": "Feature", "geometry": {"type": "Point", "coordinates": [78.351207, 17.449138]}, "properties": {"cell_id": 1505, "risk_score": 0.5292, "severity_band": "red", "population_exposed": 2630, "dist_to_drain_km": 0.184, "dist_to_incident_km": 0.619, "rainfall_mm": 60.0}}, {"type": "Feature", "geometry": {"type": "Point", "coordinates": [78.355707, 17.449138]}, "properties": {"cell_id": 1506, "risk_score": 0.4647, "severity_band": "yellow", "population_exposed": 2898, "dist_to_drain_km": 0.272, "dist_to_incident_km": 0.731, "rainfall_mm": 60.0}}, {"type": "Feature", "geometry": {"type": "Point", "coordinates": [78.360207, 17.449138]}, "properties": {"cell_id": 1507, "risk_score": 0.4282, "severity_band": "yellow", "population_exposed": 3192, "dist_to_drain_km": 0.292, "dist_to_incident_km": 1.068, "rainfall_mm": 60.0}}, {"type": "Feature", "geometry": {"type": "Point", "coordinates": [78.364707, 17.449138]}, "properties": {"cell_id": 1508, "risk_score": 0.2647, "severity_band": "yellow", "population_exposed": 3512, "dist_to_drain_km": 0.698, "dist_to_incident_km": 1.484, "rainfall_mm": 60.0}}, {"type": "Feature", "geometry": {"type": "Point", "coordinates": [78.369207, 17.449138]}, "properties": {"cell_id": 1509, "risk_score": 0.2185, "severity_band": "yellow", "population_exposed": 3844, "dist_to_drain_km": 0.85, "dist_to_incident_km": 1.929, "rainfall_mm": 60.0}}, {"type": "Feature", "geometry": {"type": "Point", "coordinates": [78.373707, 17.449138]}, "properties": {"cell_id": 1510, "risk_score": 0.3013, "severity_band": "yellow", "population_exposed": 4139, "dist_to_drain_km": 0.41, "dist_to_incident_km": 2.111, "rainfall_mm": 60.0}}, {"type": "Feature", "geometry": {"type": "Point", "coordinates": [78.378207, 17.449138]}, "properties": {"cell_id": 1511, "risk_score": 0.3818, "severity_band": "yellow", "population_exposed": 4254, "dist_to_drain_km": 0.245, "dist_to_incident_km": 1.694, "rainfall_mm": 60.0}}, {"type": "Feature", "geometry": {"type": "Point", "coordinates": [78.382707, 17.449138]}, "properties": {"cell_id": 1512, "risk_score": 0.3049, "severity_band": "yellow", "population_exposed": 4110, "dist_to_drain_km": 0.632, "dist_to_incident_km": 1.318, "rainfall_mm": 60.0}}, {"type": "Feature", "geometry": {"type": "Point", "coordinates": [78.387207, 17.449138]}, "properties": {"cell_id": 1513, "risk_score": 0.2867, "severity_band": "yellow", "population_exposed": 3862, "dist_to_drain_km": 1.007, "dist_to_incident_km": 1.03, "rainfall_mm": 60.0}}, {"type": "Feature", "geometry": {"type": "Point", "coordinates": [78.391707, 17.449138]}, "properties": {"cell_id": 1514, "risk_score": 0.2925, "severity_band": "yellow", "population_exposed": 3608, "dist_to_drain_km": 1.103, "dist_to_incident_km": 0.917, "rainfall_mm": 60.0}}, {"type": "Feature", "geometry": {"type": "Point", "coordinates": [78.396207, 17.449138]}, "properties": {"cell_id": 1515, "risk_score": 0.3447, "severity_band": "yellow", "population_exposed": 3374, "dist_to_drain_km": 0.66, "dist_to_incident_km": 1.037, "rainfall_mm": 60.0}}, {"type": "Feature", "geometry": {"type": "Point", "coordinates": [78.400707, 17.449138]}, "properties": {"cell_id": 1516, "risk_score": 0.3918, "severity_band": "yellow", "population_exposed": 3169, "dist_to_drain_km": 0.32, "dist_to_incident_km": 1.33, "rainfall_mm": 60.0}}, {"type": "Feature", "geometry": {"type": "Point", "coordinates": [78.405207, 17.449138]}, "properties": {"cell_id": 1517, "risk_score": 0.3864, "severity_band": "yellow", "population_exposed": 2991, "dist_to_drain_km": 0.218, "dist_to_incident_km": 1.707, "rainfall_mm": 60.0}}, {"type": "Feature", "geometry": {"type": "Point", "coordinates": [78.409707, 17.449138]}, "properties": {"cell_id": 1518, "risk_score": 0.2526, "severity_band": "yellow", "population_exposed": 2841, "dist_to_drain_km": 0.59, "dist_to_incident_km": 2.036, "rainfall_mm": 60.0}}, {"type": "Feature", "geometry": {"type": "Point", "coordinates": [78.414207, 17.449138]}, "properties": {"cell_id": 1519, "risk_score": 0.2695, "severity_band": "yellow", "population_exposed": 2715, "dist_to_drain_km": 0.547, "dist_to_incident_km": 2.077, "rainfall_mm": 60.0}}, {"type": "Feature", "geometry": {"type": "Point", "coordinates": [78.418707, 17.449138]}, "properties": {"cell_id": 1520, "risk_score": 0.2499, "severity_band": "green", "population_exposed": 2611, "dist_to_drain_km": 0.591, "dist_to_incident_km": 2.222, "rainfall_mm": 60.0}}, {"type": "Feature", "geometry": {"type": "Point", "coordinates": [78.423207, 17.449138]}, "properties": {"cell_id": 1521, "risk_score": 0.2886, "severity_band": "red", "population_exposed": 2528, "dist_to_drain_km": 0.415, "dist_to_incident_km": 2.454, "rainfall_mm": 60.0}}, {"type": "Feature", "geometry": {"type": "Point", "coordinates": [78.427707, 17.449138]}, "properties": {"cell_id": 1522, "risk_score": 0.2097, "severity_band": "green", "population_exposed": 2463, "dist_to_drain_km": 0.621, "dist_to_incident_km": 2.749, "rainfall_mm": 60.0}}, {"type": "Feature", "geometry": {"type": "Point", "coordinates": [78.432207, 17.449138]}, "properties": {"cell_id": 1523, "risk_score": 0.1618, "severity_band": "green", "population_exposed": 2413, "dist_to_drain_km": 0.931, "dist_to_incident_km": 2.947, "rainfall_mm": 60.0}}, {"type": "Feature", "geometry": {"type": "Point", "coordinates": [78.436707, 17.449138]}, "properties": {"cell_id": 1524, "risk_score": 0.2873, "severity_band": "red", "population_exposed": 2377, "dist_to_drain_km": 0.42, "dist_to_incident_km": 2.51, "rainfall_mm": 60.0}}, {"type": "Feature", "geometry": {"type": "Point", "coordinates": [78.441207, 17.449138]}, "properties": {"cell_id": 1525, "risk_score": 0.4753, "severity_band": "red", "population_exposed": 2353, "dist_to_drain_km": 0.055, "dist_to_incident_km": 2.092, "rainfall_mm": 60.0}}, {"type": "Feature", "geometry": {"type": "Point", "coordinates": [78.445707, 17.449138]}, "properties": {"cell_id": 1526, "risk_score": 0.2949, "severity_band": "red", "population_exposed": 2338, "dist_to_drain_km": 0.438, "dist_to_incident_km": 1.706, "rainfall_mm": 60.0}}, {"type": "Feature", "geometry": {"type": "Point", "coordinates": [78.450207, 17.449138]}, "properties": {"cell_id": 1527, "risk_score": 0.4163, "severity_band": "red", "population_exposed": 2330, "dist_to_drain_km": 0.231, "dist_to_incident_km": 1.377, "rainfall_mm": 60.0}}, {"type": "Feature", "geometry": {"type": "Point", "coordinates": [78.454707, 17.449138]}, "properties": {"cell_id": 1528, "risk_score": 0.4802, "severity_band": "red", "population_exposed": 2326, "dist_to_drain_km": 0.18, "dist_to_incident_km": 0.94, "rainfall_mm": 60.0}}, {"type": "Feature", "geometry": {"type": "Point", "coordinates": [78.459207, 17.449138]}, "properties": {"cell_id": 1529, "risk_score": 0.4463, "severity_band": "red", "population_exposed": 2326, "dist_to_drain_km": 0.56, "dist_to_incident_km": 0.52, "rainfall_mm": 60.0}}, {"type": "Feature", "geometry": {"type": "Point", "coordinates": [78.463707, 17.449138]}, "properties": {"cell_id": 1530, "risk_score": 0.4129, "severity_band": "red", "population_exposed": 2326, "dist_to_drain_km": 1.001, "dist_to_incident_km": 0.335, "rainfall_mm": 60.0}}, {"type": "Feature", "geometry": {"type": "Point", "coordinates": [78.468207, 17.449138]}, "properties": {"cell_id": 1531, "risk_score": 0.3194, "severity_band": "red", "population_exposed": 2326, "dist_to_drain_km": 0.914, "dist_to_incident_km": 0.641, "rainfall_mm": 60.0}}, {"type": "Feature", "geometry": {"type": "Point", "coordinates": [78.504207, 17.449138]}, "properties": {"cell_id": 1532, "risk_score": 0.5752, "severity_band": "red", "population_exposed": 2116, "dist_to_drain_km": 0.395, "dist_to_incident_km": 0.198, "rainfall_mm": 60.0}}, {"type": "Feature", "geometry": {"type": "Point", "coordinates": [78.526707, 17.449138]}, "properties": {"cell_id": 1533, "risk_score": 0.2808, "severity_band": "green", "population_exposed": 1782, "dist_to_drain_km": 2.293, "dist_to_incident_km": 1.105, "rainfall_mm": 60.0}}, {"type": "Feature", "geometry": {"type": "Point", "coordinates": [78.531207, 17.449138]}, "properties": {"cell_id": 1534, "risk_score": 0.2986, "severity_band": "red", "population_exposed": 1707, "dist_to_drain_km": 2.299, "dist_to_incident_km": 0.645, "rainfall_mm": 60.0}}, {"type": "Feature", "geometry": {"type": "Point", "coordinates": [78.535707, 17.449138]}, "properties": {"cell_id": 1535, "risk_score": 0.4115, "severity_band": "red", "population_exposed": 1633, "dist_to_drain_km": 2.048, "dist_to_incident_km": 0.26, "rainfall_mm": 60.0}}, {"type": "Feature", "geometry": {"type": "Point", "coordinates": [78.540207, 17.449138]}, "properties": {"cell_id": 1536, "risk_score": 0.376, "severity_band": "red", "population_exposed": 1558, "dist_to_drain_km": 1.803, "dist_to_incident_km": 0.418, "rainfall_mm": 60.0}}, {"type": "Feature", "geometry": {"type": "Point", "coordinates": [78.544707, 17.449138]}, "properties": {"cell_id": 1537, "risk_score": 0.2882, "severity_band": "green", "population_exposed": 1486, "dist_to_drain_km": 1.642, "dist_to_incident_km": 0.859, "rainfall_mm": 60.0}}, {"type": "Feature", "geometry": {"type": "Point", "coordinates": [78.549207, 17.449138]}, "properties": {"cell_id": 1538, "risk_score": 0.2342, "severity_band": "green", "population_exposed": 1415, "dist_to_drain_km": 1.595, "dist_to_incident_km": 1.325, "rainfall_mm": 60.0}}, {"type": "Feature", "geometry": {"type": "Point", "coordinates": [78.553707, 17.449138]}, "properties": {"cell_id": 1539, "risk_score": 0.2113, "severity_band": "green", "population_exposed": 1346, "dist_to_drain_km": 1.566, "dist_to_incident_km": 1.797, "rainfall_mm": 60.0}}, {"type": "Feature", "geometry": {"type": "Point", "coordinates": [78.558207, 17.449138]}, "properties": {"cell_id": 1540, "risk_score": 0.1766, "severity_band": "green", "population_exposed": 1280, "dist_to_drain_km": 1.647, "dist_to_incident_km": 2.272, "rainfall_mm": 60.0}}, {"type": "Feature", "geometry": {"type": "Point", "coordinates": [78.562707, 17.449138]}, "properties": {"cell_id": 1541, "risk_score": 0.1313, "severity_band": "green", "population_exposed": 1217, "dist_to_drain_km": 1.629, "dist_to_incident_km": 2.747, "rainfall_mm": 60.0}}, {"type": "Feature", "geometry": {"type": "Point", "coordinates": [78.567207, 17.449138]}, "properties": {"cell_id": 1542, "risk_score": 0.1273, "severity_band": "green", "population_exposed": 1157, "dist_to_drain_km": 1.326, "dist_to_incident_km": 3.223, "rainfall_mm": 60.0}}, {"type": "Feature", "geometry": {"type": "Point", "coordinates": [78.571707, 17.449138]}, "properties": {"cell_id": 1543, "risk_score": 0.163, "severity_band": "green", "population_exposed": 1100, "dist_to_drain_km": 0.855, "dist_to_incident_km": 3.699, "rainfall_mm": 60.0}}, {"type": "Feature", "geometry": {"type": "Point", "coordinates": [78.576207, 17.449138]}, "properties": {"cell_id": 1544, "risk_score": 0.2718, "severity_band": "green", "population_exposed": 1046, "dist_to_drain_km": 0.399, "dist_to_incident_km": 4.176, "rainfall_mm": 60.0}}, {"type": "Feature", "geometry": {"type": "Point", "coordinates": [78.580707, 17.449138]}, "properties": {"cell_id": 1545, "risk_score": 0.3869, "severity_band": "red", "population_exposed": 996, "dist_to_drain_km": 0.154, "dist_to_incident_km": 4.652, "rainfall_mm": 60.0}}, {"type": "Feature", "geometry": {"type": "Point", "coordinates": [78.585207, 17.449138]}, "properties": {"cell_id": 1546, "risk_score": 0.2549, "severity_band": "green", "population_exposed": 948, "dist_to_drain_km": 0.516, "dist_to_incident_km": 5.129, "rainfall_mm": 60.0}}, {"type": "Feature", "geometry": {"type": "Point", "coordinates": [78.589707, 17.449138]}, "properties": {"cell_id": 1547, "risk_score": 0.1609, "severity_band": "green", "population_exposed": 904, "dist_to_drain_km": 0.965, "dist_to_incident_km": 5.606, "rainfall_mm": 60.0}}, {"type": "Feature", "geometry": {"type": "Point", "coordinates": [78.594207, 17.449138]}, "properties": {"cell_id": 1548, "risk_score": 0.1273, "severity_band": "green", "population_exposed": 862, "dist_to_drain_km": 1.432, "dist_to_incident_km": 6.253, "rainfall_mm": 60.0}}, {"type": "Feature", "geometry": {"type": "Point", "coordinates": [78.598707, 17.449138]}, "properties": {"cell_id": 1549, "risk_score": 0.1273, "severity_band": "green", "population_exposed": 824, "dist_to_drain_km": 1.821, "dist_to_incident_km": 6.532, "rainfall_mm": 60.0}}, {"type": "Feature", "geometry": {"type": "Point", "coordinates": [78.603207, 17.449138]}, "properties": {"cell_id": 1550, "risk_score": 0.1273, "severity_band": "green", "population_exposed": 788, "dist_to_drain_km": 1.702, "dist_to_incident_km": 6.833, "rainfall_mm": 60.0}}, {"type": "Feature", "geometry": {"type": "Point", "coordinates": [78.607707, 17.449138]}, "properties": {"cell_id": 1551, "risk_score": 0.1273, "severity_band": "green", "population_exposed": 755, "dist_to_drain_km": 1.708, "dist_to_incident_km": 7.153, "rainfall_mm": 60.0}}, {"type": "Feature", "geometry": {"type": "Point", "coordinates": [78.283707, 17.453638]}, "properties": {"cell_id": 1552, "risk_score": 0.1614, "severity_band": "green", "population_exposed": 778, "dist_to_drain_km": 0.928, "dist_to_incident_km": 7.326, "rainfall_mm": 60.0}}, {"type": "Feature", "geometry": {"type": "Point", "coordinates": [78.288207, 17.453638]}, "properties": {"cell_id": 1553, "risk_score": 0.1601, "severity_band": "green", "population_exposed": 826, "dist_to_drain_km": 1.045, "dist_to_incident_km": 6.854, "rainfall_mm": 60.0}}, {"type": "Feature", "geometry": {"type": "Point", "coordinates": [78.292707, 17.453638]}, "properties": {"cell_id": 1554, "risk_score": 0.1593, "severity_band": "green", "population_exposed": 880, "dist_to_drain_km": 1.075, "dist_to_incident_km": 6.384, "rainfall_mm": 60.0}}, {"type": "Feature", "geometry": {"type": "Point", "coordinates": [78.297207, 17.453638]}, "properties": {"cell_id": 1555, "risk_score": 0.2075, "severity_band": "green", "population_exposed": 940, "dist_to_drain_km": 0.626, "dist_to_incident_km": 5.914, "rainfall_mm": 60.0}}, {"type": "Feature", "geometry": {"type": "Point", "coordinates": [78.301707, 17.453638]}, "properties": {"cell_id": 1556, "risk_score": 0.3576, "severity_band": "red", "population_exposed": 1008, "dist_to_drain_km": 0.228, "dist_to_incident_km": 5.446, "rainfall_mm": 60.0}}, {"type": "Feature", "geometry": {"type": "Point", "coordinates": [78.306207, 17.453638]}, "properties": {"cell_id": 1557, "risk_score": 0.3505, "severity_band": "red", "population_exposed": 1084, "dist_to_drain_km": 0.288, "dist_to_incident_km": 4.98, "rainfall_mm": 60.0}}, {"type": "Feature", "geometry": {"type": "Point", "coordinates": [78.310707, 17.453638]}, "properties": {"cell_id": 1558, "risk_score": 0.2039, "severity_band": "green", "population_exposed": 1170, "dist_to_drain_km": 0.646, "dist_to_incident_km": 4.516, "rainfall_mm": 60.0}}, {"type": "Feature", "geometry": {"type": "Point", "coordinates": [78.315207, 17.453638]}, "properties": {"cell_id": 1559, "risk_score": 0.318, "severity_band": "red", "population_exposed": 1265, "dist_to_drain_km": 0.392, "dist_to_incident_km": 4.055, "rainfall_mm": 60.0}}, {"type": "Feature", "geometry": {"type": "Point", "coordinates": [78.319707, 17.453638]}, "properties": {"cell_id": 1560, "risk_score": 0.4383, "severity_band": "red", "population_exposed": 1371, "dist_to_drain_km": 0.061, "dist_to_incident_km": 3.598, "rainfall_mm": 60.0}}, {"type": "Feature", "geometry": {"type": "Point", "coordinates": [78.324207, 17.453638]}, "properties": {"cell_id": 1561, "risk_score": 0.4505, "severity_band": "red", "population_exposed": 1490, "dist_to_drain_km": 0.052, "dist_to_incident_km": 3.148, "rainfall_mm": 60.0}}, {"type": "Feature", "geometry": {"type": "Point", "coordinates": [78.328707, 17.453638]}, "properties": {"cell_id": 1562, "risk_score": 0.4649, "severity_band": "red", "population_exposed": 1623, "dist_to_drain_km": 0.014, "dist_to_incident_km": 2.707, "rainfall_mm": 60.0}}, {"type": "Feature", "geometry": {"type": "Point", "coordinates": [78.333207, 17.453638]}, "properties": {"cell_id": 1563, "risk_score": 0.2908, "severity_band": "red", "population_exposed": 1771, "dist_to_drain_km": 0.509, "dist_to_incident_km": 2.28, "rainfall_mm": 60.0}}, {"type": "Feature", "geometry": {"type": "Point", "coordinates": [78.337707, 17.453638]}, "properties": {"cell_id": 1564, "risk_score": 0.3495, "severity_band": "red", "population_exposed": 1936, "dist_to_drain_km": 0.326, "dist_to_incident_km": 1.878, "rainfall_mm": 60.0}}, {"type": "Feature", "geometry": {"type": "Point", "coordinates": [78.342207, 17.453638]}, "properties": {"cell_id": 1565, "risk_score": 0.3579, "severity_band": "red", "population_exposed": 2120, "dist_to_drain_km": 0.349, "dist_to_incident_km": 1.52, "rainfall_mm": 60.0}}, {"type": "Feature", "geometry": {"type": "Point", "coordinates": [78.346707, 17.453638]}, "properties": {"cell_id": 1566, "risk_score": 0.416, "severity_band": "red", "population_exposed": 2322, "dist_to_drain_km": 0.376, "dist_to_incident_km": 1.246, "rainfall_mm": 60.0}}, {"type": "Feature", "geometry": {"type": "Point", "coordinates": [78.351207, 17.453638]}, "properties": {"cell_id": 1567, "risk_score": 0.3508, "severity_band": "red", "population_exposed": 2544, "dist_to_drain_km": 0.574, "dist_to_incident_km": 1.117, "rainfall_mm": 60.0}}, {"type": "Feature", "geometry": {"type": "Point", "coordinates": [78.355707, 17.453638]}, "properties": {"cell_id": 1568, "risk_score": 0.4771, "severity_band": "yellow", "population_exposed": 2787, "dist_to_drain_km": 0.169, "dist_to_incident_km": 1.182, "rainfall_mm": 60.0}}, {"type": "Feature", "geometry": {"type": "Point", "coordinates": [78.360207, 17.453638]}, "properties": {"cell_id": 1569, "risk_score": 0.3985, "severity_band": "yellow", "population_exposed": 3045, "dist_to_drain_km": 0.236, "dist_to_incident_km": 1.416, "rainfall_mm": 60.0}}, {"type": "Feature", "geometry": {"type": "Point", "coordinates": [78.364707, 17.453638]}, "properties": {"cell_id": 1570, "risk_score": 0.3561, "severity_band": "yellow", "population_exposed": 3311, "dist_to_drain_km": 0.308, "dist_to_incident_km": 1.751, "rainfall_mm": 60.0}}, {"type": "Feature", "geometry": {"type": "Point", "coordinates": [78.369207, 17.453638]}, "properties": {"cell_id": 1571, "risk_score": 0.2446, "severity_band": "yellow", "population_exposed": 3562, "dist_to_drain_km": 0.691, "dist_to_incident_km": 2.142, "rainfall_mm": 60.0}}, {"type": "Feature", "geometry": {"type": "Point", "coordinates": [78.373707, 17.453638]}, "properties": {"cell_id": 1572, "risk_score": 0.3321, "severity_band": "yellow", "population_exposed": 3756, "dist_to_drain_km": 0.331, "dist_to_incident_km": 2.371, "rainfall_mm": 60.0}}, {"type": "Feature", "geometry": {"type": "Point", "coordinates": [78.378207, 17.453638]}, "properties": {"cell_id": 1573, "risk_score": 0.4373, "severity_band": "yellow", "population_exposed": 3831, "dist_to_drain_km": 0.108, "dist_to_incident_km": 2.009, "rainfall_mm": 60.0}}, {"type": "Feature", "geometry": {"type": "Point", "coordinates": [78.382707, 17.453638]}, "properties": {"cell_id": 1574, "risk_score": 0.3563, "severity_band": "yellow", "population_exposed": 3766, "dist_to_drain_km": 0.314, "dist_to_incident_km": 1.704, "rainfall_mm": 60.0}}, {"type": "Feature", "geometry": {"type": "Point", "coordinates": [78.387207, 17.453638]}, "properties": {"cell_id": 1575, "risk_score": 0.2623, "severity_band": "yellow", "population_exposed": 3608, "dist_to_drain_km": 0.655, "dist_to_incident_km": 1.493, "rainfall_mm": 60.0}}, {"type": "Feature", "geometry": {"type": "Point", "coordinates": [78.391707, 17.453638]}, "properties": {"cell_id": 1576, "risk_score": 0.2232, "severity_band": "yellow", "population_exposed": 3416, "dist_to_drain_km": 1.031, "dist_to_incident_km": 1.417, "rainfall_mm": 60.0}}, {"type": "Feature", "geometry": {"type": "Point", "coordinates": [78.396207, 17.453638]}, "properties": {"cell_id": 1577, "risk_score": 0.2658, "severity_band": "yellow", "population_exposed": 3222, "dist_to_drain_km": 0.607, "dist_to_incident_km": 1.498, "rainfall_mm": 60.0}}, {"type": "Feature", "geometry": {"type": "Point", "coordinates": [78.400707, 17.453638]}, "properties": {"cell_id": 1578, "risk_score": 0.3971, "severity_band": "yellow", "population_exposed": 3042, "dist_to_drain_km": 0.191, "dist_to_incident_km": 1.713, "rainfall_mm": 60.0}}, {"type": "Feature", "geometry": {"type": "Point", "coordinates": [78.405207, 17.453638]}, "properties": {"cell_id": 1579, "risk_score": 0.4228, "severity_band": "yellow", "population_exposed": 2880, "dist_to_drain_km": 0.129, "dist_to_incident_km": 2.021, "rainfall_mm": 60.0}}, {"type": "Feature", "geometry": {"type": "Point", "coordinates": [78.409707, 17.453638]}, "properties": {"cell_id": 1580, "risk_score": 0.2895, "severity_band": "yellow", "population_exposed": 2738, "dist_to_drain_km": 0.422, "dist_to_incident_km": 2.384, "rainfall_mm": 60.0}}, {"type": "Feature", "geometry": {"type": "Point", "coordinates": [78.414207, 17.453638]}, "properties": {"cell_id": 1581, "risk_score": 0.2255, "severity_band": "green", "population_exposed": 2618, "dist_to_drain_km": 0.749, "dist_to_incident_km": 2.569, "rainfall_mm": 60.0}}, {"type": "Feature", "geometry": {"type": "Point", "coordinates": [78.418707, 17.453638]}, "properties": {"cell_id": 1582, "risk_score": 0.1982, "severity_band": "green", "population_exposed": 2516, "dist_to_drain_km": 0.714, "dist_to_incident_km": 2.688, "rainfall_mm": 60.0}}, {"type": "Feature", "geometry": {"type": "Point", "coordinates": [78.423207, 17.453638]}, "properties": {"cell_id": 1583, "risk_score": 0.1623, "severity_band": "green", "population_exposed": 2432, "dist_to_drain_km": 0.914, "dist_to_incident_km": 2.882, "rainfall_mm": 60.0}}, {"type": "Feature", "geometry": {"type": "Point", "coordinates": [78.427707, 17.453638]}, "properties": {"cell_id": 1584, "risk_score": 0.1601, "severity_band": "green", "population_exposed": 2365, "dist_to_drain_km": 1.03, "dist_to_incident_km": 3.137, "rainfall_mm": 60.0}}, {"type": "Feature", "geometry": {"type": "Point", "coordinates": [78.432207, 17.453638]}, "properties": {"cell_id": 1585, "risk_score": 0.1605, "severity_band": "green", "population_exposed": 2312, "dist_to_drain_km": 0.985, "dist_to_incident_km": 3.168, "rainfall_mm": 60.0}}, {"type": "Feature", "geometry": {"type": "Point", "coordinates": [78.436707, 17.453638]}, "properties": {"cell_id": 1586, "risk_score": 0.2203, "severity_band": "green", "population_exposed": 2271, "dist_to_drain_km": 0.585, "dist_to_incident_km": 2.767, "rainfall_mm": 60.0}}, {"type": "Feature", "geometry": {"type": "Point", "coordinates": [78.441207, 17.453638]}, "properties": {"cell_id": 1587, "risk_score": 0.2973, "severity_band": "red", "population_exposed": 2241, "dist_to_drain_km": 0.405, "dist_to_incident_km": 2.395, "rainfall_mm": 60.0}}, {"type": "Feature", "geometry": {"type": "Point", "coordinates": [78.445707, 17.453638]}, "properties": {"cell_id": 1588, "risk_score": 0.252, "severity_band": "green", "population_exposed": 2219, "dist_to_drain_km": 0.604, "dist_to_incident_km": 2.014, "rainfall_mm": 60.0}}, {"type": "Feature", "geometry": {"type": "Point", "coordinates": [78.450207, 17.453638]}, "properties": {"cell_id": 1589, "risk_score": 0.3523, "severity_band": "red", "population_exposed": 2204, "dist_to_drain_km": 0.36, "dist_to_incident_km": 1.591, "rainfall_mm": 60.0}}, {"type": "Feature", "geometry": {"type": "Point", "coordinates": [78.454707, 17.453638]}, "properties": {"cell_id": 1590, "risk_score": 0.5219, "severity_band": "red", "population_exposed": 2194, "dist_to_drain_km": 0.085, "dist_to_incident_km": 1.209, "rainfall_mm": 60.0}}, {"type": "Feature", "geometry": {"type": "Point", "coordinates": [78.459207, 17.453638]}, "properties": {"cell_id": 1591, "risk_score": 0.3553, "severity_band": "red", "population_exposed": 2187, "dist_to_drain_km": 0.562, "dist_to_incident_km": 0.921, "rainfall_mm": 60.0}}, {"type": "Feature", "geometry": {"type": "Point", "coordinates": [78.463707, 17.453638]}, "properties": {"cell_id": 1592, "risk_score": 0.295, "severity_band": "red", "population_exposed": 2181, "dist_to_drain_km": 0.998, "dist_to_incident_km": 0.831, "rainfall_mm": 60.0}}, {"type": "Feature", "geometry": {"type": "Point", "coordinates": [78.526707, 17.453638]}, "properties": {"cell_id": 1593, "risk_score": 0.2548, "severity_band": "green", "population_exposed": 1671, "dist_to_drain_km": 2.206, "dist_to_incident_km": 1.115, "rainfall_mm": 60.0}}, {"type": "Feature", "geometry": {"type": "Point", "coordinates": [78.531207, 17.453638]}, "properties": {"cell_id": 1594, "risk_score": 0.2986, "severity_band": "red", "population_exposed": 1605, "dist_to_drain_km": 2.142, "dist_to_incident_km": 0.663, "rainfall_mm": 60.0}}, {"type": "Feature", "geometry": {"type": "Point", "coordinates": [78.535707, 17.453638]}, "properties": {"cell_id": 1595, "risk_score": 0.3992, "severity_band": "red", "population_exposed": 1538, "dist_to_drain_km": 1.777, "dist_to_incident_km": 0.302, "rainfall_mm": 60.0}}, {"type": "Feature", "geometry": {"type": "Point", "coordinates": [78.540207, 17.453638]}, "properties": {"cell_id": 1596, "risk_score": 0.376, "severity_band": "red", "population_exposed": 1472, "dist_to_drain_km": 1.437, "dist_to_incident_km": 0.445, "rainfall_mm": 60.0}}, {"type": "Feature", "geometry": {"type": "Point", "coordinates": [78.544707, 17.453638]}, "properties": {"cell_id": 1597, "risk_score": 0.2925, "severity_band": "red", "population_exposed": 1407, "dist_to_drain_km": 1.188, "dist_to_incident_km": 0.872, "rainfall_mm": 60.0}}, {"type": "Feature", "geometry": {"type": "Point", "coordinates": [78.549207, 17.453638]}, "properties": {"cell_id": 1598, "risk_score": 0.2362, "severity_band": "green", "population_exposed": 1343, "dist_to_drain_km": 1.094, "dist_to_incident_km": 1.334, "rainfall_mm": 60.0}}, {"type": "Feature", "geometry": {"type": "Point", "coordinates": [78.553707, 17.453638]}, "properties": {"cell_id": 1599, "risk_score": 0.2172, "severity_band": "green", "population_exposed": 1281, "dist_to_drain_km": 1.066, "dist_to_incident_km": 1.804, "rainfall_mm": 60.0}}, {"type": "Feature", "geometry": {"type": "Point", "coordinates": [78.558207, 17.453638]}, "properties": {"cell_id": 1600, "risk_score": 0.1859, "severity_band": "green", "population_exposed": 1221, "dist_to_drain_km": 1.181, "dist_to_incident_km": 2.277, "rainfall_mm": 60.0}}, {"type": "Feature", "geometry": {"type": "Point", "coordinates": [78.562707, 17.453638]}, "properties": {"cell_id": 1601, "risk_score": 0.13, "severity_band": "green", "population_exposed": 1164, "dist_to_drain_km": 1.482, "dist_to_incident_km": 2.751, "rainfall_mm": 60.0}}, {"type": "Feature", "geometry": {"type": "Point", "coordinates": [78.567207, 17.453638]}, "properties": {"cell_id": 1602, "risk_score": 0.1273, "severity_band": "green", "population_exposed": 1109, "dist_to_drain_km": 1.477, "dist_to_incident_km": 3.227, "rainfall_mm": 60.0}}, {"type": "Feature", "geometry": {"type": "Point", "coordinates": [78.571707, 17.453638]}, "properties": {"cell_id": 1603, "risk_score": 0.1593, "severity_band": "green", "population_exposed": 1057, "dist_to_drain_km": 1.073, "dist_to_incident_km": 3.702, "rainfall_mm": 60.0}}, {"type": "Feature", "geometry": {"type": "Point", "coordinates": [78.576207, 17.453638]}, "properties": {"cell_id": 1604, "risk_score": 0.1932, "severity_band": "green", "population_exposed": 1008, "dist_to_drain_km": 0.753, "dist_to_incident_km": 4.179, "rainfall_mm": 60.0}}, {"type": "Feature", "geometry": {"type": "Point", "coordinates": [78.580707, 17.453638]}, "properties": {"cell_id": 1605, "risk_score": 0.2039, "severity_band": "green", "population_exposed": 961, "dist_to_drain_km": 0.647, "dist_to_incident_km": 4.655, "rainfall_mm": 60.0}}, {"type": "Feature", "geometry": {"type": "Point", "coordinates": [78.585207, 17.453638]}, "properties": {"cell_id": 1606, "risk_score": 0.1662, "severity_band": "green", "population_exposed": 917, "dist_to_drain_km": 0.832, "dist_to_incident_km": 5.132, "rainfall_mm": 60.0}}, {"type": "Feature", "geometry": {"type": "Point", "coordinates": [78.589707, 17.453638]}, "properties": {"cell_id": 1607, "risk_score": 0.1434, "severity_band": "green", "population_exposed": 876, "dist_to_drain_km": 1.18, "dist_to_incident_km": 5.608, "rainfall_mm": 60.0}}, {"type": "Feature", "geometry": {"type": "Point", "coordinates": [78.594207, 17.453638]}, "properties": {"cell_id": 1608, "risk_score": 0.1273, "severity_band": "green", "population_exposed": 838, "dist_to_drain_km": 1.593, "dist_to_incident_km": 6.085, "rainfall_mm": 60.0}}, {"type": "Feature", "geometry": {"type": "Point", "coordinates": [78.598707, 17.453638]}, "properties": {"cell_id": 1609, "risk_score": 0.1273, "severity_band": "green", "population_exposed": 802, "dist_to_drain_km": 2.029, "dist_to_incident_km": 6.562, "rainfall_mm": 60.0}}, {"type": "Feature", "geometry": {"type": "Point", "coordinates": [78.603207, 17.453638]}, "properties": {"cell_id": 1610, "risk_score": 0.1273, "severity_band": "green", "population_exposed": 768, "dist_to_drain_km": 2.109, "dist_to_incident_km": 7.22, "rainfall_mm": 60.0}}, {"type": "Feature", "geometry": {"type": "Point", "coordinates": [78.607707, 17.453638]}, "properties": {"cell_id": 1611, "risk_score": 0.1273, "severity_band": "green", "population_exposed": 737, "dist_to_drain_km": 1.767, "dist_to_incident_km": 7.524, "rainfall_mm": 60.0}}, {"type": "Feature", "geometry": {"type": "Point", "coordinates": [78.288207, 17.458138]}, "properties": {"cell_id": 1612, "risk_score": 0.2035, "severity_band": "green", "population_exposed": 816, "dist_to_drain_km": 0.643, "dist_to_incident_km": 6.953, "rainfall_mm": 60.0}}, {"type": "Feature", "geometry": {"type": "Point", "coordinates": [78.292707, 17.458138]}, "properties": {"cell_id": 1613, "risk_score": 0.1601, "severity_band": "green", "population_exposed": 869, "dist_to_drain_km": 1.042, "dist_to_incident_km": 6.49, "rainfall_mm": 60.0}}, {"type": "Feature", "geometry": {"type": "Point", "coordinates": [78.297207, 17.458138]}, "properties": {"cell_id": 1614, "risk_score": 0.1614, "severity_band": "green", "population_exposed": 928, "dist_to_drain_km": 0.919, "dist_to_incident_km": 6.029, "rainfall_mm": 60.0}}, {"type": "Feature", "geometry": {"type": "Point", "coordinates": [78.301707, 17.458138]}, "properties": {"cell_id": 1615, "risk_score": 0.2027, "severity_band": "green", "population_exposed": 994, "dist_to_drain_km": 0.69, "dist_to_incident_km": 5.57, "rainfall_mm": 60.0}}, {"type": "Feature", "geometry": {"type": "Point", "coordinates": [78.306207, 17.458138]}, "properties": {"cell_id": 1616, "risk_score": 0.194, "severity_band": "green", "population_exposed": 1067, "dist_to_drain_km": 0.74, "dist_to_incident_km": 5.115, "rainfall_mm": 60.0}}, {"type": "Feature", "geometry": {"type": "Point", "coordinates": [78.310707, 17.458138]}, "properties": {"cell_id": 1617, "risk_score": 0.1605, "severity_band": "green", "population_exposed": 1149, "dist_to_drain_km": 0.966, "dist_to_incident_km": 4.665, "rainfall_mm": 60.0}}, {"type": "Feature", "geometry": {"type": "Point", "coordinates": [78.315207, 17.458138]}, "properties": {"cell_id": 1618, "risk_score": 0.2143, "severity_band": "green", "population_exposed": 1240, "dist_to_drain_km": 0.586, "dist_to_incident_km": 4.22, "rainfall_mm": 60.0}}, {"type": "Feature", "geometry": {"type": "Point", "coordinates": [78.319707, 17.458138]}, "properties": {"cell_id": 1619, "risk_score": 0.2718, "severity_band": "green", "population_exposed": 1342, "dist_to_drain_km": 0.407, "dist_to_incident_km": 3.783, "rainfall_mm": 60.0}}, {"type": "Feature", "geometry": {"type": "Point", "coordinates": [78.324207, 17.458138]}, "properties": {"cell_id": 1620, "risk_score": 0.258, "severity_band": "green", "population_exposed": 1456, "dist_to_drain_km": 0.42, "dist_to_incident_km": 3.358, "rainfall_mm": 60.0}}, {"type": "Feature", "geometry": {"type": "Point", "coordinates": [78.328707, 17.458138]}, "properties": {"cell_id": 1621, "risk_score": 0.2572, "severity_band": "green", "population_exposed": 1582, "dist_to_drain_km": 0.454, "dist_to_incident_km": 2.948, "rainfall_mm": 60.0}}, {"type": "Feature", "geometry": {"type": "Point", "coordinates": [78.333207, 17.458138]}, "properties": {"cell_id": 1622, "risk_score": 0.2391, "severity_band": "green", "population_exposed": 1721, "dist_to_drain_km": 0.629, "dist_to_incident_km": 2.562, "rainfall_mm": 60.0}}, {"type": "Feature", "geometry": {"type": "Point", "coordinates": [78.337707, 17.458138]}, "properties": {"cell_id": 1623, "risk_score": 0.3623, "severity_band": "red", "population_exposed": 1876, "dist_to_drain_km": 0.225, "dist_to_incident_km": 2.212, "rainfall_mm": 60.0}}, {"type": "Feature", "geometry": {"type": "Point", "coordinates": [78.342207, 17.458138]}, "properties": {"cell_id": 1624, "risk_score": 0.4756, "severity_band": "red", "population_exposed": 2045, "dist_to_drain_km": 0.064, "dist_to_incident_km": 1.917, "rainfall_mm": 60.0}}, {"type": "Feature", "geometry": {"type": "Point", "coordinates": [78.346707, 17.458138]}, "properties": {"cell_id": 1625, "risk_score": 0.4035, "severity_band": "red", "population_exposed": 2230, "dist_to_drain_km": 0.179, "dist_to_incident_km": 1.708, "rainfall_mm": 60.0}}, {"type": "Feature", "geometry": {"type": "Point", "coordinates": [78.351207, 17.458138]}, "properties": {"cell_id": 1626, "risk_score": 0.2523, "severity_band": "green", "population_exposed": 2429, "dist_to_drain_km": 0.619, "dist_to_incident_km": 1.616, "rainfall_mm": 60.0}}, {"type": "Feature", "geometry": {"type": "Point", "coordinates": [78.355707, 17.458138]}, "properties": {"cell_id": 1627, "risk_score": 0.4183, "severity_band": "red", "population_exposed": 2640, "dist_to_drain_km": 0.173, "dist_to_incident_km": 1.662, "rainfall_mm": 60.0}}, {"type": "Feature", "geometry": {"type": "Point", "coordinates": [78.360207, 17.458138]}, "properties": {"cell_id": 1628, "risk_score": 0.4867, "severity_band": "yellow", "population_exposed": 2858, "dist_to_drain_km": 0.007, "dist_to_incident_km": 1.836, "rainfall_mm": 60.0}}, {"type": "Feature", "geometry": {"type": "Point", "coordinates": [78.364707, 17.458138]}, "properties": {"cell_id": 1629, "risk_score": 0.3695, "severity_band": "yellow", "population_exposed": 3071, "dist_to_drain_km": 0.255, "dist_to_incident_km": 2.105, "rainfall_mm": 60.0}}, {"type": "Feature", "geometry": {"type": "Point", "coordinates": [78.369207, 17.458138]}, "properties": {"cell_id": 1630, "risk_score": 0.295, "severity_band": "yellow", "population_exposed": 3260, "dist_to_drain_km": 0.405, "dist_to_incident_km": 2.439, "rainfall_mm": 60.0}}, {"type": "Feature", "geometry": {"type": "Point", "coordinates": [78.373707, 17.458138]}, "properties": {"cell_id": 1631, "risk_score": 0.4266, "severity_band": "yellow", "population_exposed": 3396, "dist_to_drain_km": 0.096, "dist_to_incident_km": 2.7, "rainfall_mm": 60.0}}, {"type": "Feature", "geometry": {"type": "Point", "coordinates": [78.378207, 17.458138]}, "properties": {"cell_id": 1632, "risk_score": 0.4159, "severity_band": "yellow", "population_exposed": 3453, "dist_to_drain_km": 0.122, "dist_to_incident_km": 2.388, "rainfall_mm": 60.0}}, {"type": "Feature", "geometry": {"type": "Point", "coordinates": [78.382707, 17.458138]}, "properties": {"cell_id": 1633, "risk_score": 0.4356, "severity_band": "yellow", "population_exposed": 3422, "dist_to_drain_km": 0.113, "dist_to_incident_km": 2.139, "rainfall_mm": 60.0}}, {"type": "Feature", "geometry": {"type": "Point", "coordinates": [78.387207, 17.458138]}, "properties": {"cell_id": 1634, "risk_score": 0.3457, "severity_band": "yellow", "population_exposed": 3323, "dist_to_drain_km": 0.35, "dist_to_incident_km": 1.974, "rainfall_mm": 60.0}}, {"type": "Feature", "geometry": {"type": "Point", "coordinates": [78.391707, 17.458138]}, "properties": {"cell_id": 1635, "risk_score": 0.2464, "severity_band": "yellow", "population_exposed": 3185, "dist_to_drain_km": 0.691, "dist_to_incident_km": 1.918, "rainfall_mm": 60.0}}, {"type": "Feature", "geometry": {"type": "Point", "coordinates": [78.396207, 17.458138]}, "properties": {"cell_id": 1636, "risk_score": 0.2131, "severity_band": "green", "population_exposed": 3033, "dist_to_drain_km": 0.864, "dist_to_incident_km": 1.978, "rainfall_mm": 60.0}}, {"type": "Feature", "geometry": {"type": "Point", "coordinates": [78.400707, 17.458138]}, "properties": {"cell_id": 1637, "risk_score": 0.2893, "severity_band": "yellow", "population_exposed": 2882, "dist_to_drain_km": 0.519, "dist_to_incident_km": 2.146, "rainfall_mm": 60.0}}, {"type": "Feature", "geometry": {"type": "Point", "coordinates": [78.405207, 17.458138]}, "properties": {"cell_id": 1638, "risk_score": 0.3571, "severity_band": "yellow", "population_exposed": 2742, "dist_to_drain_km": 0.285, "dist_to_incident_km": 2.398, "rainfall_mm": 60.0}}, {"type": "Feature", "geometry": {"type": "Point", "coordinates": [78.409707, 17.458138]}, "properties": {"cell_id": 1639, "risk_score": 0.2595, "severity_band": "green", "population_exposed": 2615, "dist_to_drain_km": 0.478, "dist_to_incident_km": 2.712, "rainfall_mm": 60.0}}, {"type": "Feature", "geometry": {"type": "Point", "coordinates": [78.414207, 17.458138]}, "properties": {"cell_id": 1640, "risk_score": 0.3211, "severity_band": "red", "population_exposed": 2504, "dist_to_drain_km": 0.324, "dist_to_incident_km": 3.064, "rainfall_mm": 60.0}}, {"type": "Feature", "geometry": {"type": "Point", "coordinates": [78.418707, 17.458138]}, "properties": {"cell_id": 1641, "risk_score": 0.3537, "severity_band": "red", "population_exposed": 2408, "dist_to_drain_km": 0.26, "dist_to_incident_km": 3.164, "rainfall_mm": 60.0}}, {"type": "Feature", "geometry": {"type": "Point", "coordinates": [78.423207, 17.458138]}, "properties": {"cell_id": 1642, "risk_score": 0.2038, "severity_band": "green", "population_exposed": 2327, "dist_to_drain_km": 0.682, "dist_to_incident_km": 3.331, "rainfall_mm": 60.0}}, {"type": "Feature", "geometry": {"type": "Point", "coordinates": [78.427707, 17.458138]}, "properties": {"cell_id": 1643, "risk_score": 0.2034, "severity_band": "green", "population_exposed": 2260, "dist_to_drain_km": 0.692, "dist_to_incident_km": 3.554, "rainfall_mm": 60.0}}, {"type": "Feature", "geometry": {"type": "Point", "coordinates": [78.432207, 17.458138]}, "properties": {"cell_id": 1644, "risk_score": 0.2133, "severity_band": "green", "population_exposed": 2206, "dist_to_drain_km": 0.603, "dist_to_incident_km": 3.449, "rainfall_mm": 60.0}}, {"type": "Feature", "geometry": {"type": "Point", "coordinates": [78.436707, 17.458138]}, "properties": {"cell_id": 1645, "risk_score": 0.1961, "severity_band": "green", "population_exposed": 2163, "dist_to_drain_km": 0.737, "dist_to_incident_km": 3.085, "rainfall_mm": 60.0}}, {"type": "Feature", "geometry": {"type": "Point", "coordinates": [78.441207, 17.458138]}, "properties": {"cell_id": 1646, "risk_score": 0.2594, "severity_band": "green", "population_exposed": 2129, "dist_to_drain_km": 0.495, "dist_to_incident_km": 2.667, "rainfall_mm": 60.0}}, {"type": "Feature", "geometry": {"type": "Point", "coordinates": [78.445707, 17.458138]}, "properties": {"cell_id": 1647, "risk_score": 0.2937, "severity_band": "red", "population_exposed": 2103, "dist_to_drain_km": 0.467, "dist_to_incident_km": 2.266, "rainfall_mm": 60.0}}, {"type": "Feature", "geometry": {"type": "Point", "coordinates": [78.450207, 17.458138]}, "properties": {"cell_id": 1648, "risk_score": 0.2958, "severity_band": "red", "population_exposed": 2084, "dist_to_drain_km": 0.423, "dist_to_incident_km": 1.9, "rainfall_mm": 60.0}}, {"type": "Feature", "geometry": {"type": "Point", "coordinates": [78.454707, 17.458138]}, "properties": {"cell_id": 1649, "risk_score": 0.4915, "severity_band": "red", "population_exposed": 2068, "dist_to_drain_km": 0.005, "dist_to_incident_km": 1.594, "rainfall_mm": 60.0}}, {"type": "Feature", "geometry": {"type": "Point", "coordinates": [78.459207, 17.458138]}, "properties": {"cell_id": 1650, "risk_score": 0.3216, "severity_band": "red", "population_exposed": 2056, "dist_to_drain_km": 0.457, "dist_to_incident_km": 1.388, "rainfall_mm": 60.0}}, {"type": "Feature", "geometry": {"type": "Point", "coordinates": [78.531207, 17.458138]}, "properties": {"cell_id": 1651, "risk_score": 0.2831, "severity_band": "green", "population_exposed": 1508, "dist_to_drain_km": 1.642, "dist_to_incident_km": 0.982, "rainfall_mm": 60.0}}, {"type": "Feature", "geometry": {"type": "Point", "coordinates": [78.535707, 17.458138]}, "properties": {"cell_id": 1652, "risk_score": 0.2893, "severity_band": "green", "population_exposed": 1449, "dist_to_drain_km": 1.515, "dist_to_incident_km": 0.784, "rainfall_mm": 60.0}}, {"type": "Feature", "geometry": {"type": "Point", "coordinates": [78.540207, 17.458138]}, "properties": {"cell_id": 1653, "risk_score": 0.2925, "severity_band": "red", "population_exposed": 1390, "dist_to_drain_km": 1.095, "dist_to_incident_km": 0.85, "rainfall_mm": 60.0}}, {"type": "Feature", "geometry": {"type": "Point", "coordinates": [78.544707, 17.458138]}, "properties": {"cell_id": 1654, "risk_score": 0.337, "severity_band": "red", "population_exposed": 1332, "dist_to_drain_km": 0.749, "dist_to_incident_km": 1.134, "rainfall_mm": 60.0}}, {"type": "Feature", "geometry": {"type": "Point", "coordinates": [78.549207, 17.458138]}, "properties": {"cell_id": 1655, "risk_score": 0.2551, "severity_band": "green", "population_exposed": 1274, "dist_to_drain_km": 0.594, "dist_to_incident_km": 1.518, "rainfall_mm": 60.0}}, {"type": "Feature", "geometry": {"type": "Point", "coordinates": [78.553707, 17.458138]}, "properties": {"cell_id": 1656, "risk_score": 0.2692, "severity_band": "green", "population_exposed": 1218, "dist_to_drain_km": 0.566, "dist_to_incident_km": 1.944, "rainfall_mm": 60.0}}, {"type": "Feature", "geometry": {"type": "Point", "coordinates": [78.558207, 17.458138]}, "properties": {"cell_id": 1657, "risk_score": 0.2293, "severity_band": "green", "population_exposed": 1164, "dist_to_drain_km": 0.76, "dist_to_incident_km": 2.389, "rainfall_mm": 60.0}}, {"type": "Feature", "geometry": {"type": "Point", "coordinates": [78.562707, 17.458138]}, "properties": {"cell_id": 1658, "risk_score": 0.1614, "severity_band": "green", "population_exposed": 1112, "dist_to_drain_km": 0.985, "dist_to_incident_km": 2.845, "rainfall_mm": 60.0}}, {"type": "Feature", "geometry": {"type": "Point", "coordinates": [78.567207, 17.458138]}, "properties": {"cell_id": 1659, "risk_score": 0.1442, "severity_band": "green", "population_exposed": 1062, "dist_to_drain_km": 1.122, "dist_to_incident_km": 3.307, "rainfall_mm": 60.0}}, {"type": "Feature", "geometry": {"type": "Point", "coordinates": [78.571707, 17.458138]}, "properties": {"cell_id": 1660, "risk_score": 0.1273, "severity_band": "green", "population_exposed": 1015, "dist_to_drain_km": 1.395, "dist_to_incident_km": 3.772, "rainfall_mm": 60.0}}, {"type": "Feature", "geometry": {"type": "Point", "coordinates": [78.576207, 17.458138]}, "properties": {"cell_id": 1661, "risk_score": 0.1352, "severity_band": "green", "population_exposed": 970, "dist_to_drain_km": 1.211, "dist_to_incident_km": 4.241, "rainfall_mm": 60.0}}, {"type": "Feature", "geometry": {"type": "Point", "coordinates": [78.580707, 17.458138]}, "properties": {"cell_id": 1662, "risk_score": 0.1438, "severity_band": "green", "population_exposed": 926, "dist_to_drain_km": 1.147, "dist_to_incident_km": 4.711, "rainfall_mm": 60.0}}, {"type": "Feature", "geometry": {"type": "Point", "coordinates": [78.585207, 17.458138]}, "properties": {"cell_id": 1663, "risk_score": 0.1298, "severity_band": "green", "population_exposed": 886, "dist_to_drain_km": 1.262, "dist_to_incident_km": 5.182, "rainfall_mm": 60.0}}, {"type": "Feature", "geometry": {"type": "Point", "coordinates": [78.589707, 17.458138]}, "properties": {"cell_id": 1664, "risk_score": 0.1273, "severity_band": "green", "population_exposed": 848, "dist_to_drain_km": 1.522, "dist_to_incident_km": 5.655, "rainfall_mm": 60.0}}, {"type": "Feature", "geometry": {"type": "Point", "coordinates": [78.594207, 17.458138]}, "properties": {"cell_id": 1665, "risk_score": 0.1273, "severity_band": "green", "population_exposed": 812, "dist_to_drain_km": 1.863, "dist_to_incident_km": 6.128, "rainfall_mm": 60.0}}, {"type": "Feature", "geometry": {"type": "Point", "coordinates": [78.598707, 17.458138]}, "properties": {"cell_id": 1666, "risk_score": 0.1273, "severity_band": "green", "population_exposed": 779, "dist_to_drain_km": 2.201, "dist_to_incident_km": 6.602, "rainfall_mm": 60.0}}, {"type": "Feature", "geometry": {"type": "Point", "coordinates": [78.603207, 17.458138]}, "properties": {"cell_id": 1667, "risk_score": 0.1273, "severity_band": "green", "population_exposed": 748, "dist_to_drain_km": 1.831, "dist_to_incident_km": 7.076, "rainfall_mm": 60.0}}, {"type": "Feature", "geometry": {"type": "Point", "coordinates": [78.607707, 17.458138]}, "properties": {"cell_id": 1668, "risk_score": 0.1273, "severity_band": "green", "population_exposed": 719, "dist_to_drain_km": 1.424, "dist_to_incident_km": 7.551, "rainfall_mm": 60.0}}, {"type": "Feature", "geometry": {"type": "Point", "coordinates": [78.292707, 17.462638]}, "properties": {"cell_id": 1669, "risk_score": 0.1614, "severity_band": "green", "population_exposed": 856, "dist_to_drain_km": 0.939, "dist_to_incident_km": 6.632, "rainfall_mm": 60.0}}, {"type": "Feature", "geometry": {"type": "Point", "coordinates": [78.297207, 17.462638]}, "properties": {"cell_id": 1670, "risk_score": 0.1614, "severity_band": "green", "population_exposed": 912, "dist_to_drain_km": 0.863, "dist_to_incident_km": 6.181, "rainfall_mm": 60.0}}, {"type": "Feature", "geometry": {"type": "Point", "coordinates": [78.301707, 17.462638]}, "properties": {"cell_id": 1671, "risk_score": 0.1601, "severity_band": "green", "population_exposed": 975, "dist_to_drain_km": 1.015, "dist_to_incident_km": 5.735, "rainfall_mm": 60.0}}, {"type": "Feature", "geometry": {"type": "Point", "coordinates": [78.306207, 17.462638]}, "properties": {"cell_id": 1672, "risk_score": 0.1337, "severity_band": "green", "population_exposed": 1045, "dist_to_drain_km": 1.214, "dist_to_incident_km": 5.294, "rainfall_mm": 60.0}}, {"type": "Feature", "geometry": {"type": "Point", "coordinates": [78.310707, 17.462638]}, "properties": {"cell_id": 1673, "risk_score": 0.1917, "severity_band": "green", "population_exposed": 1124, "dist_to_drain_km": 0.791, "dist_to_incident_km": 4.86, "rainfall_mm": 60.0}}, {"type": "Feature", "geometry": {"type": "Point", "coordinates": [78.315207, 17.462638]}, "properties": {"cell_id": 1674, "risk_score": 0.3254, "severity_band": "red", "population_exposed": 1210, "dist_to_drain_km": 0.315, "dist_to_incident_km": 4.435, "rainfall_mm": 60.0}}, {"type": "Feature", "geometry": {"type": "Point", "coordinates": [78.319707, 17.462638]}, "properties": {"cell_id": 1675, "risk_score": 0.4445, "severity_band": "red", "population_exposed": 1307, "dist_to_drain_km": 0.043, "dist_to_incident_km": 4.022, "rainfall_mm": 60.0}}, {"type": "Feature", "geometry": {"type": "Point", "coordinates": [78.324207, 17.462638]}, "properties": {"cell_id": 1676, "risk_score": 0.2718, "severity_band": "green", "population_exposed": 1413, "dist_to_drain_km": 0.399, "dist_to_incident_km": 3.625, "rainfall_mm": 60.0}}, {"type": "Feature", "geometry": {"type": "Point", "coordinates": [78.328707, 17.462638]}, "properties": {"cell_id": 1677, "risk_score": 0.3559, "severity_band": "red", "population_exposed": 1531, "dist_to_drain_km": 0.256, "dist_to_incident_km": 3.249, "rainfall_mm": 60.0}}, {"type": "Feature", "geometry": {"type": "Point", "coordinates": [78.333207, 17.462638]}, "properties": {"cell_id": 1678, "risk_score": 0.3203, "severity_band": "red", "population_exposed": 1660, "dist_to_drain_km": 0.341, "dist_to_incident_km": 2.903, "rainfall_mm": 60.0}}, {"type": "Feature", "geometry": {"type": "Point", "coordinates": [78.337707, 17.462638]}, "properties": {"cell_id": 1679, "risk_score": 0.3226, "severity_band": "red", "population_exposed": 1802, "dist_to_drain_km": 0.338, "dist_to_incident_km": 2.6, "rainfall_mm": 60.0}}, {"type": "Feature", "geometry": {"type": "Point", "coordinates": [78.342207, 17.462638]}, "properties": {"cell_id": 1680, "risk_score": 0.3759, "severity_band": "red", "population_exposed": 1955, "dist_to_drain_km": 0.198, "dist_to_incident_km": 2.354, "rainfall_mm": 60.0}}, {"type": "Feature", "geometry": {"type": "Point", "coordinates": [78.346707, 17.462638]}, "properties": {"cell_id": 1681, "risk_score": 0.332, "severity_band": "red", "population_exposed": 2120, "dist_to_drain_km": 0.37, "dist_to_incident_km": 2.187, "rainfall_mm": 60.0}}, {"type": "Feature", "geometry": {"type": "Point", "coordinates": [78.351207, 17.462638]}, "properties": {"cell_id": 1682, "risk_score": 0.2446, "severity_band": "green", "population_exposed": 2294, "dist_to_drain_km": 0.654, "dist_to_incident_km": 2.116, "rainfall_mm": 60.0}}, {"type": "Feature", "geometry": {"type": "Point", "coordinates": [78.355707, 17.462638]}, "properties": {"cell_id": 1683, "risk_score": 0.2942, "severity_band": "red", "population_exposed": 2475, "dist_to_drain_km": 0.433, "dist_to_incident_km": 2.151, "rainfall_mm": 60.0}}, {"type": "Feature", "geometry": {"type": "Point", "coordinates": [78.360207, 17.462638]}, "properties": {"cell_id": 1684, "risk_score": 0.3575, "severity_band": "yellow", "population_exposed": 2655, "dist_to_drain_km": 0.284, "dist_to_incident_km": 2.288, "rainfall_mm": 60.0}}, {"type": "Feature", "geometry": {"type": "Point", "coordinates": [78.364707, 17.462638]}, "properties": {"cell_id": 1685, "risk_score": 0.4724, "severity_band": "yellow", "population_exposed": 2824, "dist_to_drain_km": 0.029, "dist_to_incident_km": 2.51, "rainfall_mm": 60.0}}, {"type": "Feature", "geometry": {"type": "Point", "coordinates": [78.369207, 17.462638]}, "properties": {"cell_id": 1686, "risk_score": 0.2595, "severity_band": "yellow", "population_exposed": 2968, "dist_to_drain_km": 0.44, "dist_to_incident_km": 2.796, "rainfall_mm": 60.0}}, {"type": "Feature", "geometry": {"type": "Point", "coordinates": [78.373707, 17.462638]}, "properties": {"cell_id": 1687, "risk_score": 0.375, "severity_band": "yellow", "population_exposed": 3071, "dist_to_drain_km": 0.179, "dist_to_incident_km": 3.076, "rainfall_mm": 60.0}}, {"type": "Feature", "geometry": {"type": "Point", "coordinates": [78.378207, 17.462638]}, "properties": {"cell_id": 1688, "risk_score": 0.2595, "severity_band": "yellow", "population_exposed": 3117, "dist_to_drain_km": 0.459, "dist_to_incident_km": 2.806, "rainfall_mm": 60.0}}, {"type": "Feature", "geometry": {"type": "Point", "coordinates": [78.382707, 17.462638]}, "properties": {"cell_id": 1689, "risk_score": 0.3308, "severity_band": "yellow", "population_exposed": 3104, "dist_to_drain_km": 0.306, "dist_to_incident_km": 2.597, "rainfall_mm": 60.0}}, {"type": "Feature", "geometry": {"type": "Point", "coordinates": [78.387207, 17.462638]}, "properties": {"cell_id": 1690, "risk_score": 0.3805, "severity_band": "yellow", "population_exposed": 3040, "dist_to_drain_km": 0.185, "dist_to_incident_km": 2.463, "rainfall_mm": 60.0}}, {"type": "Feature", "geometry": {"type": "Point", "coordinates": [78.391707, 17.462638]}, "properties": {"cell_id": 1691, "risk_score": 0.2957, "severity_band": "yellow", "population_exposed": 2942, "dist_to_drain_km": 0.405, "dist_to_incident_km": 2.418, "rainfall_mm": 60.0}}, {"type": "Feature", "geometry": {"type": "Point", "coordinates": [78.396207, 17.462638]}, "properties": {"cell_id": 1692, "risk_score": 0.2276, "severity_band": "green", "population_exposed": 2826, "dist_to_drain_km": 0.737, "dist_to_incident_km": 2.466, "rainfall_mm": 60.0}}, {"type": "Feature", "geometry": {"type": "Point", "coordinates": [78.400707, 17.462638]}, "properties": {"cell_id": 1693, "risk_score": 0.3542, "severity_band": "yellow", "population_exposed": 2705, "dist_to_drain_km": 0.259, "dist_to_incident_km": 2.603, "rainfall_mm": 60.0}}, {"type": "Feature", "geometry": {"type": "Point", "coordinates": [78.405207, 17.462638]}, "properties": {"cell_id": 1694, "risk_score": 0.4208, "severity_band": "red", "population_exposed": 2587, "dist_to_drain_km": 0.082, "dist_to_incident_km": 2.814, "rainfall_mm": 60.0}}, {"type": "Feature", "geometry": {"type": "Point", "coordinates": [78.409707, 17.462638]}, "properties": {"cell_id": 1695, "risk_score": 0.3194, "severity_band": "red", "population_exposed": 2477, "dist_to_drain_km": 0.36, "dist_to_incident_km": 3.086, "rainfall_mm": 60.0}}, {"type": "Feature", "geometry": {"type": "Point", "coordinates": [78.414207, 17.462638]}, "properties": {"cell_id": 1696, "risk_score": 0.4098, "severity_band": "red", "population_exposed": 2378, "dist_to_drain_km": 0.08, "dist_to_incident_km": 3.403, "rainfall_mm": 60.0}}, {"type": "Feature", "geometry": {"type": "Point", "coordinates": [78.418707, 17.462638]}, "properties": {"cell_id": 1697, "risk_score": 0.3857, "severity_band": "red", "population_exposed": 2291, "dist_to_drain_km": 0.166, "dist_to_incident_km": 3.647, "rainfall_mm": 60.0}}, {"type": "Feature", "geometry": {"type": "Point", "coordinates": [78.423207, 17.462638]}, "properties": {"cell_id": 1698, "risk_score": 0.2043, "severity_band": "green", "population_exposed": 2215, "dist_to_drain_km": 0.639, "dist_to_incident_km": 3.792, "rainfall_mm": 60.0}}, {"type": "Feature", "geometry": {"type": "Point", "coordinates": [78.427707, 17.462638]}, "properties": {"cell_id": 1699, "risk_score": 0.3194, "severity_band": "red", "population_exposed": 2151, "dist_to_drain_km": 0.354, "dist_to_incident_km": 3.99, "rainfall_mm": 60.0}}, {"type": "Feature", "geometry": {"type": "Point", "coordinates": [78.432207, 17.462638]}, "properties": {"cell_id": 1700, "risk_score": 0.3918, "severity_band": "red", "population_exposed": 2098, "dist_to_drain_km": 0.121, "dist_to_incident_km": 3.775, "rainfall_mm": 60.0}}, {"type": "Feature", "geometry": {"type": "Point", "coordinates": [78.436707, 17.462638]}, "properties": {"cell_id": 1701, "risk_score": 0.3574, "severity_band": "red", "population_exposed": 2054, "dist_to_drain_km": 0.241, "dist_to_incident_km": 3.336, "rainfall_mm": 60.0}}, {"type": "Feature", "geometry": {"type": "Point", "coordinates": [78.441207, 17.462638]}, "properties": {"cell_id": 1702, "risk_score": 0.3901, "severity_band": "red", "population_exposed": 2019, "dist_to_drain_km": 0.143, "dist_to_incident_km": 2.949, "rainfall_mm": 60.0}}, {"type": "Feature", "geometry": {"type": "Point", "coordinates": [78.445707, 17.462638]}, "properties": {"cell_id": 1703, "risk_score": 0.4722, "severity_band": "red", "population_exposed": 1990, "dist_to_drain_km": 0.012, "dist_to_incident_km": 2.591, "rainfall_mm": 60.0}}, {"type": "Feature", "geometry": {"type": "Point", "coordinates": [78.450207, 17.462638]}, "properties": {"cell_id": 1704, "risk_score": 0.4776, "severity_band": "red", "population_exposed": 1967, "dist_to_drain_km": 0.03, "dist_to_incident_km": 2.278, "rainfall_mm": 60.0}}, {"type": "Feature", "geometry": {"type": "Point", "coordinates": [78.454707, 17.462638]}, "properties": {"cell_id": 1705, "risk_score": 0.4228, "severity_band": "red", "population_exposed": 1948, "dist_to_drain_km": 0.134, "dist_to_incident_km": 2.03, "rainfall_mm": 60.0}}, {"type": "Feature", "geometry": {"type": "Point", "coordinates": [78.459207, 17.462638]}, "properties": {"cell_id": 1706, "risk_score": 0.3708, "severity_band": "red", "population_exposed": 1933, "dist_to_drain_km": 0.281, "dist_to_incident_km": 1.872, "rainfall_mm": 60.0}}, {"type": "Feature", "geometry": {"type": "Point", "coordinates": [78.535707, 17.462638]}, "properties": {"cell_id": 1707, "risk_score": 0.2424, "severity_band": "green", "population_exposed": 1366, "dist_to_drain_km": 1.199, "dist_to_incident_km": 1.281, "rainfall_mm": 60.0}}, {"type": "Feature", "geometry": {"type": "Point", "coordinates": [78.540207, 17.462638]}, "properties": {"cell_id": 1708, "risk_score": 0.245, "severity_band": "green", "population_exposed": 1313, "dist_to_drain_km": 0.914, "dist_to_incident_km": 1.322, "rainfall_mm": 60.0}}, {"type": "Feature", "geometry": {"type": "Point", "coordinates": [78.544707, 17.462638]}, "properties": {"cell_id": 1709, "risk_score": 0.2949, "severity_band": "red", "population_exposed": 1260, "dist_to_drain_km": 0.445, "dist_to_incident_km": 1.52, "rainfall_mm": 60.0}}, {"type": "Feature", "geometry": {"type": "Point", "coordinates": [78.549207, 17.462638]}, "properties": {"cell_id": 1710, "risk_score": 0.4484, "severity_band": "red", "population_exposed": 1209, "dist_to_drain_km": 0.094, "dist_to_incident_km": 1.824, "rainfall_mm": 60.0}}, {"type": "Feature", "geometry": {"type": "Point", "coordinates": [78.553707, 17.462638]}, "properties": {"cell_id": 1711, "risk_score": 0.4614, "severity_band": "red", "population_exposed": 1159, "dist_to_drain_km": 0.073, "dist_to_incident_km": 2.192, "rainfall_mm": 60.0}}, {"type": "Feature", "geometry": {"type": "Point", "coordinates": [78.558207, 17.462638]}, "properties": {"cell_id": 1712, "risk_score": 0.2658, "severity_band": "green", "population_exposed": 1110, "dist_to_drain_km": 0.503, "dist_to_incident_km": 2.595, "rainfall_mm": 60.0}}, {"type": "Feature", "geometry": {"type": "Point", "coordinates": [78.562707, 17.462638]}, "properties": {"cell_id": 1713, "risk_score": 0.2563, "severity_band": "green", "population_exposed": 1062, "dist_to_drain_km": 0.494, "dist_to_incident_km": 3.02, "rainfall_mm": 60.0}}, {"type": "Feature", "geometry": {"type": "Point", "coordinates": [78.567207, 17.462638]}, "properties": {"cell_id": 1714, "risk_score": 0.2029, "severity_band": "green", "population_exposed": 1017, "dist_to_drain_km": 0.703, "dist_to_incident_km": 3.458, "rainfall_mm": 60.0}}, {"type": "Feature", "geometry": {"type": "Point", "coordinates": [78.571707, 17.462638]}, "properties": {"cell_id": 1715, "risk_score": 0.1605, "severity_band": "green", "population_exposed": 974, "dist_to_drain_km": 0.967, "dist_to_incident_km": 3.906, "rainfall_mm": 60.0}}, {"type": "Feature", "geometry": {"type": "Point", "coordinates": [78.576207, 17.462638]}, "properties": {"cell_id": 1716, "risk_score": 0.1597, "severity_band": "green", "population_exposed": 932, "dist_to_drain_km": 1.056, "dist_to_incident_km": 4.36, "rainfall_mm": 60.0}}, {"type": "Feature", "geometry": {"type": "Point", "coordinates": [78.580707, 17.462638]}, "properties": {"cell_id": 1717, "risk_score": 0.1273, "severity_band": "green", "population_exposed": 893, "dist_to_drain_km": 1.316, "dist_to_incident_km": 4.818, "rainfall_mm": 60.0}}, {"type": "Feature", "geometry": {"type": "Point", "coordinates": [78.585207, 17.462638]}, "properties": {"cell_id": 1718, "risk_score": 0.1273, "severity_band": "green", "population_exposed": 856, "dist_to_drain_km": 1.559, "dist_to_incident_km": 5.28, "rainfall_mm": 60.0}}, {"type": "Feature", "geometry": {"type": "Point", "coordinates": [78.589707, 17.462638]}, "properties": {"cell_id": 1719, "risk_score": 0.1273, "severity_band": "green", "population_exposed": 821, "dist_to_drain_km": 1.887, "dist_to_incident_km": 5.745, "rainfall_mm": 60.0}}, {"type": "Feature", "geometry": {"type": "Point", "coordinates": [78.594207, 17.462638]}, "properties": {"cell_id": 1720, "risk_score": 0.1273, "severity_band": "green", "population_exposed": 788, "dist_to_drain_km": 2.206, "dist_to_incident_km": 6.211, "rainfall_mm": 60.0}}, {"type": "Feature", "geometry": {"type": "Point", "coordinates": [78.598707, 17.462638]}, "properties": {"cell_id": 1721, "risk_score": 0.1273, "severity_band": "green", "population_exposed": 757, "dist_to_drain_km": 1.857, "dist_to_incident_km": 6.679, "rainfall_mm": 60.0}}, {"type": "Feature", "geometry": {"type": "Point", "coordinates": [78.603207, 17.462638]}, "properties": {"cell_id": 1722, "risk_score": 0.1273, "severity_band": "green", "population_exposed": 728, "dist_to_drain_km": 1.511, "dist_to_incident_km": 7.148, "rainfall_mm": 60.0}}, {"type": "Feature", "geometry": {"type": "Point", "coordinates": [78.607707, 17.462638]}, "properties": {"cell_id": 1723, "risk_score": 0.1309, "severity_band": "green", "population_exposed": 701, "dist_to_drain_km": 1.227, "dist_to_incident_km": 7.618, "rainfall_mm": 60.0}}, {"type": "Feature", "geometry": {"type": "Point", "coordinates": [78.612207, 17.462638]}, "properties": {"cell_id": 1724, "risk_score": 0.1928, "severity_band": "green", "population_exposed": 676, "dist_to_drain_km": 0.753, "dist_to_incident_km": 8.089, "rainfall_mm": 60.0}}, {"type": "Feature", "geometry": {"type": "Point", "coordinates": [78.292707, 17.467138]}, "properties": {"cell_id": 1725, "risk_score": 0.2405, "severity_band": "green", "population_exposed": 840, "dist_to_drain_km": 0.523, "dist_to_incident_km": 6.808, "rainfall_mm": 60.0}}, {"type": "Feature", "geometry": {"type": "Point", "coordinates": [78.297207, 17.467138]}, "properties": {"cell_id": 1726, "risk_score": 0.3189, "severity_band": "red", "population_exposed": 894, "dist_to_drain_km": 0.37, "dist_to_incident_km": 6.37, "rainfall_mm": 60.0}}, {"type": "Feature", "geometry": {"type": "Point", "coordinates": [78.301707, 17.467138]}, "properties": {"cell_id": 1727, "risk_score": 0.2035, "severity_band": "green", "population_exposed": 954, "dist_to_drain_km": 0.643, "dist_to_incident_km": 5.938, "rainfall_mm": 60.0}}, {"type": "Feature", "geometry": {"type": "Point", "coordinates": [78.306207, 17.467138]}, "properties": {"cell_id": 1728, "risk_score": 0.1593, "severity_band": "green", "population_exposed": 1020, "dist_to_drain_km": 1.07, "dist_to_incident_km": 5.513, "rainfall_mm": 60.0}}, {"type": "Feature", "geometry": {"type": "Point", "coordinates": [78.310707, 17.467138]}, "properties": {"cell_id": 1729, "risk_score": 0.1614, "severity_band": "green", "population_exposed": 1094, "dist_to_drain_km": 0.91, "dist_to_incident_km": 5.098, "rainfall_mm": 60.0}}, {"type": "Feature", "geometry": {"type": "Point", "coordinates": [78.315207, 17.467138]}, "properties": {"cell_id": 1730, "risk_score": 0.2313, "severity_band": "green", "population_exposed": 1176, "dist_to_drain_km": 0.547, "dist_to_incident_km": 4.695, "rainfall_mm": 60.0}}, {"type": "Feature", "geometry": {"type": "Point", "coordinates": [78.319707, 17.467138]}, "properties": {"cell_id": 1731, "risk_score": 0.3249, "severity_band": "red", "population_exposed": 1265, "dist_to_drain_km": 0.32, "dist_to_incident_km": 4.306, "rainfall_mm": 60.0}}, {"type": "Feature", "geometry": {"type": "Point", "coordinates": [78.324207, 17.467138]}, "properties": {"cell_id": 1732, "risk_score": 0.2304, "severity_band": "green", "population_exposed": 1364, "dist_to_drain_km": 0.553, "dist_to_incident_km": 3.938, "rainfall_mm": 60.0}}, {"type": "Feature", "geometry": {"type": "Point", "coordinates": [78.328707, 17.467138]}, "properties": {"cell_id": 1733, "risk_score": 0.3691, "severity_band": "red", "population_exposed": 1473, "dist_to_drain_km": 0.192, "dist_to_incident_km": 3.595, "rainfall_mm": 60.0}}, {"type": "Feature", "geometry": {"type": "Point", "coordinates": [78.333207, 17.467138]}, "properties": {"cell_id": 1734, "risk_score": 0.3517, "severity_band": "red", "population_exposed": 1591, "dist_to_drain_km": 0.283, "dist_to_incident_km": 3.286, "rainfall_mm": 60.0}}, {"type": "Feature", "geometry": {"type": "Point", "coordinates": [78.337707, 17.467138]}, "properties": {"cell_id": 1735, "risk_score": 0.2014, "severity_band": "green", "population_exposed": 1718, "dist_to_drain_km": 0.707, "dist_to_incident_km": 3.021, "rainfall_mm": 60.0}}, {"type": "Feature", "geometry": {"type": "Point", "coordinates": [78.342207, 17.467138]}, "properties": {"cell_id": 1736, "risk_score": 0.329, "severity_band": "red", "population_exposed": 1855, "dist_to_drain_km": 0.314, "dist_to_incident_km": 2.812, "rainfall_mm": 60.0}}, {"type": "Feature", "geometry": {"type": "Point", "coordinates": [78.346707, 17.467138]}, "properties": {"cell_id": 1737, "risk_score": 0.4626, "severity_band": "red", "population_exposed": 2000, "dist_to_drain_km": 0.039, "dist_to_incident_km": 2.674, "rainfall_mm": 60.0}}, {"type": "Feature", "geometry": {"type": "Point", "coordinates": [78.351207, 17.467138]}, "properties": {"cell_id": 1738, "risk_score": 0.261, "severity_band": "green", "population_exposed": 2150, "dist_to_drain_km": 0.443, "dist_to_incident_km": 2.616, "rainfall_mm": 60.0}}, {"type": "Feature", "geometry": {"type": "Point", "coordinates": [78.355707, 17.467138]}, "properties": {"cell_id": 1739, "risk_score": 0.1776, "severity_band": "green", "population_exposed": 2302, "dist_to_drain_km": 0.837, "dist_to_incident_km": 2.645, "rainfall_mm": 60.0}}, {"type": "Feature", "geometry": {"type": "Point", "coordinates": [78.360207, 17.467138]}, "properties": {"cell_id": 1740, "risk_score": 0.2585, "severity_band": "green", "population_exposed": 2450, "dist_to_drain_km": 0.51, "dist_to_incident_km": 2.757, "rainfall_mm": 60.0}}, {"type": "Feature", "geometry": {"type": "Point", "coordinates": [78.364707, 17.467138]}, "properties": {"cell_id": 1741, "risk_score": 0.3951, "severity_band": "red", "population_exposed": 2586, "dist_to_drain_km": 0.116, "dist_to_incident_km": 2.944, "rainfall_mm": 60.0}}, {"type": "Feature", "geometry": {"type": "Point", "coordinates": [78.369207, 17.467138]}, "properties": {"cell_id": 1742, "risk_score": 0.3194, "severity_band": "yellow", "population_exposed": 2699, "dist_to_drain_km": 0.358, "dist_to_incident_km": 3.191, "rainfall_mm": 60.0}}, {"type": "Feature", "geometry": {"type": "Point", "coordinates": [78.373707, 17.467138]}, "properties": {"cell_id": 1743, "risk_score": 0.3564, "severity_band": "yellow", "population_exposed": 2778, "dist_to_drain_km": 0.249, "dist_to_incident_km": 3.483, "rainfall_mm": 60.0}}, {"type": "Feature", "geometry": {"type": "Point", "coordinates": [78.378207, 17.467138]}, "properties": {"cell_id": 1744, "risk_score": 0.2404, "severity_band": "green", "population_exposed": 2818, "dist_to_drain_km": 0.527, "dist_to_incident_km": 3.247, "rainfall_mm": 60.0}}, {"type": "Feature", "geometry": {"type": "Point", "coordinates": [78.382707, 17.467138]}, "properties": {"cell_id": 1745, "risk_score": 0.2604, "severity_band": "yellow", "population_exposed": 2814, "dist_to_drain_km": 0.415, "dist_to_incident_km": 3.068, "rainfall_mm": 60.0}}, {"type": "Feature", "geometry": {"type": "Point", "coordinates": [78.387207, 17.467138]}, "properties": {"cell_id": 1746, "risk_score": 0.4544, "severity_band": "yellow", "population_exposed": 2774, "dist_to_drain_km": 0.014, "dist_to_incident_km": 2.956, "rainfall_mm": 60.0}}, {"type": "Feature", "geometry": {"type": "Point", "coordinates": [78.391707, 17.467138]}, "properties": {"cell_id": 1747, "risk_score": 0.3574, "severity_band": "yellow", "population_exposed": 2704, "dist_to_drain_km": 0.241, "dist_to_incident_km": 2.918, "rainfall_mm": 60.0}}, {"type": "Feature", "geometry": {"type": "Point", "coordinates": [78.396207, 17.467138]}, "properties": {"cell_id": 1748, "risk_score": 0.1961, "severity_band": "green", "population_exposed": 2617, "dist_to_drain_km": 0.714, "dist_to_incident_km": 2.958, "rainfall_mm": 60.0}}, {"type": "Feature", "geometry": {"type": "Point", "coordinates": [78.400707, 17.467138]}, "properties": {"cell_id": 1749, "risk_score": 0.3193, "severity_band": "red", "population_exposed": 2522, "dist_to_drain_km": 0.377, "dist_to_incident_km": 3.073, "rainfall_mm": 60.0}}, {"type": "Feature", "geometry": {"type": "Point", "coordinates": [78.405207, 17.467138]}, "properties": {"cell_id": 1750, "risk_score": 0.3869, "severity_band": "red", "population_exposed": 2425, "dist_to_drain_km": 0.155, "dist_to_incident_km": 3.254, "rainfall_mm": 60.0}}, {"type": "Feature", "geometry": {"type": "Point", "coordinates": [78.409707, 17.467138]}, "properties": {"cell_id": 1751, "risk_score": 0.3537, "severity_band": "red", "population_exposed": 2332, "dist_to_drain_km": 0.268, "dist_to_incident_km": 3.492, "rainfall_mm": 60.0}}, {"type": "Feature", "geometry": {"type": "Point", "coordinates": [78.414207, 17.467138]}, "properties": {"cell_id": 1752, "risk_score": 0.4091, "severity_band": "red", "population_exposed": 2246, "dist_to_drain_km": 0.093, "dist_to_incident_km": 3.775, "rainfall_mm": 60.0}}, {"type": "Feature", "geometry": {"type": "Point", "coordinates": [78.418707, 17.467138]}, "properties": {"cell_id": 1753, "risk_score": 0.3537, "severity_band": "red", "population_exposed": 2168, "dist_to_drain_km": 0.266, "dist_to_incident_km": 4.134, "rainfall_mm": 60.0}}, {"type": "Feature", "geometry": {"type": "Point", "coordinates": [78.423207, 17.467138]}, "properties": {"cell_id": 1754, "risk_score": 0.2075, "severity_band": "green", "population_exposed": 2099, "dist_to_drain_km": 0.62, "dist_to_incident_km": 4.263, "rainfall_mm": 60.0}}, {"type": "Feature", "geometry": {"type": "Point", "coordinates": [78.427707, 17.467138]}, "properties": {"cell_id": 1755, "risk_score": 0.2596, "severity_band": "green", "population_exposed": 2039, "dist_to_drain_km": 0.414, "dist_to_incident_km": 4.439, "rainfall_mm": 60.0}}, {"type": "Feature", "geometry": {"type": "Point", "coordinates": [78.432207, 17.467138]}, "properties": {"cell_id": 1756, "risk_score": 0.3726, "severity_band": "red", "population_exposed": 1988, "dist_to_drain_km": 0.183, "dist_to_incident_km": 4.013, "rainfall_mm": 60.0}}, {"type": "Feature", "geometry": {"type": "Point", "coordinates": [78.436707, 17.467138]}, "properties": {"cell_id": 1757, "risk_score": 0.4356, "severity_band": "red", "population_exposed": 1946, "dist_to_drain_km": 0.068, "dist_to_incident_km": 3.635, "rainfall_mm": 60.0}}, {"type": "Feature", "geometry": {"type": "Point", "coordinates": [78.441207, 17.467138]}, "properties": {"cell_id": 1758, "risk_score": 0.4302, "severity_band": "red", "population_exposed": 1910, "dist_to_drain_km": 0.073, "dist_to_incident_km": 3.282, "rainfall_mm": 60.0}}, {"type": "Feature", "geometry": {"type": "Point", "coordinates": [78.445707, 17.467138]}, "properties": {"cell_id": 1759, "risk_score": 0.3202, "severity_band": "red", "population_exposed": 1880, "dist_to_drain_km": 0.373, "dist_to_incident_km": 2.965, "rainfall_mm": 60.0}}, {"type": "Feature", "geometry": {"type": "Point", "coordinates": [78.450207, 17.467138]}, "properties": {"cell_id": 1760, "risk_score": 0.3377, "severity_band": "red", "population_exposed": 1856, "dist_to_drain_km": 0.3, "dist_to_incident_km": 2.696, "rainfall_mm": 60.0}}, {"type": "Feature", "geometry": {"type": "Point", "coordinates": [78.454707, 17.467138]}, "properties": {"cell_id": 1761, "risk_score": 0.3467, "severity_band": "red", "population_exposed": 1834, "dist_to_drain_km": 0.301, "dist_to_incident_km": 2.49, "rainfall_mm": 60.0}}, {"type": "Feature", "geometry": {"type": "Point", "coordinates": [78.459207, 17.467138]}, "properties": {"cell_id": 1762, "risk_score": 0.4758, "severity_band": "red", "population_exposed": 1816, "dist_to_drain_km": 0.044, "dist_to_incident_km": 2.364, "rainfall_mm": 60.0}}, {"type": "Feature", "geometry": {"type": "Point", "coordinates": [78.535707, 17.467138]}, "properties": {"cell_id": 1763, "risk_score": 0.2424, "severity_band": "green", "population_exposed": 1287, "dist_to_drain_km": 0.725, "dist_to_incident_km": 1.779, "rainfall_mm": 60.0}}, {"type": "Feature", "geometry": {"type": "Point", "coordinates": [78.540207, 17.467138]}, "properties": {"cell_id": 1764, "risk_score": 0.2172, "severity_band": "green", "population_exposed": 1240, "dist_to_drain_km": 0.986, "dist_to_incident_km": 1.809, "rainfall_mm": 60.0}}, {"type": "Feature", "geometry": {"type": "Point", "coordinates": [78.544707, 17.467138]}, "properties": {"cell_id": 1765, "risk_score": 0.2696, "severity_band": "green", "population_exposed": 1194, "dist_to_drain_km": 0.557, "dist_to_incident_km": 1.959, "rainfall_mm": 60.0}}, {"type": "Feature", "geometry": {"type": "Point", "coordinates": [78.549207, 17.467138]}, "properties": {"cell_id": 1766, "risk_score": 0.3404, "severity_band": "red", "population_exposed": 1147, "dist_to_drain_km": 0.308, "dist_to_incident_km": 2.203, "rainfall_mm": 60.0}}, {"type": "Feature", "geometry": {"type": "Point", "coordinates": [78.553707, 17.467138]}, "properties": {"cell_id": 1767, "risk_score": 0.293, "severity_band": "green", "population_exposed": 1102, "dist_to_drain_km": 0.398, "dist_to_incident_km": 2.516, "rainfall_mm": 60.0}}, {"type": "Feature", "geometry": {"type": "Point", "coordinates": [78.558207, 17.467138]}, "properties": {"cell_id": 1768, "risk_score": 0.3368, "severity_band": "red", "population_exposed": 1058, "dist_to_drain_km": 0.299, "dist_to_incident_km": 2.874, "rainfall_mm": 60.0}}, {"type": "Feature", "geometry": {"type": "Point", "coordinates": [78.562707, 17.467138]}, "properties": {"cell_id": 1769, "risk_score": 0.4534, "severity_band": "red", "population_exposed": 1015, "dist_to_drain_km": 0.014, "dist_to_incident_km": 3.262, "rainfall_mm": 60.0}}, {"type": "Feature", "geometry": {"type": "Point", "coordinates": [78.567207, 17.467138]}, "properties": {"cell_id": 1770, "risk_score": 0.2568, "severity_band": "green", "population_exposed": 974, "dist_to_drain_km": 0.48, "dist_to_incident_km": 3.672, "rainfall_mm": 60.0}}, {"type": "Feature", "geometry": {"type": "Point", "coordinates": [78.571707, 17.467138]}, "properties": {"cell_id": 1771, "risk_score": 0.2564, "severity_band": "green", "population_exposed": 934, "dist_to_drain_km": 0.468, "dist_to_incident_km": 4.097, "rainfall_mm": 60.0}}, {"type": "Feature", "geometry": {"type": "Point", "coordinates": [78.576207, 17.467138]}, "properties": {"cell_id": 1772, "risk_score": 0.2075, "severity_band": "green", "population_exposed": 896, "dist_to_drain_km": 0.628, "dist_to_incident_km": 4.531, "rainfall_mm": 60.0}}, {"type": "Feature", "geometry": {"type": "Point", "coordinates": [78.580707, 17.467138]}, "properties": {"cell_id": 1773, "risk_score": 0.1614, "severity_band": "green", "population_exposed": 861, "dist_to_drain_km": 0.875, "dist_to_incident_km": 4.974, "rainfall_mm": 60.0}}, {"type": "Feature", "geometry": {"type": "Point", "coordinates": [78.585207, 17.467138]}, "properties": {"cell_id": 1774, "risk_score": 0.1358, "severity_band": "green", "population_exposed": 826, "dist_to_drain_km": 1.2, "dist_to_incident_km": 5.423, "rainfall_mm": 60.0}}, {"type": "Feature", "geometry": {"type": "Point", "coordinates": [78.589707, 17.467138]}, "properties": {"cell_id": 1775, "risk_score": 0.1273, "severity_band": "green", "population_exposed": 794, "dist_to_drain_km": 1.602, "dist_to_incident_km": 5.876, "rainfall_mm": 60.0}}, {"type": "Feature", "geometry": {"type": "Point", "coordinates": [78.594207, 17.467138]}, "properties": {"cell_id": 1776, "risk_score": 0.1273, "severity_band": "green", "population_exposed": 764, "dist_to_drain_km": 1.769, "dist_to_incident_km": 6.333, "rainfall_mm": 60.0}}, {"type": "Feature", "geometry": {"type": "Point", "coordinates": [78.598707, 17.467138]}, "properties": {"cell_id": 1777, "risk_score": 0.1273, "severity_band": "green", "population_exposed": 735, "dist_to_drain_km": 1.562, "dist_to_incident_km": 6.792, "rainfall_mm": 60.0}}, {"type": "Feature", "geometry": {"type": "Point", "coordinates": [78.603207, 17.467138]}, "properties": {"cell_id": 1778, "risk_score": 0.1434, "severity_band": "green", "population_exposed": 708, "dist_to_drain_km": 1.176, "dist_to_incident_km": 7.254, "rainfall_mm": 60.0}}, {"type": "Feature", "geometry": {"type": "Point", "coordinates": [78.607707, 17.467138]}, "properties": {"cell_id": 1779, "risk_score": 0.1682, "severity_band": "green", "population_exposed": 683, "dist_to_drain_km": 0.821, "dist_to_incident_km": 7.718, "rainfall_mm": 60.0}}, {"type": "Feature", "geometry": {"type": "Point", "coordinates": [78.612207, 17.467138]}, "properties": {"cell_id": 1780, "risk_score": 0.2304, "severity_band": "green", "population_exposed": 660, "dist_to_drain_km": 0.549, "dist_to_incident_km": 8.183, "rainfall_mm": 60.0}}, {"type": "Feature", "geometry": {"type": "Point", "coordinates": [78.297207, 17.471638]}, "properties": {"cell_id": 1781, "risk_score": 0.4058, "severity_band": "red", "population_exposed": 873, "dist_to_drain_km": 0.114, "dist_to_incident_km": 6.591, "rainfall_mm": 60.0}}, {"type": "Feature", "geometry": {"type": "Point", "coordinates": [78.301707, 17.471638]}, "properties": {"cell_id": 1782, "risk_score": 0.2313, "severity_band": "green", "population_exposed": 930, "dist_to_drain_km": 0.545, "dist_to_incident_km": 6.174, "rainfall_mm": 60.0}}, {"type": "Feature", "geometry": {"type": "Point", "coordinates": [78.306207, 17.471638]}, "properties": {"cell_id": 1783, "risk_score": 0.1605, "severity_band": "green", "population_exposed": 992, "dist_to_drain_km": 1.014, "dist_to_incident_km": 5.767, "rainfall_mm": 60.0}}, {"type": "Feature", "geometry": {"type": "Point", "coordinates": [78.310707, 17.471638]}, "properties": {"cell_id": 1784, "risk_score": 0.1614, "severity_band": "green", "population_exposed": 1061, "dist_to_drain_km": 0.945, "dist_to_incident_km": 5.372, "rainfall_mm": 60.0}}, {"type": "Feature", "geometry": {"type": "Point", "coordinates": [78.315207, 17.471638]}, "properties": {"cell_id": 1785, "risk_score": 0.1665, "severity_band": "green", "population_exposed": 1137, "dist_to_drain_km": 0.827, "dist_to_incident_km": 4.991, "rainfall_mm": 60.0}}, {"type": "Feature", "geometry": {"type": "Point", "coordinates": [78.319707, 17.471638]}, "properties": {"cell_id": 1786, "risk_score": 0.1682, "severity_band": "green", "population_exposed": 1220, "dist_to_drain_km": 0.82, "dist_to_incident_km": 4.627, "rainfall_mm": 60.0}}, {"type": "Feature", "geometry": {"type": "Point", "coordinates": [78.324207, 17.471638]}, "properties": {"cell_id": 1787, "risk_score": 0.2027, "severity_band": "green", "population_exposed": 1311, "dist_to_drain_km": 0.673, "dist_to_incident_km": 4.286, "rainfall_mm": 60.0}}, {"type": "Feature", "geometry": {"type": "Point", "coordinates": [78.328707, 17.471638]}, "properties": {"cell_id": 1788, "risk_score": 0.2564, "severity_band": "green", "population_exposed": 1410, "dist_to_drain_km": 0.431, "dist_to_incident_km": 3.974, "rainfall_mm": 60.0}}, {"type": "Feature", "geometry": {"type": "Point", "coordinates": [78.333207, 17.471638]}, "properties": {"cell_id": 1789, "risk_score": 0.3249, "severity_band": "red", "population_exposed": 1516, "dist_to_drain_km": 0.321, "dist_to_incident_km": 3.696, "rainfall_mm": 60.0}}, {"type": "Feature", "geometry": {"type": "Point", "coordinates": [78.337707, 17.471638]}, "properties": {"cell_id": 1790, "risk_score": 0.2034, "severity_band": "green", "population_exposed": 1630, "dist_to_drain_km": 0.665, "dist_to_incident_km": 3.463, "rainfall_mm": 60.0}}, {"type": "Feature", "geometry": {"type": "Point", "coordinates": [78.342207, 17.471638]}, "properties": {"cell_id": 1791, "risk_score": 0.2308, "severity_band": "green", "population_exposed": 1751, "dist_to_drain_km": 0.555, "dist_to_incident_km": 3.283, "rainfall_mm": 60.0}}, {"type": "Feature", "geometry": {"type": "Point", "coordinates": [78.346707, 17.471638]}, "properties": {"cell_id": 1792, "risk_score": 0.3194, "severity_band": "red", "population_exposed": 1876, "dist_to_drain_km": 0.363, "dist_to_incident_km": 3.136, "rainfall_mm": 60.0}}, {"type": "Feature", "geometry": {"type": "Point", "coordinates": [78.351207, 17.471638]}, "properties": {"cell_id": 1793, "risk_score": 0.2079, "severity_band": "green", "population_exposed": 2005, "dist_to_drain_km": 0.612, "dist_to_incident_km": 3.007, "rainfall_mm": 60.0}}, {"type": "Feature", "geometry": {"type": "Point", "coordinates": [78.355707, 17.471638]}, "properties": {"cell_id": 1794, "risk_score": 0.1605, "severity_band": "green", "population_exposed": 2132, "dist_to_drain_km": 1.031, "dist_to_incident_km": 2.951, "rainfall_mm": 60.0}}, {"type": "Feature", "geometry": {"type": "Point", "coordinates": [78.360207, 17.471638]}, "properties": {"cell_id": 1795, "risk_score": 0.1924, "severity_band": "green", "population_exposed": 2254, "dist_to_drain_km": 0.794, "dist_to_incident_km": 2.972, "rainfall_mm": 60.0}}, {"type": "Feature", "geometry": {"type": "Point", "coordinates": [78.364707, 17.471638]}, "properties": {"cell_id": 1796, "risk_score": 0.2079, "severity_band": "green", "population_exposed": 2363, "dist_to_drain_km": 0.613, "dist_to_incident_km": 3.067, "rainfall_mm": 60.0}}, {"type": "Feature", "geometry": {"type": "Point", "coordinates": [78.369207, 17.471638]}, "properties": {"cell_id": 1797, "risk_score": 0.3869, "severity_band": "red", "population_exposed": 2454, "dist_to_drain_km": 0.157, "dist_to_incident_km": 3.231, "rainfall_mm": 60.0}}, {"type": "Feature", "geometry": {"type": "Point", "coordinates": [78.373707, 17.471638]}, "properties": {"cell_id": 1798, "risk_score": 0.44, "severity_band": "red", "population_exposed": 2518, "dist_to_drain_km": 0.059, "dist_to_incident_km": 3.454, "rainfall_mm": 60.0}}, {"type": "Feature", "geometry": {"type": "Point", "coordinates": [78.378207, 17.471638]}, "properties": {"cell_id": 1799, "risk_score": 0.239, "severity_band": "green", "population_exposed": 2552, "dist_to_drain_km": 0.535, "dist_to_incident_km": 3.703, "rainfall_mm": 60.0}}, {"type": "Feature", "geometry": {"type": "Point", "coordinates": [78.382707, 17.471638]}, "properties": {"cell_id": 1800, "risk_score": 0.2356, "severity_band": "green", "population_exposed": 2554, "dist_to_drain_km": 0.541, "dist_to_incident_km": 3.547, "rainfall_mm": 60.0}}, {"type": "Feature", "geometry": {"type": "Point", "coordinates": [78.387207, 17.471638]}, "properties": {"cell_id": 1801, "risk_score": 0.3537, "severity_band": "red", "population_exposed": 2528, "dist_to_drain_km": 0.268, "dist_to_incident_km": 3.451, "rainfall_mm": 60.0}}, {"type": "Feature", "geometry": {"type": "Point", "coordinates": [78.391707, 17.471638]}, "properties": {"cell_id": 1802, "risk_score": 0.2568, "severity_band": "green", "population_exposed": 2479, "dist_to_drain_km": 0.434, "dist_to_incident_km": 3.419, "rainfall_mm": 60.0}}, {"type": "Feature", "geometry": {"type": "Point", "coordinates": [78.396207, 17.471638]}, "properties": {"cell_id": 1803, "risk_score": 0.1761, "severity_band": "green", "population_exposed": 2414, "dist_to_drain_km": 0.812, "dist_to_incident_km": 3.453, "rainfall_mm": 60.0}}, {"type": "Feature", "geometry": {"type": "Point", "coordinates": [78.400707, 17.471638]}, "properties": {"cell_id": 1804, "risk_score": 0.1924, "severity_band": "green", "population_exposed": 2339, "dist_to_drain_km": 0.778, "dist_to_incident_km": 3.552, "rainfall_mm": 60.0}}, {"type": "Feature", "geometry": {"type": "Point", "coordinates": [78.405207, 17.471638]}, "properties": {"cell_id": 1805, "risk_score": 0.2034, "severity_band": "green", "population_exposed": 2261, "dist_to_drain_km": 0.655, "dist_to_incident_km": 3.71, "rainfall_mm": 60.0}}, {"type": "Feature", "geometry": {"type": "Point", "coordinates": [78.409707, 17.471638]}, "properties": {"cell_id": 1806, "risk_score": 0.2317, "severity_band": "green", "population_exposed": 2184, "dist_to_drain_km": 0.545, "dist_to_incident_km": 3.92, "rainfall_mm": 60.0}}, {"type": "Feature", "geometry": {"type": "Point", "coordinates": [78.414207, 17.471638]}, "properties": {"cell_id": 1807, "risk_score": 0.2564, "severity_band": "green", "population_exposed": 2110, "dist_to_drain_km": 0.446, "dist_to_incident_km": 4.174, "rainfall_mm": 60.0}}, {"type": "Feature", "geometry": {"type": "Point", "coordinates": [78.418707, 17.471638]}, "properties": {"cell_id": 1808, "risk_score": 0.2304, "severity_band": "green", "population_exposed": 2042, "dist_to_drain_km": 0.548, "dist_to_incident_km": 4.465, "rainfall_mm": 60.0}}, {"type": "Feature", "geometry": {"type": "Point", "coordinates": [78.423207, 17.471638]}, "properties": {"cell_id": 1809, "risk_score": 0.319, "severity_band": "red", "population_exposed": 1981, "dist_to_drain_km": 0.344, "dist_to_incident_km": 4.739, "rainfall_mm": 60.0}}, {"type": "Feature", "geometry": {"type": "Point", "coordinates": [78.427707, 17.471638]}, "properties": {"cell_id": 1810, "risk_score": 0.4424, "severity_band": "red", "population_exposed": 1926, "dist_to_drain_km": 0.049, "dist_to_incident_km": 4.694, "rainfall_mm": 60.0}}, {"type": "Feature", "geometry": {"type": "Point", "coordinates": [78.432207, 17.471638]}, "properties": {"cell_id": 1811, "risk_score": 0.3649, "severity_band": "red", "population_exposed": 1879, "dist_to_drain_km": 0.207, "dist_to_incident_km": 4.322, "rainfall_mm": 60.0}}, {"type": "Feature", "geometry": {"type": "Point", "coordinates": [78.436707, 17.471638]}, "properties": {"cell_id": 1812, "risk_score": 0.3184, "severity_band": "red", "population_exposed": 1838, "dist_to_drain_km": 0.388, "dist_to_incident_km": 3.974, "rainfall_mm": 60.0}}, {"type": "Feature", "geometry": {"type": "Point", "coordinates": [78.441207, 17.471638]}, "properties": {"cell_id": 1813, "risk_score": 0.2568, "severity_band": "green", "population_exposed": 1804, "dist_to_drain_km": 0.488, "dist_to_incident_km": 3.655, "rainfall_mm": 60.0}}, {"type": "Feature", "geometry": {"type": "Point", "coordinates": [78.445707, 17.471638]}, "properties": {"cell_id": 1814, "risk_score": 0.1943, "severity_band": "green", "population_exposed": 1774, "dist_to_drain_km": 0.764, "dist_to_incident_km": 3.373, "rainfall_mm": 60.0}}, {"type": "Feature", "geometry": {"type": "Point", "coordinates": [78.450207, 17.471638]}, "properties": {"cell_id": 1815, "risk_score": 0.1882, "severity_band": "green", "population_exposed": 1748, "dist_to_drain_km": 0.799, "dist_to_incident_km": 3.138, "rainfall_mm": 60.0}}, {"type": "Feature", "geometry": {"type": "Point", "coordinates": [78.454707, 17.471638]}, "properties": {"cell_id": 1816, "risk_score": 0.2728, "severity_band": "green", "population_exposed": 1726, "dist_to_drain_km": 0.398, "dist_to_incident_km": 2.963, "rainfall_mm": 60.0}}, {"type": "Feature", "geometry": {"type": "Point", "coordinates": [78.459207, 17.471638]}, "properties": {"cell_id": 1817, "risk_score": 0.4294, "severity_band": "red", "population_exposed": 1706, "dist_to_drain_km": 0.087, "dist_to_incident_km": 2.738, "rainfall_mm": 60.0}}, {"type": "Feature", "geometry": {"type": "Point", "coordinates": [78.486207, 17.471638]}, "properties": {"cell_id": 1818, "risk_score": 0.471, "severity_band": "red", "population_exposed": 1594, "dist_to_drain_km": 0.229, "dist_to_incident_km": 0.894, "rainfall_mm": 60.0}}, {"type": "Feature", "geometry": {"type": "Point", "coordinates": [78.490707, 17.471638]}, "properties": {"cell_id": 1819, "risk_score": 0.5563, "severity_band": "red", "population_exposed": 1571, "dist_to_drain_km": 0.024, "dist_to_incident_km": 1.13, "rainfall_mm": 60.0}}, {"type": "Feature", "geometry": {"type": "Point", "coordinates": [78.531207, 17.471638]}, "properties": {"cell_id": 1820, "risk_score": 0.4143, "severity_band": "red", "population_exposed": 1256, "dist_to_drain_km": 0.151, "dist_to_incident_km": 2.354, "rainfall_mm": 60.0}}, {"type": "Feature", "geometry": {"type": "Point", "coordinates": [78.535707, 17.471638]}, "properties": {"cell_id": 1821, "risk_score": 0.3476, "severity_band": "red", "population_exposed": 1214, "dist_to_drain_km": 0.298, "dist_to_incident_km": 2.279, "rainfall_mm": 60.0}}, {"type": "Feature", "geometry": {"type": "Point", "coordinates": [78.540207, 17.471638]}, "properties": {"cell_id": 1822, "risk_score": 0.2428, "severity_band": "green", "population_exposed": 1172, "dist_to_drain_km": 0.639, "dist_to_incident_km": 2.302, "rainfall_mm": 60.0}}, {"type": "Feature", "geometry": {"type": "Point", "coordinates": [78.544707, 17.471638]}, "properties": {"cell_id": 1823, "risk_score": 0.1938, "severity_band": "green", "population_exposed": 1130, "dist_to_drain_km": 0.943, "dist_to_incident_km": 2.421, "rainfall_mm": 60.0}}, {"type": "Feature", "geometry": {"type": "Point", "coordinates": [78.549207, 17.471638]}, "properties": {"cell_id": 1824, "risk_score": 0.1958, "severity_band": "green", "population_exposed": 1089, "dist_to_drain_km": 0.807, "dist_to_incident_km": 2.623, "rainfall_mm": 60.0}}, {"type": "Feature", "geometry": {"type": "Point", "coordinates": [78.553707, 17.471638]}, "properties": {"cell_id": 1825, "risk_score": 0.1623, "severity_band": "green", "population_exposed": 1048, "dist_to_drain_km": 0.897, "dist_to_incident_km": 2.89, "rainfall_mm": 60.0}}, {"type": "Feature", "geometry": {"type": "Point", "coordinates": [78.558207, 17.471638]}, "properties": {"cell_id": 1826, "risk_score": 0.2394, "severity_band": "green", "population_exposed": 1008, "dist_to_drain_km": 0.531, "dist_to_incident_km": 3.207, "rainfall_mm": 60.0}}, {"type": "Feature", "geometry": {"type": "Point", "coordinates": [78.562707, 17.471638]}, "properties": {"cell_id": 1827, "risk_score": 0.318, "severity_band": "red", "population_exposed": 970, "dist_to_drain_km": 0.392, "dist_to_incident_km": 3.56, "rainfall_mm": 60.0}}, {"type": "Feature", "geometry": {"type": "Point", "coordinates": [78.567207, 17.471638]}, "properties": {"cell_id": 1828, "risk_score": 0.2568, "severity_band": "green", "population_exposed": 932, "dist_to_drain_km": 0.434, "dist_to_incident_km": 3.938, "rainfall_mm": 60.0}}, {"type": "Feature", "geometry": {"type": "Point", "coordinates": [78.571707, 17.471638]}, "properties": {"cell_id": 1829, "risk_score": 0.4475, "severity_band": "red", "population_exposed": 896, "dist_to_drain_km": 0.011, "dist_to_incident_km": 4.337, "rainfall_mm": 60.0}}, {"type": "Feature", "geometry": {"type": "Point", "coordinates": [78.576207, 17.471638]}, "properties": {"cell_id": 1830, "risk_score": 0.3644, "severity_band": "red", "population_exposed": 862, "dist_to_drain_km": 0.209, "dist_to_incident_km": 4.75, "rainfall_mm": 60.0}}, {"type": "Feature", "geometry": {"type": "Point", "coordinates": [78.580707, 17.471638]}, "properties": {"cell_id": 1831, "risk_score": 0.2405, "severity_band": "green", "population_exposed": 829, "dist_to_drain_km": 0.524, "dist_to_incident_km": 5.174, "rainfall_mm": 60.0}}, {"type": "Feature", "geometry": {"type": "Point", "coordinates": [78.585207, 17.471638]}, "properties": {"cell_id": 1832, "risk_score": 0.1605, "severity_band": "green", "population_exposed": 798, "dist_to_drain_km": 0.971, "dist_to_incident_km": 5.606, "rainfall_mm": 60.0}}, {"type": "Feature", "geometry": {"type": "Point", "coordinates": [78.589707, 17.471638]}, "properties": {"cell_id": 1833, "risk_score": 0.1273, "severity_band": "green", "population_exposed": 768, "dist_to_drain_km": 1.389, "dist_to_incident_km": 6.046, "rainfall_mm": 60.0}}, {"type": "Feature", "geometry": {"type": "Point", "coordinates": [78.594207, 17.471638]}, "properties": {"cell_id": 1834, "risk_score": 0.1273, "severity_band": "green", "population_exposed": 740, "dist_to_drain_km": 1.329, "dist_to_incident_km": 6.49, "rainfall_mm": 60.0}}, {"type": "Feature", "geometry": {"type": "Point", "coordinates": [78.598707, 17.471638]}, "properties": {"cell_id": 1835, "risk_score": 0.1593, "severity_band": "green", "population_exposed": 714, "dist_to_drain_km": 1.097, "dist_to_incident_km": 6.94, "rainfall_mm": 60.0}}, {"type": "Feature", "geometry": {"type": "Point", "coordinates": [78.603207, 17.471638]}, "properties": {"cell_id": 1836, "risk_score": 0.1614, "severity_band": "green", "population_exposed": 689, "dist_to_drain_km": 0.93, "dist_to_incident_km": 7.392, "rainfall_mm": 60.0}}, {"type": "Feature", "geometry": {"type": "Point", "coordinates": [78.607707, 17.471638]}, "properties": {"cell_id": 1837, "risk_score": 0.2549, "severity_band": "green", "population_exposed": 666, "dist_to_drain_km": 0.517, "dist_to_incident_km": 7.848, "rainfall_mm": 60.0}}, {"type": "Feature", "geometry": {"type": "Point", "coordinates": [78.612207, 17.471638]}, "properties": {"cell_id": 1838, "risk_score": 0.3869, "severity_band": "red", "population_exposed": 644, "dist_to_drain_km": 0.147, "dist_to_incident_km": 8.306, "rainfall_mm": 60.0}}, {"type": "Feature", "geometry": {"type": "Point", "coordinates": [78.616707, 17.471638]}, "properties": {"cell_id": 1839, "risk_score": 0.3869, "severity_band": "red", "population_exposed": 624, "dist_to_drain_km": 0.15, "dist_to_incident_km": 8.766, "rainfall_mm": 60.0}}, {"type": "Feature", "geometry": {"type": "Point", "coordinates": [78.297207, 17.476138]}, "properties": {"cell_id": 1840, "risk_score": 0.2125, "severity_band": "green", "population_exposed": 851, "dist_to_drain_km": 0.601, "dist_to_incident_km": 6.774, "rainfall_mm": 60.0}}, {"type": "Feature", "geometry": {"type": "Point", "coordinates": [78.301707, 17.476138]}, "properties": {"cell_id": 1841, "risk_score": 0.1913, "severity_band": "green", "population_exposed": 904, "dist_to_drain_km": 0.778, "dist_to_incident_km": 6.332, "rainfall_mm": 60.0}}, {"type": "Feature", "geometry": {"type": "Point", "coordinates": [78.306207, 17.476138]}, "properties": {"cell_id": 1842, "risk_score": 0.1605, "severity_band": "green", "population_exposed": 962, "dist_to_drain_km": 0.971, "dist_to_incident_km": 5.894, "rainfall_mm": 60.0}}, {"type": "Feature", "geometry": {"type": "Point", "coordinates": [78.310707, 17.476138]}, "properties": {"cell_id": 1843, "risk_score": 0.23, "severity_band": "green", "population_exposed": 1026, "dist_to_drain_km": 0.556, "dist_to_incident_km": 5.464, "rainfall_mm": 60.0}}, {"type": "Feature", "geometry": {"type": "Point", "coordinates": [78.315207, 17.476138]}, "properties": {"cell_id": 1844, "risk_score": 0.3194, "severity_band": "red", "population_exposed": 1096, "dist_to_drain_km": 0.327, "dist_to_incident_km": 5.042, "rainfall_mm": 60.0}}, {"type": "Feature", "geometry": {"type": "Point", "coordinates": [78.319707, 17.476138]}, "properties": {"cell_id": 1845, "risk_score": 0.2143, "severity_band": "green", "population_exposed": 1172, "dist_to_drain_km": 0.595, "dist_to_incident_km": 4.631, "rainfall_mm": 60.0}}, {"type": "Feature", "geometry": {"type": "Point", "coordinates": [78.324207, 17.476138]}, "properties": {"cell_id": 1846, "risk_score": 0.3193, "severity_band": "red", "population_exposed": 1254, "dist_to_drain_km": 0.367, "dist_to_incident_km": 4.233, "rainfall_mm": 60.0}}, {"type": "Feature", "geometry": {"type": "Point", "coordinates": [78.328707, 17.476138]}, "properties": {"cell_id": 1847, "risk_score": 0.4495, "severity_band": "red", "population_exposed": 1343, "dist_to_drain_km": 0.024, "dist_to_incident_km": 3.854, "rainfall_mm": 60.0}}, {"type": "Feature", "geometry": {"type": "Point", "coordinates": [78.333207, 17.476138]}, "properties": {"cell_id": 1848, "risk_score": 0.4499, "severity_band": "red", "population_exposed": 1438, "dist_to_drain_km": 0.01, "dist_to_incident_km": 3.498, "rainfall_mm": 60.0}}, {"type": "Feature", "geometry": {"type": "Point", "coordinates": [78.337707, 17.476138]}, "properties": {"cell_id": 1849, "risk_score": 0.2572, "severity_band": "green", "population_exposed": 1540, "dist_to_drain_km": 0.483, "dist_to_incident_km": 3.175, "rainfall_mm": 60.0}}, {"type": "Feature", "geometry": {"type": "Point", "coordinates": [78.342207, 17.476138]}, "properties": {"cell_id": 1850, "risk_score": 0.1618, "severity_band": "green", "population_exposed": 1645, "dist_to_drain_km": 0.96, "dist_to_incident_km": 2.895, "rainfall_mm": 60.0}}, {"type": "Feature", "geometry": {"type": "Point", "coordinates": [78.346707, 17.476138]}, "properties": {"cell_id": 1851, "risk_score": 0.1676, "severity_band": "green", "population_exposed": 1754, "dist_to_drain_km": 0.862, "dist_to_incident_km": 2.671, "rainfall_mm": 60.0}}, {"type": "Feature", "geometry": {"type": "Point", "coordinates": [78.351207, 17.476138]}, "properties": {"cell_id": 1852, "risk_score": 0.1925, "severity_band": "green", "population_exposed": 1863, "dist_to_drain_km": 0.91, "dist_to_incident_km": 2.519, "rainfall_mm": 60.0}}, {"type": "Feature", "geometry": {"type": "Point", "coordinates": [78.355707, 17.476138]}, "properties": {"cell_id": 1853, "risk_score": 0.2015, "severity_band": "green", "population_exposed": 1970, "dist_to_drain_km": 0.828, "dist_to_incident_km": 2.451, "rainfall_mm": 60.0}}, {"type": "Feature", "geometry": {"type": "Point", "coordinates": [78.360207, 17.476138]}, "properties": {"cell_id": 1854, "risk_score": 0.1909, "severity_band": "green", "population_exposed": 2070, "dist_to_drain_km": 0.97, "dist_to_incident_km": 2.476, "rainfall_mm": 60.0}}, {"type": "Feature", "geometry": {"type": "Point", "coordinates": [78.364707, 17.476138]}, "properties": {"cell_id": 1855, "risk_score": 0.2221, "severity_band": "green", "population_exposed": 2159, "dist_to_drain_km": 0.713, "dist_to_incident_km": 2.59, "rainfall_mm": 60.0}}, {"type": "Feature", "geometry": {"type": "Point", "coordinates": [78.369207, 17.476138]}, "properties": {"cell_id": 1856, "risk_score": 0.2576, "severity_band": "green", "population_exposed": 2232, "dist_to_drain_km": 0.517, "dist_to_incident_km": 2.782, "rainfall_mm": 60.0}}, {"type": "Feature", "geometry": {"type": "Point", "coordinates": [78.373707, 17.476138]}, "properties": {"cell_id": 1857, "risk_score": 0.2572, "severity_band": "green", "population_exposed": 2285, "dist_to_drain_km": 0.47, "dist_to_incident_km": 3.037, "rainfall_mm": 60.0}}, {"type": "Feature", "geometry": {"type": "Point", "coordinates": [78.378207, 17.476138]}, "properties": {"cell_id": 1858, "risk_score": 0.1961, "severity_band": "green", "population_exposed": 2315, "dist_to_drain_km": 0.719, "dist_to_incident_km": 3.342, "rainfall_mm": 60.0}}, {"type": "Feature", "geometry": {"type": "Point", "coordinates": [78.382707, 17.476138]}, "properties": {"cell_id": 1859, "risk_score": 0.1614, "severity_band": "green", "population_exposed": 2320, "dist_to_drain_km": 0.868, "dist_to_incident_km": 3.683, "rainfall_mm": 60.0}}, {"type": "Feature", "geometry": {"type": "Point", "coordinates": [78.387207, 17.476138]}, "properties": {"cell_id": 1860, "risk_score": 0.2606, "severity_band": "green", "population_exposed": 2304, "dist_to_drain_km": 0.412, "dist_to_incident_km": 3.947, "rainfall_mm": 60.0}}, {"type": "Feature", "geometry": {"type": "Point", "coordinates": [78.391707, 17.476138]}, "properties": {"cell_id": 1861, "risk_score": 0.3913, "severity_band": "red", "population_exposed": 2270, "dist_to_drain_km": 0.138, "dist_to_incident_km": 3.919, "rainfall_mm": 60.0}}, {"type": "Feature", "geometry": {"type": "Point", "coordinates": [78.396207, 17.476138]}, "properties": {"cell_id": 1862, "risk_score": 0.2419, "severity_band": "green", "population_exposed": 2221, "dist_to_drain_km": 0.521, "dist_to_incident_km": 3.949, "rainfall_mm": 60.0}}, {"type": "Feature", "geometry": {"type": "Point", "coordinates": [78.400707, 17.476138]}, "properties": {"cell_id": 1863, "risk_score": 0.1614, "severity_band": "green", "population_exposed": 2163, "dist_to_drain_km": 0.957, "dist_to_incident_km": 4.036, "rainfall_mm": 60.0}}, {"type": "Feature", "geometry": {"type": "Point", "coordinates": [78.405207, 17.476138]}, "properties": {"cell_id": 1864, "risk_score": 0.2409, "severity_band": "green", "population_exposed": 2101, "dist_to_drain_km": 0.521, "dist_to_incident_km": 4.175, "rainfall_mm": 60.0}}, {"type": "Feature", "geometry": {"type": "Point", "coordinates": [78.409707, 17.476138]}, "properties": {"cell_id": 1865, "risk_score": 0.3564, "severity_band": "red", "population_exposed": 2038, "dist_to_drain_km": 0.246, "dist_to_incident_km": 4.363, "rainfall_mm": 60.0}}, {"type": "Feature", "geometry": {"type": "Point", "coordinates": [78.414207, 17.476138]}, "properties": {"cell_id": 1866, "risk_score": 0.4098, "severity_band": "red", "population_exposed": 1976, "dist_to_drain_km": 0.08, "dist_to_incident_km": 4.593, "rainfall_mm": 60.0}}, {"type": "Feature", "geometry": {"type": "Point", "coordinates": [78.418707, 17.476138]}, "properties": {"cell_id": 1867, "risk_score": 0.4296, "severity_band": "red", "population_exposed": 1917, "dist_to_drain_km": 0.071, "dist_to_incident_km": 4.859, "rainfall_mm": 60.0}}, {"type": "Feature", "geometry": {"type": "Point", "coordinates": [78.423207, 17.476138]}, "properties": {"cell_id": 1868, "risk_score": 0.2554, "severity_band": "green", "population_exposed": 1864, "dist_to_drain_km": 0.502, "dist_to_incident_km": 5.22, "rainfall_mm": 60.0}}, {"type": "Feature", "geometry": {"type": "Point", "coordinates": [78.427707, 17.476138]}, "properties": {"cell_id": 1869, "risk_score": 0.3711, "severity_band": "red", "population_exposed": 1815, "dist_to_drain_km": 0.183, "dist_to_incident_km": 5.011, "rainfall_mm": 60.0}}, {"type": "Feature", "geometry": {"type": "Point", "coordinates": [78.432207, 17.476138]}, "properties": {"cell_id": 1870, "risk_score": 0.2554, "severity_band": "green", "population_exposed": 1772, "dist_to_drain_km": 0.495, "dist_to_incident_km": 4.665, "rainfall_mm": 60.0}}, {"type": "Feature", "geometry": {"type": "Point", "coordinates": [78.436707, 17.476138]}, "properties": {"cell_id": 1871, "risk_score": 0.1627, "severity_band": "green", "population_exposed": 1734, "dist_to_drain_km": 0.847, "dist_to_incident_km": 4.344, "rainfall_mm": 60.0}}, {"type": "Feature", "geometry": {"type": "Point", "coordinates": [78.441207, 17.476138]}, "properties": {"cell_id": 1872, "risk_score": 0.1605, "severity_band": "green", "population_exposed": 1700, "dist_to_drain_km": 0.973, "dist_to_incident_km": 4.054, "rainfall_mm": 60.0}}, {"type": "Feature", "geometry": {"type": "Point", "coordinates": [78.445707, 17.476138]}, "properties": {"cell_id": 1873, "risk_score": 0.1593, "severity_band": "green", "population_exposed": 1671, "dist_to_drain_km": 1.093, "dist_to_incident_km": 3.802, "rainfall_mm": 60.0}}, {"type": "Feature", "geometry": {"type": "Point", "coordinates": [78.450207, 17.476138]}, "properties": {"cell_id": 1874, "risk_score": 0.2075, "severity_band": "green", "population_exposed": 1646, "dist_to_drain_km": 0.624, "dist_to_incident_km": 3.596, "rainfall_mm": 60.0}}, {"type": "Feature", "geometry": {"type": "Point", "coordinates": [78.454707, 17.476138]}, "properties": {"cell_id": 1875, "risk_score": 0.3869, "severity_band": "red", "population_exposed": 1624, "dist_to_drain_km": 0.162, "dist_to_incident_km": 3.444, "rainfall_mm": 60.0}}, {"type": "Feature", "geometry": {"type": "Point", "coordinates": [78.459207, 17.476138]}, "properties": {"cell_id": 1876, "risk_score": 0.3559, "severity_band": "red", "population_exposed": 1604, "dist_to_drain_km": 0.253, "dist_to_incident_km": 2.933, "rainfall_mm": 60.0}}, {"type": "Feature", "geometry": {"type": "Point", "coordinates": [78.477207, 17.476138]}, "properties": {"cell_id": 1877, "risk_score": 0.2431, "severity_band": "green", "population_exposed": 1531, "dist_to_drain_km": 0.733, "dist_to_incident_km": 1.521, "rainfall_mm": 60.0}}, {"type": "Feature", "geometry": {"type": "Point", "coordinates": [78.481707, 17.476138]}, "properties": {"cell_id": 1878, "risk_score": 0.2964, "severity_band": "red", "population_exposed": 1511, "dist_to_drain_km": 0.705, "dist_to_incident_km": 1.372, "rainfall_mm": 60.0}}, {"type": "Feature", "geometry": {"type": "Point", "coordinates": [78.486207, 17.476138]}, "properties": {"cell_id": 1879, "risk_score": 0.4005, "severity_band": "red", "population_exposed": 1490, "dist_to_drain_km": 0.279, "dist_to_incident_km": 1.38, "rainfall_mm": 60.0}}, {"type": "Feature", "geometry": {"type": "Point", "coordinates": [78.490707, 17.476138]}, "properties": {"cell_id": 1880, "risk_score": 0.4961, "severity_band": "red", "population_exposed": 1468, "dist_to_drain_km": 0.054, "dist_to_incident_km": 1.544, "rainfall_mm": 60.0}}, {"type": "Feature", "geometry": {"type": "Point", "coordinates": [78.495207, 17.476138]}, "properties": {"cell_id": 1881, "risk_score": 0.4867, "severity_band": "red", "population_exposed": 1444, "dist_to_drain_km": 0.003, "dist_to_incident_km": 1.821, "rainfall_mm": 60.0}}, {"type": "Feature", "geometry": {"type": "Point", "coordinates": [78.531207, 17.476138]}, "properties": {"cell_id": 1882, "risk_score": 0.4539, "severity_band": "red", "population_exposed": 1184, "dist_to_drain_km": 0.028, "dist_to_incident_km": 2.841, "rainfall_mm": 60.0}}, {"type": "Feature", "geometry": {"type": "Point", "coordinates": [78.535707, 17.476138]}, "properties": {"cell_id": 1883, "risk_score": 0.4597, "severity_band": "red", "population_exposed": 1147, "dist_to_drain_km": 0.026, "dist_to_incident_km": 2.778, "rainfall_mm": 60.0}}, {"type": "Feature", "geometry": {"type": "Point", "coordinates": [78.540207, 17.476138]}, "properties": {"cell_id": 1884, "risk_score": 0.2595, "severity_band": "green", "population_exposed": 1109, "dist_to_drain_km": 0.449, "dist_to_incident_km": 2.798, "rainfall_mm": 60.0}}, {"type": "Feature", "geometry": {"type": "Point", "coordinates": [78.544707, 17.476138]}, "properties": {"cell_id": 1885, "risk_score": 0.1623, "severity_band": "green", "population_exposed": 1072, "dist_to_drain_km": 0.927, "dist_to_incident_km": 2.897, "rainfall_mm": 60.0}}, {"type": "Feature", "geometry": {"type": "Point", "coordinates": [78.549207, 17.476138]}, "properties": {"cell_id": 1886, "risk_score": 0.1278, "severity_band": "green", "population_exposed": 1034, "dist_to_drain_km": 1.307, "dist_to_incident_km": 3.067, "rainfall_mm": 60.0}}, {"type": "Feature", "geometry": {"type": "Point", "coordinates": [78.553707, 17.476138]}, "properties": {"cell_id": 1887, "risk_score": 0.1321, "severity_band": "green", "population_exposed": 998, "dist_to_drain_km": 1.22, "dist_to_incident_km": 3.299, "rainfall_mm": 60.0}}, {"type": "Feature", "geometry": {"type": "Point", "coordinates": [78.558207, 17.476138]}, "properties": {"cell_id": 1888, "risk_score": 0.1609, "severity_band": "green", "population_exposed": 962, "dist_to_drain_km": 0.96, "dist_to_incident_km": 3.579, "rainfall_mm": 60.0}}, {"type": "Feature", "geometry": {"type": "Point", "coordinates": [78.562707, 17.476138]}, "properties": {"cell_id": 1889, "risk_score": 0.1614, "severity_band": "green", "population_exposed": 927, "dist_to_drain_km": 0.886, "dist_to_incident_km": 3.898, "rainfall_mm": 60.0}}, {"type": "Feature", "geometry": {"type": "Point", "coordinates": [78.567207, 17.476138]}, "properties": {"cell_id": 1890, "risk_score": 0.2075, "severity_band": "green", "population_exposed": 893, "dist_to_drain_km": 0.622, "dist_to_incident_km": 4.247, "rainfall_mm": 60.0}}, {"type": "Feature", "geometry": {"type": "Point", "coordinates": [78.571707, 17.476138]}, "properties": {"cell_id": 1891, "risk_score": 0.3236, "severity_band": "red", "population_exposed": 860, "dist_to_drain_km": 0.322, "dist_to_incident_km": 4.619, "rainfall_mm": 60.0}}, {"type": "Feature", "geometry": {"type": "Point", "coordinates": [78.576207, 17.476138]}, "properties": {"cell_id": 1892, "risk_score": 0.3576, "severity_band": "red", "population_exposed": 829, "dist_to_drain_km": 0.228, "dist_to_incident_km": 5.009, "rainfall_mm": 60.0}}, {"type": "Feature", "geometry": {"type": "Point", "coordinates": [78.580707, 17.476138]}, "properties": {"cell_id": 1893, "risk_score": 0.2549, "severity_band": "green", "population_exposed": 799, "dist_to_drain_km": 0.52, "dist_to_incident_km": 5.412, "rainfall_mm": 60.0}}, {"type": "Feature", "geometry": {"type": "Point", "coordinates": [78.585207, 17.476138]}, "properties": {"cell_id": 1894, "risk_score": 0.1605, "severity_band": "green", "population_exposed": 771, "dist_to_drain_km": 0.969, "dist_to_incident_km": 5.827, "rainfall_mm": 60.0}}, {"type": "Feature", "geometry": {"type": "Point", "coordinates": [78.589707, 17.476138]}, "properties": {"cell_id": 1895, "risk_score": 0.1614, "severity_band": "green", "population_exposed": 744, "dist_to_drain_km": 0.923, "dist_to_incident_km": 6.251, "rainfall_mm": 60.0}}, {"type": "Feature", "geometry": {"type": "Point", "coordinates": [78.594207, 17.476138]}, "properties": {"cell_id": 1896, "risk_score": 0.1662, "severity_band": "green", "population_exposed": 718, "dist_to_drain_km": 0.829, "dist_to_incident_km": 6.682, "rainfall_mm": 60.0}}, {"type": "Feature", "geometry": {"type": "Point", "coordinates": [78.598707, 17.476138]}, "properties": {"cell_id": 1897, "risk_score": 0.2023, "severity_band": "green", "population_exposed": 694, "dist_to_drain_km": 0.684, "dist_to_incident_km": 7.119, "rainfall_mm": 60.0}}, {"type": "Feature", "geometry": {"type": "Point", "coordinates": [78.603207, 17.476138]}, "properties": {"cell_id": 1898, "risk_score": 0.2564, "severity_band": "green", "population_exposed": 670, "dist_to_drain_km": 0.455, "dist_to_incident_km": 7.561, "rainfall_mm": 60.0}}, {"type": "Feature", "geometry": {"type": "Point", "coordinates": [78.607707, 17.476138]}, "properties": {"cell_id": 1899, "risk_score": 0.2564, "severity_band": "green", "population_exposed": 649, "dist_to_drain_km": 0.46, "dist_to_incident_km": 8.007, "rainfall_mm": 60.0}}, {"type": "Feature", "geometry": {"type": "Point", "coordinates": [78.612207, 17.476138]}, "properties": {"cell_id": 1900, "risk_score": 0.4461, "severity_band": "red", "population_exposed": 629, "dist_to_drain_km": 0.02, "dist_to_incident_km": 8.456, "rainfall_mm": 60.0}}, {"type": "Feature", "geometry": {"type": "Point", "coordinates": [78.616707, 17.476138]}, "properties": {"cell_id": 1901, "risk_score": 0.2572, "severity_band": "green", "population_exposed": 610, "dist_to_drain_km": 0.417, "dist_to_incident_km": 8.909, "rainfall_mm": 60.0}}, {"type": "Feature", "geometry": {"type": "Point", "coordinates": [78.288207, 17.480638]}, "properties": {"cell_id": 1902, "risk_score": 0.1614, "severity_band": "green", "population_exposed": 742, "dist_to_drain_km": 0.863, "dist_to_incident_km": 7.527, "rainfall_mm": 60.0}}, {"type": "Feature", "geometry": {"type": "Point", "coordinates": [78.297207, 17.480638]}, "properties": {"cell_id": 1903, "risk_score": 0.3918, "severity_band": "red", "population_exposed": 827, "dist_to_drain_km": 0.137, "dist_to_incident_km": 6.61, "rainfall_mm": 60.0}}, {"type": "Feature", "geometry": {"type": "Point", "coordinates": [78.301707, 17.480638]}, "properties": {"cell_id": 1904, "risk_score": 0.2564, "severity_band": "green", "population_exposed": 876, "dist_to_drain_km": 0.466, "dist_to_incident_km": 6.155, "rainfall_mm": 60.0}}, {"type": "Feature", "geometry": {"type": "Point", "coordinates": [78.306207, 17.480638]}, "properties": {"cell_id": 1905, "risk_score": 0.1627, "severity_band": "green", "population_exposed": 930, "dist_to_drain_km": 0.851, "dist_to_incident_km": 5.705, "rainfall_mm": 60.0}}, {"type": "Feature", "geometry": {"type": "Point", "coordinates": [78.310707, 17.480638]}, "properties": {"cell_id": 1906, "risk_score": 0.3176, "severity_band": "red", "population_exposed": 989, "dist_to_drain_km": 0.39, "dist_to_incident_km": 5.259, "rainfall_mm": 60.0}}, {"type": "Feature", "geometry": {"type": "Point", "coordinates": [78.315207, 17.480638]}, "properties": {"cell_id": 1907, "risk_score": 0.4322, "severity_band": "red", "population_exposed": 1052, "dist_to_drain_km": 0.068, "dist_to_incident_km": 4.819, "rainfall_mm": 60.0}}, {"type": "Feature", "geometry": {"type": "Point", "coordinates": [78.319707, 17.480638]}, "properties": {"cell_id": 1908, "risk_score": 0.3194, "severity_band": "red", "population_exposed": 1122, "dist_to_drain_km": 0.354, "dist_to_incident_km": 4.386, "rainfall_mm": 60.0}}, {"type": "Feature", "geometry": {"type": "Point", "coordinates": [78.324207, 17.480638]}, "properties": {"cell_id": 1909, "risk_score": 0.3574, "severity_band": "red", "population_exposed": 1196, "dist_to_drain_km": 0.242, "dist_to_incident_km": 3.965, "rainfall_mm": 60.0}}, {"type": "Feature", "geometry": {"type": "Point", "coordinates": [78.328707, 17.480638]}, "properties": {"cell_id": 1910, "risk_score": 0.3918, "severity_band": "red", "population_exposed": 1276, "dist_to_drain_km": 0.127, "dist_to_incident_km": 3.557, "rainfall_mm": 60.0}}, {"type": "Feature", "geometry": {"type": "Point", "coordinates": [78.333207, 17.480638]}, "properties": {"cell_id": 1911, "risk_score": 0.453, "severity_band": "red", "population_exposed": 1360, "dist_to_drain_km": 0.03, "dist_to_incident_km": 3.168, "rainfall_mm": 60.0}}, {"type": "Feature", "geometry": {"type": "Point", "coordinates": [78.337707, 17.480638]}, "properties": {"cell_id": 1912, "risk_score": 0.2595, "severity_band": "green", "population_exposed": 1449, "dist_to_drain_km": 0.49, "dist_to_incident_km": 2.807, "rainfall_mm": 60.0}}, {"type": "Feature", "geometry": {"type": "Point", "coordinates": [78.342207, 17.480638]}, "properties": {"cell_id": 1913, "risk_score": 0.2408, "severity_band": "green", "population_exposed": 1541, "dist_to_drain_km": 0.61, "dist_to_incident_km": 2.486, "rainfall_mm": 60.0}}, {"type": "Feature", "geometry": {"type": "Point", "coordinates": [78.346707, 17.480638]}, "properties": {"cell_id": 1914, "risk_score": 0.2937, "severity_band": "red", "population_exposed": 1634, "dist_to_drain_km": 0.458, "dist_to_incident_km": 2.221, "rainfall_mm": 60.0}}, {"type": "Feature", "geometry": {"type": "Point", "coordinates": [78.351207, 17.480638]}, "properties": {"cell_id": 1915, "risk_score": 0.2937, "severity_band": "red", "population_exposed": 1727, "dist_to_drain_km": 0.495, "dist_to_incident_km": 2.036, "rainfall_mm": 60.0}}, {"type": "Feature", "geometry": {"type": "Point", "coordinates": [78.355707, 17.480638]}, "properties": {"cell_id": 1916, "risk_score": 0.3482, "severity_band": "red", "population_exposed": 1816, "dist_to_drain_km": 0.329, "dist_to_incident_km": 1.952, "rainfall_mm": 60.0}}, {"type": "Feature", "geometry": {"type": "Point", "coordinates": [78.360207, 17.480638]}, "properties": {"cell_id": 1917, "risk_score": 0.2534, "severity_band": "green", "population_exposed": 1900, "dist_to_drain_km": 0.599, "dist_to_incident_km": 1.982, "rainfall_mm": 60.0}}, {"type": "Feature", "geometry": {"type": "Point", "coordinates": [78.364707, 17.480638]}, "properties": {"cell_id": 1918, "risk_score": 0.2942, "severity_band": "red", "population_exposed": 1973, "dist_to_drain_km": 0.444, "dist_to_incident_km": 2.123, "rainfall_mm": 60.0}}, {"type": "Feature", "geometry": {"type": "Point", "coordinates": [78.369207, 17.480638]}, "properties": {"cell_id": 1919, "risk_score": 0.4772, "severity_band": "red", "population_exposed": 2034, "dist_to_drain_km": 0.035, "dist_to_incident_km": 2.353, "rainfall_mm": 60.0}}, {"type": "Feature", "geometry": {"type": "Point", "coordinates": [78.373707, 17.480638]}, "properties": {"cell_id": 1920, "risk_score": 0.2604, "severity_band": "green", "population_exposed": 2078, "dist_to_drain_km": 0.448, "dist_to_incident_km": 2.651, "rainfall_mm": 60.0}}, {"type": "Feature", "geometry": {"type": "Point", "coordinates": [78.378207, 17.480638]}, "properties": {"cell_id": 1921, "risk_score": 0.1614, "severity_band": "green", "population_exposed": 2104, "dist_to_drain_km": 0.928, "dist_to_incident_km": 2.995, "rainfall_mm": 60.0}}, {"type": "Feature", "geometry": {"type": "Point", "coordinates": [78.382707, 17.480638]}, "properties": {"cell_id": 1922, "risk_score": 0.1655, "severity_band": "green", "population_exposed": 2112, "dist_to_drain_km": 0.839, "dist_to_incident_km": 3.372, "rainfall_mm": 60.0}}, {"type": "Feature", "geometry": {"type": "Point", "coordinates": [78.387207, 17.480638]}, "properties": {"cell_id": 1923, "risk_score": 0.3194, "severity_band": "red", "population_exposed": 2102, "dist_to_drain_km": 0.336, "dist_to_incident_km": 3.771, "rainfall_mm": 60.0}}, {"type": "Feature", "geometry": {"type": "Point", "coordinates": [78.391707, 17.480638]}, "properties": {"cell_id": 1924, "risk_score": 0.3869, "severity_band": "red", "population_exposed": 2078, "dist_to_drain_km": 0.146, "dist_to_incident_km": 4.187, "rainfall_mm": 60.0}}, {"type": "Feature", "geometry": {"type": "Point", "coordinates": [78.396207, 17.480638]}, "properties": {"cell_id": 1925, "risk_score": 0.2286, "severity_band": "green", "population_exposed": 2042, "dist_to_drain_km": 0.573, "dist_to_incident_km": 4.446, "rainfall_mm": 60.0}}, {"type": "Feature", "geometry": {"type": "Point", "coordinates": [78.400707, 17.480638]}, "properties": {"cell_id": 1926, "risk_score": 0.1614, "severity_band": "green", "population_exposed": 1997, "dist_to_drain_km": 0.915, "dist_to_incident_km": 4.523, "rainfall_mm": 60.0}}, {"type": "Feature", "geometry": {"type": "Point", "coordinates": [78.405207, 17.480638]}, "properties": {"cell_id": 1927, "risk_score": 0.2564, "severity_band": "green", "population_exposed": 1948, "dist_to_drain_km": 0.441, "dist_to_incident_km": 4.648, "rainfall_mm": 60.0}}, {"type": "Feature", "geometry": {"type": "Point", "coordinates": [78.409707, 17.480638]}, "properties": {"cell_id": 1928, "risk_score": 0.4361, "severity_band": "red", "population_exposed": 1896, "dist_to_drain_km": 0.059, "dist_to_incident_km": 4.818, "rainfall_mm": 60.0}}, {"type": "Feature", "geometry": {"type": "Point", "coordinates": [78.414207, 17.480638]}, "properties": {"cell_id": 1929, "risk_score": 0.4377, "severity_band": "red", "population_exposed": 1845, "dist_to_drain_km": 0.057, "dist_to_incident_km": 5.027, "rainfall_mm": 60.0}}, {"type": "Feature", "geometry": {"type": "Point", "coordinates": [78.418707, 17.480638]}, "properties": {"cell_id": 1930, "risk_score": 0.3857, "severity_band": "red", "population_exposed": 1795, "dist_to_drain_km": 0.167, "dist_to_incident_km": 5.271, "rainfall_mm": 60.0}}, {"type": "Feature", "geometry": {"type": "Point", "coordinates": [78.423207, 17.480638]}, "properties": {"cell_id": 1931, "risk_score": 0.3918, "severity_band": "red", "population_exposed": 1748, "dist_to_drain_km": 0.116, "dist_to_incident_km": 5.545, "rainfall_mm": 60.0}}, {"type": "Feature", "geometry": {"type": "Point", "coordinates": [78.427707, 17.480638]}, "properties": {"cell_id": 1932, "risk_score": 0.4344, "severity_band": "red", "population_exposed": 1706, "dist_to_drain_km": 0.063, "dist_to_incident_km": 5.357, "rainfall_mm": 60.0}}, {"type": "Feature", "geometry": {"type": "Point", "coordinates": [78.432207, 17.480638]}, "properties": {"cell_id": 1933, "risk_score": 0.319, "severity_band": "red", "population_exposed": 1667, "dist_to_drain_km": 0.36, "dist_to_incident_km": 5.035, "rainfall_mm": 60.0}}, {"type": "Feature", "geometry": {"type": "Point", "coordinates": [78.436707, 17.480638]}, "properties": {"cell_id": 1934, "risk_score": 0.1651, "severity_band": "green", "population_exposed": 1632, "dist_to_drain_km": 0.836, "dist_to_incident_km": 4.739, "rainfall_mm": 60.0}}, {"type": "Feature", "geometry": {"type": "Point", "coordinates": [78.441207, 17.480638]}, "properties": {"cell_id": 1935, "risk_score": 0.1273, "severity_band": "green", "population_exposed": 1601, "dist_to_drain_km": 1.313, "dist_to_incident_km": 4.474, "rainfall_mm": 60.0}}, {"type": "Feature", "geometry": {"type": "Point", "coordinates": [78.445707, 17.480638]}, "properties": {"cell_id": 1936, "risk_score": 0.1601, "severity_band": "green", "population_exposed": 1573, "dist_to_drain_km": 1.022, "dist_to_incident_km": 4.247, "rainfall_mm": 60.0}}, {"type": "Feature", "geometry": {"type": "Point", "coordinates": [78.450207, 17.480638]}, "properties": {"cell_id": 1937, "risk_score": 0.23, "severity_band": "green", "population_exposed": 1549, "dist_to_drain_km": 0.554, "dist_to_incident_km": 4.064, "rainfall_mm": 60.0}}, {"type": "Feature", "geometry": {"type": "Point", "coordinates": [78.454707, 17.480638]}, "properties": {"cell_id": 1938, "risk_score": 0.3918, "severity_band": "red", "population_exposed": 1527, "dist_to_drain_km": 0.116, "dist_to_incident_km": 3.594, "rainfall_mm": 60.0}}, {"type": "Feature", "geometry": {"type": "Point", "coordinates": [78.459207, 17.480638]}, "properties": {"cell_id": 1939, "risk_score": 0.3194, "severity_band": "red", "population_exposed": 1507, "dist_to_drain_km": 0.361, "dist_to_incident_km": 3.195, "rainfall_mm": 60.0}}, {"type": "Feature", "geometry": {"type": "Point", "coordinates": [78.477207, 17.480638]}, "properties": {"cell_id": 1940, "risk_score": 0.2051, "severity_band": "green", "population_exposed": 1434, "dist_to_drain_km": 1.214, "dist_to_incident_km": 1.98, "rainfall_mm": 60.0}}, {"type": "Feature", "geometry": {"type": "Point", "coordinates": [78.481707, 17.480638]}, "properties": {"cell_id": 1941, "risk_score": 0.2193, "severity_band": "green", "population_exposed": 1415, "dist_to_drain_km": 0.94, "dist_to_incident_km": 1.868, "rainfall_mm": 60.0}}, {"type": "Feature", "geometry": {"type": "Point", "coordinates": [78.486207, 17.480638]}, "properties": {"cell_id": 1942, "risk_score": 0.2481, "severity_band": "green", "population_exposed": 1395, "dist_to_drain_km": 0.629, "dist_to_incident_km": 1.874, "rainfall_mm": 60.0}}, {"type": "Feature", "geometry": {"type": "Point", "coordinates": [78.490707, 17.480638]}, "properties": {"cell_id": 1943, "risk_score": 0.3039, "severity_band": "red", "population_exposed": 1374, "dist_to_drain_km": 0.406, "dist_to_incident_km": 1.997, "rainfall_mm": 60.0}}, {"type": "Feature", "geometry": {"type": "Point", "coordinates": [78.495207, 17.480638]}, "properties": {"cell_id": 1944, "risk_score": 0.4758, "severity_band": "red", "population_exposed": 1351, "dist_to_drain_km": 0.048, "dist_to_incident_km": 2.219, "rainfall_mm": 60.0}}, {"type": "Feature", "geometry": {"type": "Point", "coordinates": [78.499707, 17.480638]}, "properties": {"cell_id": 1945, "risk_score": 0.2875, "severity_band": "green", "population_exposed": 1327, "dist_to_drain_km": 0.426, "dist_to_incident_km": 2.512, "rainfall_mm": 60.0}}, {"type": "Feature", "geometry": {"type": "Point", "coordinates": [78.526707, 17.480638]}, "properties": {"cell_id": 1946, "risk_score": 0.2568, "severity_band": "green", "population_exposed": 1150, "dist_to_drain_km": 0.489, "dist_to_incident_km": 3.45, "rainfall_mm": 60.0}}, {"type": "Feature", "geometry": {"type": "Point", "coordinates": [78.531207, 17.480638]}, "properties": {"cell_id": 1947, "risk_score": 0.3649, "severity_band": "red", "population_exposed": 1117, "dist_to_drain_km": 0.206, "dist_to_incident_km": 3.331, "rainfall_mm": 60.0}}, {"type": "Feature", "geometry": {"type": "Point", "coordinates": [78.535707, 17.480638]}, "properties": {"cell_id": 1948, "risk_score": 0.2777, "severity_band": "green", "population_exposed": 1084, "dist_to_drain_km": 0.398, "dist_to_incident_km": 3.278, "rainfall_mm": 60.0}}, {"type": "Feature", "geometry": {"type": "Point", "coordinates": [78.540207, 17.480638]}, "properties": {"cell_id": 1949, "risk_score": 0.2038, "severity_band": "green", "population_exposed": 1050, "dist_to_drain_km": 0.665, "dist_to_incident_km": 3.295, "rainfall_mm": 60.0}}, {"type": "Feature", "geometry": {"type": "Point", "coordinates": [78.544707, 17.480638]}, "properties": {"cell_id": 1950, "risk_score": 0.1597, "severity_band": "green", "population_exposed": 1016, "dist_to_drain_km": 1.05, "dist_to_incident_km": 3.379, "rainfall_mm": 60.0}}, {"type": "Feature", "geometry": {"type": "Point", "coordinates": [78.549207, 17.480638]}, "properties": {"cell_id": 1951, "risk_score": 0.1597, "severity_band": "green", "population_exposed": 983, "dist_to_drain_km": 1.05, "dist_to_incident_km": 3.526, "rainfall_mm": 60.0}}, {"type": "Feature", "geometry": {"type": "Point", "coordinates": [78.553707, 17.480638]}, "properties": {"cell_id": 1952, "risk_score": 0.1614, "severity_band": "green", "population_exposed": 950, "dist_to_drain_km": 0.941, "dist_to_incident_km": 3.73, "rainfall_mm": 60.0}}, {"type": "Feature", "geometry": {"type": "Point", "coordinates": [78.558207, 17.480638]}, "properties": {"cell_id": 1953, "risk_score": 0.1597, "severity_band": "green", "population_exposed": 918, "dist_to_drain_km": 1.06, "dist_to_incident_km": 3.98, "rainfall_mm": 60.0}}, {"type": "Feature", "geometry": {"type": "Point", "coordinates": [78.562707, 17.480638]}, "properties": {"cell_id": 1954, "risk_score": 0.1273, "severity_band": "green", "population_exposed": 886, "dist_to_drain_km": 1.314, "dist_to_incident_km": 4.269, "rainfall_mm": 60.0}}, {"type": "Feature", "geometry": {"type": "Point", "coordinates": [78.567207, 17.480638]}, "properties": {"cell_id": 1955, "risk_score": 0.1605, "severity_band": "green", "population_exposed": 856, "dist_to_drain_km": 1.001, "dist_to_incident_km": 4.59, "rainfall_mm": 60.0}}, {"type": "Feature", "geometry": {"type": "Point", "coordinates": [78.571707, 17.480638]}, "properties": {"cell_id": 1956, "risk_score": 0.1932, "severity_band": "green", "population_exposed": 826, "dist_to_drain_km": 0.759, "dist_to_incident_km": 4.936, "rainfall_mm": 60.0}}, {"type": "Feature", "geometry": {"type": "Point", "coordinates": [78.576207, 17.480638]}, "properties": {"cell_id": 1957, "risk_score": 0.1994, "severity_band": "green", "population_exposed": 798, "dist_to_drain_km": 0.709, "dist_to_incident_km": 5.302, "rainfall_mm": 60.0}}, {"type": "Feature", "geometry": {"type": "Point", "coordinates": [78.580707, 17.480638]}, "properties": {"cell_id": 1958, "risk_score": 0.1614, "severity_band": "green", "population_exposed": 770, "dist_to_drain_km": 0.871, "dist_to_incident_km": 5.685, "rainfall_mm": 60.0}}, {"type": "Feature", "geometry": {"type": "Point", "coordinates": [78.585207, 17.480638]}, "properties": {"cell_id": 1959, "risk_score": 0.1614, "severity_band": "green", "population_exposed": 744, "dist_to_drain_km": 0.872, "dist_to_incident_km": 6.082, "rainfall_mm": 60.0}}, {"type": "Feature", "geometry": {"type": "Point", "coordinates": [78.306207, 17.485138]}, "properties": {"cell_id": 1960, "risk_score": 0.1614, "severity_band": "green", "population_exposed": 897, "dist_to_drain_km": 0.865, "dist_to_incident_km": 5.554, "rainfall_mm": 60.0}}, {"type": "Feature", "geometry": {"type": "Point", "coordinates": [78.310707, 17.485138]}, "properties": {"cell_id": 1961, "risk_score": 0.2718, "severity_band": "green", "population_exposed": 951, "dist_to_drain_km": 0.4, "dist_to_incident_km": 5.095, "rainfall_mm": 60.0}}, {"type": "Feature", "geometry": {"type": "Point", "coordinates": [78.315207, 17.485138]}, "properties": {"cell_id": 1962, "risk_score": 0.4446, "severity_band": "red", "population_exposed": 1009, "dist_to_drain_km": 0.032, "dist_to_incident_km": 4.639, "rainfall_mm": 60.0}}, {"type": "Feature", "geometry": {"type": "Point", "coordinates": [78.319707, 17.485138]}, "properties": {"cell_id": 1963, "risk_score": 0.3559, "severity_band": "red", "population_exposed": 1072, "dist_to_drain_km": 0.253, "dist_to_incident_km": 4.188, "rainfall_mm": 60.0}}, {"type": "Feature", "geometry": {"type": "Point", "coordinates": [78.324207, 17.485138]}, "properties": {"cell_id": 1964, "risk_score": 0.4091, "severity_band": "red", "population_exposed": 1138, "dist_to_drain_km": 0.091, "dist_to_incident_km": 3.744, "rainfall_mm": 60.0}}, {"type": "Feature", "geometry": {"type": "Point", "coordinates": [78.328707, 17.485138]}, "properties": {"cell_id": 1965, "risk_score": 0.3644, "severity_band": "red", "population_exposed": 1209, "dist_to_drain_km": 0.207, "dist_to_incident_km": 3.309, "rainfall_mm": 60.0}}, {"type": "Feature", "geometry": {"type": "Point", "coordinates": [78.333207, 17.485138]}, "properties": {"cell_id": 1966, "risk_score": 0.2731, "severity_band": "green", "population_exposed": 1284, "dist_to_drain_km": 0.4, "dist_to_incident_km": 2.888, "rainfall_mm": 60.0}}, {"type": "Feature", "geometry": {"type": "Point", "coordinates": [78.337707, 17.485138]}, "properties": {"cell_id": 1967, "risk_score": 0.2861, "severity_band": "green", "population_exposed": 1361, "dist_to_drain_km": 0.511, "dist_to_incident_km": 2.486, "rainfall_mm": 60.0}}, {"type": "Feature", "geometry": {"type": "Point", "coordinates": [78.342207, 17.485138]}, "properties": {"cell_id": 1968, "risk_score": 0.3657, "severity_band": "red", "population_exposed": 1441, "dist_to_drain_km": 0.251, "dist_to_incident_km": 2.117, "rainfall_mm": 60.0}}, {"type": "Feature", "geometry": {"type": "Point", "coordinates": [78.346707, 17.485138]}, "properties": {"cell_id": 1969, "risk_score": 0.4852, "severity_band": "red", "population_exposed": 1520, "dist_to_drain_km": 0.052, "dist_to_incident_km": 1.798, "rainfall_mm": 60.0}}, {"type": "Feature", "geometry": {"type": "Point", "coordinates": [78.351207, 17.485138]}, "properties": {"cell_id": 1970, "risk_score": 0.3535, "severity_band": "red", "population_exposed": 1599, "dist_to_drain_km": 0.327, "dist_to_incident_km": 1.563, "rainfall_mm": 60.0}}, {"type": "Feature", "geometry": {"type": "Point", "coordinates": [78.355707, 17.485138]}, "properties": {"cell_id": 1971, "risk_score": 0.5037, "severity_band": "red", "population_exposed": 1675, "dist_to_drain_km": 0.015, "dist_to_incident_km": 1.452, "rainfall_mm": 60.0}}, {"type": "Feature", "geometry": {"type": "Point", "coordinates": [78.360207, 17.485138]}, "properties": {"cell_id": 1972, "risk_score": 0.3649, "severity_band": "red", "population_exposed": 1744, "dist_to_drain_km": 0.308, "dist_to_incident_km": 1.493, "rainfall_mm": 60.0}}, {"type": "Feature", "geometry": {"type": "Point", "coordinates": [78.364707, 17.485138]}, "properties": {"cell_id": 1973, "risk_score": 0.3952, "severity_band": "red", "population_exposed": 1805, "dist_to_drain_km": 0.191, "dist_to_incident_km": 1.675, "rainfall_mm": 60.0}}, {"type": "Feature", "geometry": {"type": "Point", "coordinates": [78.369207, 17.485138]}, "properties": {"cell_id": 1974, "risk_score": 0.3811, "severity_band": "red", "population_exposed": 1856, "dist_to_drain_km": 0.224, "dist_to_incident_km": 1.959, "rainfall_mm": 60.0}}, {"type": "Feature", "geometry": {"type": "Point", "coordinates": [78.373707, 17.485138]}, "properties": {"cell_id": 1975, "risk_score": 0.359, "severity_band": "red", "population_exposed": 1893, "dist_to_drain_km": 0.264, "dist_to_incident_km": 2.308, "rainfall_mm": 60.0}}, {"type": "Feature", "geometry": {"type": "Point", "coordinates": [78.378207, 17.485138]}, "properties": {"cell_id": 1976, "risk_score": 0.2061, "severity_band": "green", "population_exposed": 1916, "dist_to_drain_km": 0.64, "dist_to_incident_km": 2.696, "rainfall_mm": 60.0}}, {"type": "Feature", "geometry": {"type": "Point", "coordinates": [78.382707, 17.485138]}, "properties": {"cell_id": 1977, "risk_score": 0.3194, "severity_band": "red", "population_exposed": 1925, "dist_to_drain_km": 0.356, "dist_to_incident_km": 3.109, "rainfall_mm": 60.0}}, {"type": "Feature", "geometry": {"type": "Point", "coordinates": [78.387207, 17.485138]}, "properties": {"cell_id": 1978, "risk_score": 0.2568, "severity_band": "green", "population_exposed": 1920, "dist_to_drain_km": 0.467, "dist_to_incident_km": 3.539, "rainfall_mm": 60.0}}, {"type": "Feature", "geometry": {"type": "Point", "coordinates": [78.391707, 17.485138]}, "properties": {"cell_id": 1979, "risk_score": 0.2143, "severity_band": "green", "population_exposed": 1904, "dist_to_drain_km": 0.588, "dist_to_incident_km": 3.979, "rainfall_mm": 60.0}}, {"type": "Feature", "geometry": {"type": "Point", "coordinates": [78.396207, 17.485138]}, "properties": {"cell_id": 1980, "risk_score": 0.1651, "severity_band": "green", "population_exposed": 1877, "dist_to_drain_km": 0.836, "dist_to_incident_km": 4.427, "rainfall_mm": 60.0}}, {"type": "Feature", "geometry": {"type": "Point", "coordinates": [78.400707, 17.485138]}, "properties": {"cell_id": 1981, "risk_score": 0.1593, "severity_band": "green", "population_exposed": 1842, "dist_to_drain_km": 1.074, "dist_to_incident_km": 5.013, "rainfall_mm": 60.0}}, {"type": "Feature", "geometry": {"type": "Point", "coordinates": [78.405207, 17.485138]}, "properties": {"cell_id": 1982, "risk_score": 0.1949, "severity_band": "green", "population_exposed": 1804, "dist_to_drain_km": 0.713, "dist_to_incident_km": 5.126, "rainfall_mm": 60.0}}, {"type": "Feature", "geometry": {"type": "Point", "coordinates": [78.409707, 17.485138]}, "properties": {"cell_id": 1983, "risk_score": 0.23, "severity_band": "green", "population_exposed": 1762, "dist_to_drain_km": 0.551, "dist_to_incident_km": 5.28, "rainfall_mm": 60.0}}, {"type": "Feature", "geometry": {"type": "Point", "coordinates": [78.414207, 17.485138]}, "properties": {"cell_id": 1984, "risk_score": 0.318, "severity_band": "red", "population_exposed": 1720, "dist_to_drain_km": 0.379, "dist_to_incident_km": 5.472, "rainfall_mm": 60.0}}, {"type": "Feature", "geometry": {"type": "Point", "coordinates": [78.418707, 17.485138]}, "properties": {"cell_id": 1985, "risk_score": 0.3707, "severity_band": "red", "population_exposed": 1678, "dist_to_drain_km": 0.188, "dist_to_incident_km": 5.697, "rainfall_mm": 60.0}}, {"type": "Feature", "geometry": {"type": "Point", "coordinates": [78.423207, 17.485138]}, "properties": {"cell_id": 1986, "risk_score": 0.3513, "severity_band": "red", "population_exposed": 1638, "dist_to_drain_km": 0.283, "dist_to_incident_km": 5.952, "rainfall_mm": 60.0}}, {"type": "Feature", "geometry": {"type": "Point", "coordinates": [78.427707, 17.485138]}, "properties": {"cell_id": 1987, "risk_score": 0.4076, "severity_band": "red", "population_exposed": 1600, "dist_to_drain_km": 0.098, "dist_to_incident_km": 5.725, "rainfall_mm": 60.0}}, {"type": "Feature", "geometry": {"type": "Point", "coordinates": [78.432207, 17.485138]}, "properties": {"cell_id": 1988, "risk_score": 0.2409, "severity_band": "green", "population_exposed": 1566, "dist_to_drain_km": 0.521, "dist_to_incident_km": 5.425, "rainfall_mm": 60.0}}, {"type": "Feature", "geometry": {"type": "Point", "coordinates": [78.436707, 17.485138]}, "properties": {"cell_id": 1989, "risk_score": 0.1609, "severity_band": "green", "population_exposed": 1534, "dist_to_drain_km": 0.966, "dist_to_incident_km": 5.152, "rainfall_mm": 60.0}}, {"type": "Feature", "geometry": {"type": "Point", "coordinates": [78.441207, 17.485138]}, "properties": {"cell_id": 1990, "risk_score": 0.1273, "severity_band": "green", "population_exposed": 1506, "dist_to_drain_km": 1.402, "dist_to_incident_km": 4.909, "rainfall_mm": 60.0}}, {"type": "Feature", "geometry": {"type": "Point", "coordinates": [78.445707, 17.485138]}, "properties": {"cell_id": 1991, "risk_score": 0.1614, "severity_band": "green", "population_exposed": 1480, "dist_to_drain_km": 0.957, "dist_to_incident_km": 4.703, "rainfall_mm": 60.0}}, {"type": "Feature", "geometry": {"type": "Point", "coordinates": [78.450207, 17.485138]}, "properties": {"cell_id": 1992, "risk_score": 0.2564, "severity_band": "green", "population_exposed": 1457, "dist_to_drain_km": 0.487, "dist_to_incident_km": 4.265, "rainfall_mm": 60.0}}, {"type": "Feature", "geometry": {"type": "Point", "coordinates": [78.454707, 17.485138]}, "properties": {"cell_id": 1993, "risk_score": 0.4491, "severity_band": "red", "population_exposed": 1436, "dist_to_drain_km": 0.026, "dist_to_incident_km": 3.876, "rainfall_mm": 60.0}}, {"type": "Feature", "geometry": {"type": "Point", "coordinates": [78.459207, 17.485138]}, "properties": {"cell_id": 1994, "risk_score": 0.2568, "severity_band": "green", "population_exposed": 1416, "dist_to_drain_km": 0.436, "dist_to_incident_km": 3.509, "rainfall_mm": 60.0}}, {"type": "Feature", "geometry": {"type": "Point", "coordinates": [78.463707, 17.485138]}, "properties": {"cell_id": 1995, "risk_score": 0.1614, "severity_band": "green", "population_exposed": 1398, "dist_to_drain_km": 0.908, "dist_to_incident_km": 3.172, "rainfall_mm": 60.0}}, {"type": "Feature", "geometry": {"type": "Point", "coordinates": [78.477207, 17.485138]}, "properties": {"cell_id": 1996, "risk_score": 0.176, "severity_band": "green", "population_exposed": 1345, "dist_to_drain_km": 1.627, "dist_to_incident_km": 2.455, "rainfall_mm": 60.0}}, {"type": "Feature", "geometry": {"type": "Point", "coordinates": [78.481707, 17.485138]}, "properties": {"cell_id": 1997, "risk_score": 0.1781, "severity_band": "green", "population_exposed": 1326, "dist_to_drain_km": 1.305, "dist_to_incident_km": 2.365, "rainfall_mm": 60.0}}, {"type": "Feature", "geometry": {"type": "Point", "coordinates": [78.486207, 17.485138]}, "properties": {"cell_id": 1998, "risk_score": 0.1921, "severity_band": "green", "population_exposed": 1308, "dist_to_drain_km": 1.031, "dist_to_incident_km": 2.37, "rainfall_mm": 60.0}}, {"type": "Feature", "geometry": {"type": "Point", "coordinates": [78.490707, 17.485138]}, "properties": {"cell_id": 1999, "risk_score": 0.2447, "severity_band": "green", "population_exposed": 1288, "dist_to_drain_km": 0.604, "dist_to_incident_km": 2.469, "rainfall_mm": 60.0}}, {"type": "Feature", "geometry": {"type": "Point", "coordinates": [78.495207, 17.485138]}, "properties": {"cell_id": 2000, "risk_score": 0.3212, "severity_band": "red", "population_exposed": 1267, "dist_to_drain_km": 0.347, "dist_to_incident_km": 2.651, "rainfall_mm": 60.0}}, {"type": "Feature", "geometry": {"type": "Point", "coordinates": [78.499707, 17.485138]}, "properties": {"cell_id": 2001, "risk_score": 0.2307, "severity_band": "green", "population_exposed": 1244, "dist_to_drain_km": 0.574, "dist_to_incident_km": 2.902, "rainfall_mm": 60.0}}, {"type": "Feature", "geometry": {"type": "Point", "coordinates": [78.531207, 17.485138]}, "properties": {"cell_id": 2002, "risk_score": 0.203, "severity_band": "green", "population_exposed": 1056, "dist_to_drain_km": 0.693, "dist_to_incident_km": 3.824, "rainfall_mm": 60.0}}, {"type": "Feature", "geometry": {"type": "Point", "coordinates": [78.535707, 17.485138]}, "properties": {"cell_id": 2003, "risk_score": 0.1924, "severity_band": "green", "population_exposed": 1026, "dist_to_drain_km": 0.783, "dist_to_incident_km": 3.778, "rainfall_mm": 60.0}}, {"type": "Feature", "geometry": {"type": "Point", "coordinates": [78.540207, 17.485138]}, "properties": {"cell_id": 2004, "risk_score": 0.1597, "severity_band": "green", "population_exposed": 995, "dist_to_drain_km": 1.058, "dist_to_incident_km": 3.793, "rainfall_mm": 60.0}}, {"type": "Feature", "geometry": {"type": "Point", "coordinates": [78.544707, 17.485138]}, "properties": {"cell_id": 2005, "risk_score": 0.1605, "severity_band": "green", "population_exposed": 965, "dist_to_drain_km": 0.982, "dist_to_incident_km": 3.866, "rainfall_mm": 60.0}}, {"type": "Feature", "geometry": {"type": "Point", "coordinates": [78.549207, 17.485138]}, "properties": {"cell_id": 2006, "risk_score": 0.2047, "severity_band": "green", "population_exposed": 935, "dist_to_drain_km": 0.63, "dist_to_incident_km": 3.996, "rainfall_mm": 60.0}}, {"type": "Feature", "geometry": {"type": "Point", "coordinates": [78.553707, 17.485138]}, "properties": {"cell_id": 2007, "risk_score": 0.2564, "severity_band": "green", "population_exposed": 906, "dist_to_drain_km": 0.441, "dist_to_incident_km": 4.176, "rainfall_mm": 60.0}}, {"type": "Feature", "geometry": {"type": "Point", "coordinates": [78.558207, 17.485138]}, "properties": {"cell_id": 2008, "risk_score": 0.2027, "severity_band": "green", "population_exposed": 877, "dist_to_drain_km": 0.658, "dist_to_incident_km": 4.401, "rainfall_mm": 60.0}}, {"type": "Feature", "geometry": {"type": "Point", "coordinates": [78.562707, 17.485138]}, "properties": {"cell_id": 2009, "risk_score": 0.1597, "severity_band": "green", "population_exposed": 848, "dist_to_drain_km": 1.061, "dist_to_incident_km": 4.664, "rainfall_mm": 60.0}}, {"type": "Feature", "geometry": {"type": "Point", "coordinates": [78.567207, 17.485138]}, "properties": {"cell_id": 2010, "risk_score": 0.1273, "severity_band": "green", "population_exposed": 820, "dist_to_drain_km": 1.431, "dist_to_incident_km": 4.959, "rainfall_mm": 60.0}}, {"type": "Feature", "geometry": {"type": "Point", "coordinates": [78.571707, 17.485138]}, "properties": {"cell_id": 2011, "risk_score": 0.1301, "severity_band": "green", "population_exposed": 794, "dist_to_drain_km": 1.233, "dist_to_incident_km": 5.281, "rainfall_mm": 60.0}}, {"type": "Feature", "geometry": {"type": "Point", "coordinates": [78.576207, 17.485138]}, "properties": {"cell_id": 2012, "risk_score": 0.1358, "severity_band": "green", "population_exposed": 768, "dist_to_drain_km": 1.202, "dist_to_incident_km": 5.625, "rainfall_mm": 60.0}}, {"type": "Feature", "geometry": {"type": "Point", "coordinates": [78.580707, 17.485138]}, "properties": {"cell_id": 2013, "risk_score": 0.1438, "severity_band": "green", "population_exposed": 743, "dist_to_drain_km": 1.144, "dist_to_incident_km": 5.988, "rainfall_mm": 60.0}}, {"type": "Feature", "geometry": {"type": "Point", "coordinates": [78.585207, 17.485138]}, "properties": {"cell_id": 2014, "risk_score": 0.2023, "severity_band": "green", "population_exposed": 720, "dist_to_drain_km": 0.671, "dist_to_incident_km": 6.365, "rainfall_mm": 60.0}}, {"type": "Feature", "geometry": {"type": "Point", "coordinates": [78.315207, 17.489638]}, "properties": {"cell_id": 2015, "risk_score": 0.4434, "severity_band": "red", "population_exposed": 966, "dist_to_drain_km": 0.04, "dist_to_incident_km": 4.508, "rainfall_mm": 60.0}}, {"type": "Feature", "geometry": {"type": "Point", "coordinates": [78.319707, 17.489638]}, "properties": {"cell_id": 2016, "risk_score": 0.3918, "severity_band": "red", "population_exposed": 1022, "dist_to_drain_km": 0.136, "dist_to_incident_km": 4.042, "rainfall_mm": 60.0}}, {"type": "Feature", "geometry": {"type": "Point", "coordinates": [78.324207, 17.489638]}, "properties": {"cell_id": 2017, "risk_score": 0.2572, "severity_band": "green", "population_exposed": 1081, "dist_to_drain_km": 0.425, "dist_to_incident_km": 3.58, "rainfall_mm": 60.0}}, {"type": "Feature", "geometry": {"type": "Point", "coordinates": [78.328707, 17.489638]}, "properties": {"cell_id": 2018, "risk_score": 0.2133, "severity_band": "green", "population_exposed": 1144, "dist_to_drain_km": 0.604, "dist_to_incident_km": 3.123, "rainfall_mm": 60.0}}, {"type": "Feature", "geometry": {"type": "Point", "coordinates": [78.333207, 17.489638]}, "properties": {"cell_id": 2019, "risk_score": 0.4046, "severity_band": "red", "population_exposed": 1209, "dist_to_drain_km": 0.146, "dist_to_incident_km": 2.672, "rainfall_mm": 60.0}}, {"type": "Feature", "geometry": {"type": "Point", "coordinates": [78.337707, 17.489638]}, "properties": {"cell_id": 2020, "risk_score": 0.3623, "severity_band": "red", "population_exposed": 1277, "dist_to_drain_km": 0.237, "dist_to_incident_km": 2.232, "rainfall_mm": 60.0}}, {"type": "Feature", "geometry": {"type": "Point", "coordinates": [78.342207, 17.489638]}, "properties": {"cell_id": 2021, "risk_score": 0.3487, "severity_band": "red", "population_exposed": 1346, "dist_to_drain_km": 0.352, "dist_to_incident_km": 1.811, "rainfall_mm": 60.0}}, {"type": "Feature", "geometry": {"type": "Point", "coordinates": [78.346707, 17.489638]}, "properties": {"cell_id": 2022, "risk_score": 0.4809, "severity_band": "red", "population_exposed": 1414, "dist_to_drain_km": 0.091, "dist_to_incident_km": 1.427, "rainfall_mm": 60.0}}, {"type": "Feature", "geometry": {"type": "Point", "coordinates": [78.351207, 17.489638]}, "properties": {"cell_id": 2023, "risk_score": 0.3841, "severity_band": "red", "population_exposed": 1481, "dist_to_drain_km": 0.398, "dist_to_incident_km": 1.116, "rainfall_mm": 60.0}}, {"type": "Feature", "geometry": {"type": "Point", "coordinates": [78.355707, 17.489638]}, "properties": {"cell_id": 2024, "risk_score": 0.3823, "severity_band": "red", "population_exposed": 1544, "dist_to_drain_km": 0.41, "dist_to_incident_km": 0.954, "rainfall_mm": 60.0}}, {"type": "Feature", "geometry": {"type": "Point", "coordinates": [78.360207, 17.489638]}, "properties": {"cell_id": 2025, "risk_score": 0.5504, "severity_band": "red", "population_exposed": 1603, "dist_to_drain_km": 0.055, "dist_to_incident_km": 1.016, "rainfall_mm": 60.0}}, {"type": "Feature", "geometry": {"type": "Point", "coordinates": [78.364707, 17.489638]}, "properties": {"cell_id": 2026, "risk_score": 0.5376, "severity_band": "red", "population_exposed": 1654, "dist_to_drain_km": 0.014, "dist_to_incident_km": 1.268, "rainfall_mm": 60.0}}, {"type": "Feature", "geometry": {"type": "Point", "coordinates": [78.369207, 17.489638]}, "properties": {"cell_id": 2027, "risk_score": 0.4548, "severity_band": "red", "population_exposed": 1696, "dist_to_drain_km": 0.105, "dist_to_incident_km": 1.625, "rainfall_mm": 60.0}}, {"type": "Feature", "geometry": {"type": "Point", "coordinates": [78.373707, 17.489638]}, "properties": {"cell_id": 2028, "risk_score": 0.3815, "severity_band": "red", "population_exposed": 1728, "dist_to_drain_km": 0.215, "dist_to_incident_km": 2.032, "rainfall_mm": 60.0}}, {"type": "Feature", "geometry": {"type": "Point", "coordinates": [78.378207, 17.489638]}, "properties": {"cell_id": 2029, "risk_score": 0.2455, "severity_band": "green", "population_exposed": 1749, "dist_to_drain_km": 0.6, "dist_to_incident_km": 2.464, "rainfall_mm": 60.0}}, {"type": "Feature", "geometry": {"type": "Point", "coordinates": [78.382707, 17.489638]}, "properties": {"cell_id": 2030, "risk_score": 0.3612, "severity_band": "red", "population_exposed": 1758, "dist_to_drain_km": 0.212, "dist_to_incident_km": 2.91, "rainfall_mm": 60.0}}, {"type": "Feature", "geometry": {"type": "Point", "coordinates": [78.387207, 17.489638]}, "properties": {"cell_id": 2031, "risk_score": 0.3193, "severity_band": "red", "population_exposed": 1757, "dist_to_drain_km": 0.368, "dist_to_incident_km": 3.365, "rainfall_mm": 60.0}}, {"type": "Feature", "geometry": {"type": "Point", "coordinates": [78.391707, 17.489638]}, "properties": {"cell_id": 2032, "risk_score": 0.1681, "severity_band": "green", "population_exposed": 1746, "dist_to_drain_km": 0.823, "dist_to_incident_km": 3.825, "rainfall_mm": 60.0}}, {"type": "Feature", "geometry": {"type": "Point", "coordinates": [78.396207, 17.489638]}, "properties": {"cell_id": 2033, "risk_score": 0.1614, "severity_band": "green", "population_exposed": 1726, "dist_to_drain_km": 0.902, "dist_to_incident_km": 4.289, "rainfall_mm": 60.0}}, {"type": "Feature", "geometry": {"type": "Point", "coordinates": [78.400707, 17.489638]}, "properties": {"cell_id": 2034, "risk_score": 0.1438, "severity_band": "green", "population_exposed": 1700, "dist_to_drain_km": 1.146, "dist_to_incident_km": 4.756, "rainfall_mm": 60.0}}, {"type": "Feature", "geometry": {"type": "Point", "coordinates": [78.405207, 17.489638]}, "properties": {"cell_id": 2035, "risk_score": 0.1438, "severity_band": "green", "population_exposed": 1669, "dist_to_drain_km": 1.149, "dist_to_incident_km": 5.224, "rainfall_mm": 60.0}}, {"type": "Feature", "geometry": {"type": "Point", "coordinates": [78.409707, 17.489638]}, "properties": {"cell_id": 2036, "risk_score": 0.1665, "severity_band": "green", "population_exposed": 1636, "dist_to_drain_km": 0.826, "dist_to_incident_km": 5.749, "rainfall_mm": 60.0}}, {"type": "Feature", "geometry": {"type": "Point", "coordinates": [78.414207, 17.489638]}, "properties": {"cell_id": 2037, "risk_score": 0.319, "severity_band": "red", "population_exposed": 1601, "dist_to_drain_km": 0.354, "dist_to_incident_km": 5.926, "rainfall_mm": 60.0}}, {"type": "Feature", "geometry": {"type": "Point", "coordinates": [78.418707, 17.489638]}, "properties": {"cell_id": 2038, "risk_score": 0.4457, "severity_band": "red", "population_exposed": 1566, "dist_to_drain_km": 0.022, "dist_to_incident_km": 6.134, "rainfall_mm": 60.0}}, {"type": "Feature", "geometry": {"type": "Point", "coordinates": [78.423207, 17.489638]}, "properties": {"cell_id": 2039, "risk_score": 0.4361, "severity_band": "red", "population_exposed": 1532, "dist_to_drain_km": 0.06, "dist_to_incident_km": 6.372, "rainfall_mm": 60.0}}, {"type": "Feature", "geometry": {"type": "Point", "coordinates": [78.427707, 17.489638]}, "properties": {"cell_id": 2040, "risk_score": 0.3513, "severity_band": "red", "population_exposed": 1500, "dist_to_drain_km": 0.28, "dist_to_incident_km": 6.112, "rainfall_mm": 60.0}}, {"type": "Feature", "geometry": {"type": "Point", "coordinates": [78.432207, 17.489638]}, "properties": {"cell_id": 2041, "risk_score": 0.2023, "severity_band": "green", "population_exposed": 1469, "dist_to_drain_km": 0.659, "dist_to_incident_km": 5.832, "rainfall_mm": 60.0}}, {"type": "Feature", "geometry": {"type": "Point", "coordinates": [78.436707, 17.489638]}, "properties": {"cell_id": 2042, "risk_score": 0.1593, "severity_band": "green", "population_exposed": 1441, "dist_to_drain_km": 1.103, "dist_to_incident_km": 5.579, "rainfall_mm": 60.0}}, {"type": "Feature", "geometry": {"type": "Point", "coordinates": [78.441207, 17.489638]}, "properties": {"cell_id": 2043, "risk_score": 0.1273, "severity_band": "green", "population_exposed": 1415, "dist_to_drain_km": 1.428, "dist_to_incident_km": 5.356, "rainfall_mm": 60.0}}, {"type": "Feature", "geometry": {"type": "Point", "coordinates": [78.445707, 17.489638]}, "properties": {"cell_id": 2044, "risk_score": 0.1605, "severity_band": "green", "population_exposed": 1392, "dist_to_drain_km": 0.97, "dist_to_incident_km": 4.942, "rainfall_mm": 60.0}}, {"type": "Feature", "geometry": {"type": "Point", "coordinates": [78.450207, 17.489638]}, "properties": {"cell_id": 2045, "risk_score": 0.2554, "severity_band": "green", "population_exposed": 1370, "dist_to_drain_km": 0.514, "dist_to_incident_km": 4.561, "rainfall_mm": 60.0}}, {"type": "Feature", "geometry": {"type": "Point", "coordinates": [78.454707, 17.489638]}, "properties": {"cell_id": 2046, "risk_score": 0.4441, "severity_band": "red", "population_exposed": 1350, "dist_to_drain_km": 0.045, "dist_to_incident_km": 4.199, "rainfall_mm": 60.0}}, {"type": "Feature", "geometry": {"type": "Point", "coordinates": [78.459207, 17.489638]}, "properties": {"cell_id": 2047, "risk_score": 0.2576, "severity_band": "green", "population_exposed": 1331, "dist_to_drain_km": 0.421, "dist_to_incident_km": 3.863, "rainfall_mm": 60.0}}, {"type": "Feature", "geometry": {"type": "Point", "coordinates": [78.463707, 17.489638]}, "properties": {"cell_id": 2048, "risk_score": 0.1614, "severity_band": "green", "population_exposed": 1313, "dist_to_drain_km": 0.883, "dist_to_incident_km": 3.559, "rainfall_mm": 60.0}}, {"type": "Feature", "geometry": {"type": "Point", "coordinates": [78.481707, 17.489638]}, "properties": {"cell_id": 2049, "risk_score": 0.129, "severity_band": "green", "population_exposed": 1245, "dist_to_drain_km": 1.643, "dist_to_incident_km": 2.864, "rainfall_mm": 60.0}}, {"type": "Feature", "geometry": {"type": "Point", "coordinates": [78.495207, 17.489638]}, "properties": {"cell_id": 2050, "risk_score": 0.163, "severity_band": "green", "population_exposed": 1189, "dist_to_drain_km": 0.847, "dist_to_incident_km": 3.104, "rainfall_mm": 60.0}}, {"type": "Feature", "geometry": {"type": "Point", "coordinates": [78.499707, 17.489638]}, "properties": {"cell_id": 2051, "risk_score": 0.1609, "severity_band": "green", "population_exposed": 1169, "dist_to_drain_km": 0.963, "dist_to_incident_km": 3.321, "rainfall_mm": 60.0}}, {"type": "Feature", "geometry": {"type": "Point", "coordinates": [78.504207, 17.489638]}, "properties": {"cell_id": 2052, "risk_score": 0.1348, "severity_band": "green", "population_exposed": 1147, "dist_to_drain_km": 1.213, "dist_to_incident_km": 3.588, "rainfall_mm": 60.0}}, {"type": "Feature", "geometry": {"type": "Point", "coordinates": [78.508707, 17.489638]}, "properties": {"cell_id": 2053, "risk_score": 0.1298, "severity_band": "green", "population_exposed": 1124, "dist_to_drain_km": 1.265, "dist_to_incident_km": 3.895, "rainfall_mm": 60.0}}, {"type": "Feature", "geometry": {"type": "Point", "coordinates": [78.531207, 17.489638]}, "properties": {"cell_id": 2054, "risk_score": 0.1434, "severity_band": "green", "population_exposed": 998, "dist_to_drain_km": 1.192, "dist_to_incident_km": 4.319, "rainfall_mm": 60.0}}, {"type": "Feature", "geometry": {"type": "Point", "coordinates": [78.535707, 17.489638]}, "properties": {"cell_id": 2055, "risk_score": 0.1298, "severity_band": "green", "population_exposed": 972, "dist_to_drain_km": 1.247, "dist_to_incident_km": 4.279, "rainfall_mm": 60.0}}, {"type": "Feature", "geometry": {"type": "Point", "coordinates": [78.540207, 17.489638]}, "properties": {"cell_id": 2056, "risk_score": 0.1278, "severity_band": "green", "population_exposed": 944, "dist_to_drain_km": 1.31, "dist_to_incident_km": 4.291, "rainfall_mm": 60.0}}, {"type": "Feature", "geometry": {"type": "Point", "coordinates": [78.544707, 17.489638]}, "properties": {"cell_id": 2057, "risk_score": 0.1651, "severity_band": "green", "population_exposed": 918, "dist_to_drain_km": 0.833, "dist_to_incident_km": 4.356, "rainfall_mm": 60.0}}, {"type": "Feature", "geometry": {"type": "Point", "coordinates": [78.549207, 17.489638]}, "properties": {"cell_id": 2058, "risk_score": 0.3194, "severity_band": "red", "population_exposed": 891, "dist_to_drain_km": 0.356, "dist_to_incident_km": 4.472, "rainfall_mm": 60.0}}, {"type": "Feature", "geometry": {"type": "Point", "coordinates": [78.553707, 17.489638]}, "properties": {"cell_id": 2059, "risk_score": 0.4349, "severity_band": "red", "population_exposed": 864, "dist_to_drain_km": 0.061, "dist_to_incident_km": 4.633, "rainfall_mm": 60.0}}, {"type": "Feature", "geometry": {"type": "Point", "coordinates": [78.558207, 17.489638]}, "properties": {"cell_id": 2060, "risk_score": 0.2554, "severity_band": "green", "population_exposed": 838, "dist_to_drain_km": 0.492, "dist_to_incident_km": 4.837, "rainfall_mm": 60.0}}, {"type": "Feature", "geometry": {"type": "Point", "coordinates": [78.562707, 17.489638]}, "properties": {"cell_id": 2061, "risk_score": 0.1609, "severity_band": "green", "population_exposed": 812, "dist_to_drain_km": 0.963, "dist_to_incident_km": 5.078, "rainfall_mm": 60.0}}, {"type": "Feature", "geometry": {"type": "Point", "coordinates": [78.567207, 17.489638]}, "properties": {"cell_id": 2062, "risk_score": 0.1273, "severity_band": "green", "population_exposed": 788, "dist_to_drain_km": 1.412, "dist_to_incident_km": 5.35, "rainfall_mm": 60.0}}, {"type": "Feature", "geometry": {"type": "Point", "coordinates": [78.571707, 17.489638]}, "properties": {"cell_id": 2063, "risk_score": 0.1273, "severity_band": "green", "population_exposed": 763, "dist_to_drain_km": 1.721, "dist_to_incident_km": 5.65, "rainfall_mm": 60.0}}, {"type": "Feature", "geometry": {"type": "Point", "coordinates": [78.576207, 17.489638]}, "properties": {"cell_id": 2064, "risk_score": 0.1273, "severity_band": "green", "population_exposed": 740, "dist_to_drain_km": 1.511, "dist_to_incident_km": 5.973, "rainfall_mm": 60.0}}, {"type": "Feature", "geometry": {"type": "Point", "coordinates": [78.580707, 17.489638]}, "properties": {"cell_id": 2065, "risk_score": 0.1442, "severity_band": "green", "population_exposed": 717, "dist_to_drain_km": 1.121, "dist_to_incident_km": 6.315, "rainfall_mm": 60.0}}, {"type": "Feature", "geometry": {"type": "Point", "coordinates": [78.585207, 17.489638]}, "properties": {"cell_id": 2066, "risk_score": 0.1932, "severity_band": "green", "population_exposed": 696, "dist_to_drain_km": 0.746, "dist_to_incident_km": 6.674, "rainfall_mm": 60.0}}, {"type": "Feature", "geometry": {"type": "Point", "coordinates": [78.319707, 17.494138]}, "properties": {"cell_id": 2067, "risk_score": 0.3574, "severity_band": "red", "population_exposed": 973, "dist_to_drain_km": 0.243, "dist_to_incident_km": 3.955, "rainfall_mm": 60.0}}, {"type": "Feature", "geometry": {"type": "Point", "coordinates": [78.324207, 17.494138]}, "properties": {"cell_id": 2068, "risk_score": 0.2558, "severity_band": "green", "population_exposed": 1026, "dist_to_drain_km": 0.512, "dist_to_incident_km": 3.481, "rainfall_mm": 60.0}}, {"type": "Feature", "geometry": {"type": "Point", "coordinates": [78.328707, 17.494138]}, "properties": {"cell_id": 2069, "risk_score": 0.3872, "severity_band": "red", "population_exposed": 1081, "dist_to_drain_km": 0.16, "dist_to_incident_km": 3.009, "rainfall_mm": 60.0}}, {"type": "Feature", "geometry": {"type": "Point", "coordinates": [78.333207, 17.494138]}, "properties": {"cell_id": 2070, "risk_score": 0.4281, "severity_band": "red", "population_exposed": 1138, "dist_to_drain_km": 0.107, "dist_to_incident_km": 2.538, "rainfall_mm": 60.0}}, {"type": "Feature", "geometry": {"type": "Point", "coordinates": [78.337707, 17.494138]}, "properties": {"cell_id": 2071, "risk_score": 0.3675, "severity_band": "red", "population_exposed": 1197, "dist_to_drain_km": 0.276, "dist_to_incident_km": 2.07, "rainfall_mm": 60.0}}, {"type": "Feature", "geometry": {"type": "Point", "coordinates": [78.342207, 17.494138]}, "properties": {"cell_id": 2072, "risk_score": 0.2431, "severity_band": "green", "population_exposed": 1256, "dist_to_drain_km": 0.733, "dist_to_incident_km": 1.607, "rainfall_mm": 60.0}}, {"type": "Feature", "geometry": {"type": "Point", "coordinates": [78.346707, 17.494138]}, "properties": {"cell_id": 2073, "risk_score": 0.4271, "severity_band": "red", "population_exposed": 1315, "dist_to_drain_km": 0.305, "dist_to_incident_km": 1.156, "rainfall_mm": 60.0}}, {"type": "Feature", "geometry": {"type": "Point", "coordinates": [78.351207, 17.494138]}, "properties": {"cell_id": 2074, "risk_score": 0.5473, "severity_band": "red", "population_exposed": 1372, "dist_to_drain_km": 0.077, "dist_to_incident_km": 0.74, "rainfall_mm": 60.0}}, {"type": "Feature", "geometry": {"type": "Point", "coordinates": [78.355707, 17.494138]}, "properties": {"cell_id": 2075, "risk_score": 0.5356, "severity_band": "red", "population_exposed": 1426, "dist_to_drain_km": 0.253, "dist_to_incident_km": 0.461, "rainfall_mm": 60.0}}, {"type": "Feature", "geometry": {"type": "Point", "coordinates": [78.360207, 17.494138]}, "properties": {"cell_id": 2076, "risk_score": 0.5112, "severity_band": "red", "population_exposed": 1475, "dist_to_drain_km": 0.245, "dist_to_incident_km": 0.577, "rainfall_mm": 60.0}}, {"type": "Feature", "geometry": {"type": "Point", "coordinates": [78.364707, 17.494138]}, "properties": {"cell_id": 2077, "risk_score": 0.4333, "severity_band": "red", "population_exposed": 1518, "dist_to_drain_km": 0.396, "dist_to_incident_km": 0.954, "rainfall_mm": 60.0}}, {"type": "Feature", "geometry": {"type": "Point", "coordinates": [78.369207, 17.494138]}, "properties": {"cell_id": 2078, "risk_score": 0.3216, "severity_band": "red", "population_exposed": 1554, "dist_to_drain_km": 0.458, "dist_to_incident_km": 1.393, "rainfall_mm": 60.0}}, {"type": "Feature", "geometry": {"type": "Point", "coordinates": [78.373707, 17.494138]}, "properties": {"cell_id": 2079, "risk_score": 0.2462, "severity_band": "green", "population_exposed": 1582, "dist_to_drain_km": 0.7, "dist_to_incident_km": 1.852, "rainfall_mm": 60.0}}, {"type": "Feature", "geometry": {"type": "Point", "coordinates": [78.378207, 17.494138]}, "properties": {"cell_id": 2080, "risk_score": 0.1943, "severity_band": "green", "population_exposed": 1600, "dist_to_drain_km": 0.898, "dist_to_incident_km": 2.318, "rainfall_mm": 60.0}}, {"type": "Feature", "geometry": {"type": "Point", "coordinates": [78.382707, 17.494138]}, "properties": {"cell_id": 2081, "risk_score": 0.2052, "severity_band": "green", "population_exposed": 1610, "dist_to_drain_km": 0.676, "dist_to_incident_km": 2.788, "rainfall_mm": 60.0}}, {"type": "Feature", "geometry": {"type": "Point", "coordinates": [78.387207, 17.494138]}, "properties": {"cell_id": 2082, "risk_score": 0.2051, "severity_band": "green", "population_exposed": 1610, "dist_to_drain_km": 0.633, "dist_to_incident_km": 3.259, "rainfall_mm": 60.0}}, {"type": "Feature", "geometry": {"type": "Point", "coordinates": [78.391707, 17.494138]}, "properties": {"cell_id": 2083, "risk_score": 0.2718, "severity_band": "green", "population_exposed": 1603, "dist_to_drain_km": 0.401, "dist_to_incident_km": 3.733, "rainfall_mm": 60.0}}, {"type": "Feature", "geometry": {"type": "Point", "coordinates": [78.396207, 17.494138]}, "properties": {"cell_id": 2084, "risk_score": 0.2564, "severity_band": "green", "population_exposed": 1589, "dist_to_drain_km": 0.456, "dist_to_incident_km": 4.207, "rainfall_mm": 60.0}}, {"type": "Feature", "geometry": {"type": "Point", "coordinates": [78.400707, 17.494138]}, "properties": {"cell_id": 2085, "risk_score": 0.2027, "severity_band": "green", "population_exposed": 1569, "dist_to_drain_km": 0.684, "dist_to_incident_km": 4.682, "rainfall_mm": 60.0}}, {"type": "Feature", "geometry": {"type": "Point", "coordinates": [78.405207, 17.494138]}, "properties": {"cell_id": 2086, "risk_score": 0.1994, "severity_band": "green", "population_exposed": 1545, "dist_to_drain_km": 0.708, "dist_to_incident_km": 5.157, "rainfall_mm": 60.0}}, {"type": "Feature", "geometry": {"type": "Point", "coordinates": [78.409707, 17.494138]}, "properties": {"cell_id": 2087, "risk_score": 0.2027, "severity_band": "green", "population_exposed": 1518, "dist_to_drain_km": 0.66, "dist_to_incident_km": 5.633, "rainfall_mm": 60.0}}, {"type": "Feature", "geometry": {"type": "Point", "coordinates": [78.414207, 17.494138]}, "properties": {"cell_id": 2088, "risk_score": 0.2554, "severity_band": "green", "population_exposed": 1490, "dist_to_drain_km": 0.498, "dist_to_incident_km": 6.108, "rainfall_mm": 60.0}}, {"type": "Feature", "geometry": {"type": "Point", "coordinates": [78.418707, 17.494138]}, "properties": {"cell_id": 2089, "risk_score": 0.3189, "severity_band": "red", "population_exposed": 1461, "dist_to_drain_km": 0.375, "dist_to_incident_km": 6.58, "rainfall_mm": 60.0}}, {"type": "Feature", "geometry": {"type": "Point", "coordinates": [78.423207, 17.494138]}, "properties": {"cell_id": 2090, "risk_score": 0.4064, "severity_band": "red", "population_exposed": 1432, "dist_to_drain_km": 0.107, "dist_to_incident_km": 6.802, "rainfall_mm": 60.0}}, {"type": "Feature", "geometry": {"type": "Point", "coordinates": [78.427707, 17.494138]}, "properties": {"cell_id": 2091, "risk_score": 0.319, "severity_band": "red", "population_exposed": 1404, "dist_to_drain_km": 0.343, "dist_to_incident_km": 6.515, "rainfall_mm": 60.0}}, {"type": "Feature", "geometry": {"type": "Point", "coordinates": [78.432207, 17.494138]}, "properties": {"cell_id": 2092, "risk_score": 0.1698, "severity_band": "green", "population_exposed": 1378, "dist_to_drain_km": 0.814, "dist_to_incident_km": 6.253, "rainfall_mm": 60.0}}, {"type": "Feature", "geometry": {"type": "Point", "coordinates": [78.436707, 17.494138]}, "properties": {"cell_id": 2093, "risk_score": 0.1298, "severity_band": "green", "population_exposed": 1353, "dist_to_drain_km": 1.277, "dist_to_incident_km": 6.017, "rainfall_mm": 60.0}}, {"type": "Feature", "geometry": {"type": "Point", "coordinates": [78.441207, 17.494138]}, "properties": {"cell_id": 2094, "risk_score": 0.1273, "severity_band": "green", "population_exposed": 1330, "dist_to_drain_km": 1.387, "dist_to_incident_km": 5.622, "rainfall_mm": 60.0}}, {"type": "Feature", "geometry": {"type": "Point", "coordinates": [78.445707, 17.494138]}, "properties": {"cell_id": 2095, "risk_score": 0.1614, "severity_band": "green", "population_exposed": 1308, "dist_to_drain_km": 0.91, "dist_to_incident_km": 5.247, "rainfall_mm": 60.0}}, {"type": "Feature", "geometry": {"type": "Point", "coordinates": [78.450207, 17.494138]}, "properties": {"cell_id": 2096, "risk_score": 0.2564, "severity_band": "green", "population_exposed": 1288, "dist_to_drain_km": 0.433, "dist_to_incident_km": 4.89, "rainfall_mm": 60.0}}, {"type": "Feature", "geometry": {"type": "Point", "coordinates": [78.454707, 17.494138]}, "properties": {"cell_id": 2097, "risk_score": 0.447, "severity_band": "red", "population_exposed": 1269, "dist_to_drain_km": 0.002, "dist_to_incident_km": 4.554, "rainfall_mm": 60.0}}, {"type": "Feature", "geometry": {"type": "Point", "coordinates": [78.459207, 17.494138]}, "properties": {"cell_id": 2098, "risk_score": 0.3327, "severity_band": "red", "population_exposed": 1252, "dist_to_drain_km": 0.303, "dist_to_incident_km": 4.246, "rainfall_mm": 60.0}}, {"type": "Feature", "geometry": {"type": "Point", "coordinates": [78.463707, 17.494138]}, "properties": {"cell_id": 2099, "risk_score": 0.2034, "severity_band": "green", "population_exposed": 1235, "dist_to_drain_km": 0.68, "dist_to_incident_km": 3.972, "rainfall_mm": 60.0}}, {"type": "Feature", "geometry": {"type": "Point", "coordinates": [78.468207, 17.494138]}, "properties": {"cell_id": 2100, "risk_score": 0.1605, "severity_band": "green", "population_exposed": 1219, "dist_to_drain_km": 1.014, "dist_to_incident_km": 3.738, "rainfall_mm": 60.0}}, {"type": "Feature", "geometry": {"type": "Point", "coordinates": [78.495207, 17.494138]}, "properties": {"cell_id": 2101, "risk_score": 0.1438, "severity_band": "green", "population_exposed": 1118, "dist_to_drain_km": 1.149, "dist_to_incident_km": 3.57, "rainfall_mm": 60.0}}, {"type": "Feature", "geometry": {"type": "Point", "coordinates": [78.499707, 17.494138]}, "properties": {"cell_id": 2102, "risk_score": 0.1621, "severity_band": "green", "population_exposed": 1100, "dist_to_drain_km": 0.857, "dist_to_incident_km": 3.76, "rainfall_mm": 60.0}}, {"type": "Feature", "geometry": {"type": "Point", "coordinates": [78.504207, 17.494138]}, "properties": {"cell_id": 2103, "risk_score": 0.1956, "severity_band": "green", "population_exposed": 1080, "dist_to_drain_km": 0.715, "dist_to_incident_km": 3.998, "rainfall_mm": 60.0}}, {"type": "Feature", "geometry": {"type": "Point", "coordinates": [78.508707, 17.494138]}, "properties": {"cell_id": 2104, "risk_score": 0.1845, "severity_band": "green", "population_exposed": 1059, "dist_to_drain_km": 0.8, "dist_to_incident_km": 4.276, "rainfall_mm": 60.0}}, {"type": "Feature", "geometry": {"type": "Point", "coordinates": [78.535707, 17.494138]}, "properties": {"cell_id": 2105, "risk_score": 0.1273, "severity_band": "green", "population_exposed": 922, "dist_to_drain_km": 1.637, "dist_to_incident_km": 4.779, "rainfall_mm": 60.0}}, {"type": "Feature", "geometry": {"type": "Point", "coordinates": [78.540207, 17.494138]}, "properties": {"cell_id": 2106, "risk_score": 0.1434, "severity_band": "green", "population_exposed": 898, "dist_to_drain_km": 1.163, "dist_to_incident_km": 4.79, "rainfall_mm": 60.0}}, {"type": "Feature", "geometry": {"type": "Point", "coordinates": [78.544707, 17.494138]}, "properties": {"cell_id": 2107, "risk_score": 0.2023, "severity_band": "green", "population_exposed": 874, "dist_to_drain_km": 0.694, "dist_to_incident_km": 4.848, "rainfall_mm": 60.0}}, {"type": "Feature", "geometry": {"type": "Point", "coordinates": [78.549207, 17.494138]}, "properties": {"cell_id": 2108, "risk_score": 0.3555, "severity_band": "red", "population_exposed": 849, "dist_to_drain_km": 0.257, "dist_to_incident_km": 4.952, "rainfall_mm": 60.0}}, {"type": "Feature", "geometry": {"type": "Point", "coordinates": [78.553707, 17.494138]}, "properties": {"cell_id": 2109, "risk_score": 0.3918, "severity_band": "red", "population_exposed": 826, "dist_to_drain_km": 0.128, "dist_to_incident_km": 5.099, "rainfall_mm": 60.0}}, {"type": "Feature", "geometry": {"type": "Point", "coordinates": [78.558207, 17.494138]}, "properties": {"cell_id": 2110, "risk_score": 0.319, "severity_band": "red", "population_exposed": 802, "dist_to_drain_km": 0.335, "dist_to_incident_km": 5.285, "rainfall_mm": 60.0}}, {"type": "Feature", "geometry": {"type": "Point", "coordinates": [78.562707, 17.494138]}, "properties": {"cell_id": 2111, "risk_score": 0.1933, "severity_band": "green", "population_exposed": 779, "dist_to_drain_km": 0.766, "dist_to_incident_km": 5.506, "rainfall_mm": 60.0}}, {"type": "Feature", "geometry": {"type": "Point", "coordinates": [78.567207, 17.494138]}, "properties": {"cell_id": 2112, "risk_score": 0.1318, "severity_band": "green", "population_exposed": 756, "dist_to_drain_km": 1.225, "dist_to_incident_km": 5.758, "rainfall_mm": 60.0}}, {"type": "Feature", "geometry": {"type": "Point", "coordinates": [78.571707, 17.494138]}, "properties": {"cell_id": 2113, "risk_score": 0.1273, "severity_band": "green", "population_exposed": 734, "dist_to_drain_km": 1.695, "dist_to_incident_km": 6.037, "rainfall_mm": 60.0}}, {"type": "Feature", "geometry": {"type": "Point", "coordinates": [78.576207, 17.494138]}, "properties": {"cell_id": 2114, "risk_score": 0.1273, "severity_band": "green", "population_exposed": 713, "dist_to_drain_km": 1.318, "dist_to_incident_km": 6.341, "rainfall_mm": 60.0}}, {"type": "Feature", "geometry": {"type": "Point", "coordinates": [78.580707, 17.494138]}, "properties": {"cell_id": 2115, "risk_score": 0.1614, "severity_band": "green", "population_exposed": 693, "dist_to_drain_km": 0.864, "dist_to_incident_km": 6.664, "rainfall_mm": 60.0}}, {"type": "Feature", "geometry": {"type": "Point", "coordinates": [78.585207, 17.494138]}, "properties": {"cell_id": 2116, "risk_score": 0.2564, "severity_band": "green", "population_exposed": 673, "dist_to_drain_km": 0.435, "dist_to_incident_km": 7.005, "rainfall_mm": 60.0}}, {"type": "Feature", "geometry": {"type": "Point", "coordinates": [78.315207, 17.498638]}, "properties": {"cell_id": 2117, "risk_score": 0.3884, "severity_band": "red", "population_exposed": 881, "dist_to_drain_km": 0.142, "dist_to_incident_km": 4.407, "rainfall_mm": 60.0}}, {"type": "Feature", "geometry": {"type": "Point", "coordinates": [78.319707, 17.498638]}, "properties": {"cell_id": 2118, "risk_score": 0.3249, "severity_band": "red", "population_exposed": 926, "dist_to_drain_km": 0.321, "dist_to_incident_km": 3.93, "rainfall_mm": 60.0}}, {"type": "Feature", "geometry": {"type": "Point", "coordinates": [78.324207, 17.498638]}, "properties": {"cell_id": 2119, "risk_score": 0.2568, "severity_band": "green", "population_exposed": 972, "dist_to_drain_km": 0.437, "dist_to_incident_km": 3.453, "rainfall_mm": 60.0}}, {"type": "Feature", "geometry": {"type": "Point", "coordinates": [78.328707, 17.498638]}, "properties": {"cell_id": 2120, "risk_score": 0.4525, "severity_band": "red", "population_exposed": 1021, "dist_to_drain_km": 0.031, "dist_to_incident_km": 2.976, "rainfall_mm": 60.0}}, {"type": "Feature", "geometry": {"type": "Point", "coordinates": [78.333207, 17.498638]}, "properties": {"cell_id": 2121, "risk_score": 0.4699, "severity_band": "red", "population_exposed": 1071, "dist_to_drain_km": 0.052, "dist_to_incident_km": 2.499, "rainfall_mm": 60.0}}, {"type": "Feature", "geometry": {"type": "Point", "coordinates": [78.337707, 17.498638]}, "properties": {"cell_id": 2122, "risk_score": 0.3437, "severity_band": "red", "population_exposed": 1122, "dist_to_drain_km": 0.378, "dist_to_incident_km": 2.022, "rainfall_mm": 60.0}}, {"type": "Feature", "geometry": {"type": "Point", "coordinates": [78.342207, 17.498638]}, "properties": {"cell_id": 2123, "risk_score": 0.3515, "severity_band": "red", "population_exposed": 1174, "dist_to_drain_km": 0.369, "dist_to_incident_km": 1.545, "rainfall_mm": 60.0}}, {"type": "Feature", "geometry": {"type": "Point", "coordinates": [78.346707, 17.498638]}, "properties": {"cell_id": 2124, "risk_score": 0.4282, "severity_band": "red", "population_exposed": 1224, "dist_to_drain_km": 0.316, "dist_to_incident_km": 1.068, "rainfall_mm": 60.0}}, {"type": "Feature", "geometry": {"type": "Point", "coordinates": [78.351207, 17.498638]}, "properties": {"cell_id": 2125, "risk_score": 0.6279, "severity_band": "red", "population_exposed": 1272, "dist_to_drain_km": 0.046, "dist_to_incident_km": 0.592, "rainfall_mm": 60.0}}, {"type": "Feature", "geometry": {"type": "Point", "coordinates": [78.355707, 17.498638]}, "properties": {"cell_id": 2126, "risk_score": 0.6092, "severity_band": "red", "population_exposed": 1318, "dist_to_drain_km": 0.241, "dist_to_incident_km": 0.124, "rainfall_mm": 60.0}}, {"type": "Feature", "geometry": {"type": "Point", "coordinates": [78.360207, 17.498638]}, "properties": {"cell_id": 2127, "risk_score": 0.586, "severity_band": "red", "population_exposed": 1360, "dist_to_drain_km": 0.196, "dist_to_incident_km": 0.369, "rainfall_mm": 60.0}}, {"type": "Feature", "geometry": {"type": "Point", "coordinates": [78.364707, 17.498638]}, "properties": {"cell_id": 2128, "risk_score": 0.3548, "severity_band": "red", "population_exposed": 1397, "dist_to_drain_km": 0.571, "dist_to_incident_km": 0.844, "rainfall_mm": 60.0}}, {"type": "Feature", "geometry": {"type": "Point", "coordinates": [78.369207, 17.498638]}, "properties": {"cell_id": 2129, "risk_score": 0.2371, "severity_band": "green", "population_exposed": 1427, "dist_to_drain_km": 0.948, "dist_to_incident_km": 1.321, "rainfall_mm": 60.0}}, {"type": "Feature", "geometry": {"type": "Point", "coordinates": [78.373707, 17.498638]}, "properties": {"cell_id": 2130, "risk_score": 0.2186, "severity_band": "green", "population_exposed": 1451, "dist_to_drain_km": 0.977, "dist_to_incident_km": 1.798, "rainfall_mm": 60.0}}, {"type": "Feature", "geometry": {"type": "Point", "coordinates": [78.378207, 17.498638]}, "properties": {"cell_id": 2131, "risk_score": 0.2622, "severity_band": "green", "population_exposed": 1468, "dist_to_drain_km": 0.579, "dist_to_incident_km": 2.275, "rainfall_mm": 60.0}}, {"type": "Feature", "geometry": {"type": "Point", "coordinates": [78.382707, 17.498638]}, "properties": {"cell_id": 2132, "risk_score": 0.3189, "severity_band": "red", "population_exposed": 1477, "dist_to_drain_km": 0.391, "dist_to_incident_km": 2.752, "rainfall_mm": 60.0}}, {"type": "Feature", "geometry": {"type": "Point", "coordinates": [78.387207, 17.498638]}, "properties": {"cell_id": 2133, "risk_score": 0.318, "severity_band": "red", "population_exposed": 1479, "dist_to_drain_km": 0.39, "dist_to_incident_km": 3.229, "rainfall_mm": 60.0}}, {"type": "Feature", "geometry": {"type": "Point", "coordinates": [78.391707, 17.498638]}, "properties": {"cell_id": 2134, "risk_score": 0.4491, "severity_band": "red", "population_exposed": 1475, "dist_to_drain_km": 0.02, "dist_to_incident_km": 3.706, "rainfall_mm": 60.0}}, {"type": "Feature", "geometry": {"type": "Point", "coordinates": [78.396207, 17.498638]}, "properties": {"cell_id": 2135, "risk_score": 0.3517, "severity_band": "red", "population_exposed": 1465, "dist_to_drain_km": 0.285, "dist_to_incident_km": 4.183, "rainfall_mm": 60.0}}, {"type": "Feature", "geometry": {"type": "Point", "coordinates": [78.400707, 17.498638]}, "properties": {"cell_id": 2136, "risk_score": 0.3707, "severity_band": "red", "population_exposed": 1450, "dist_to_drain_km": 0.186, "dist_to_incident_km": 4.661, "rainfall_mm": 60.0}}, {"type": "Feature", "geometry": {"type": "Point", "coordinates": [78.405207, 17.498638]}, "properties": {"cell_id": 2137, "risk_score": 0.3555, "severity_band": "red", "population_exposed": 1431, "dist_to_drain_km": 0.251, "dist_to_incident_km": 5.138, "rainfall_mm": 60.0}}, {"type": "Feature", "geometry": {"type": "Point", "coordinates": [78.409707, 17.498638]}, "properties": {"cell_id": 2138, "risk_score": 0.3649, "severity_band": "red", "population_exposed": 1410, "dist_to_drain_km": 0.201, "dist_to_incident_km": 5.615, "rainfall_mm": 60.0}}, {"type": "Feature", "geometry": {"type": "Point", "coordinates": [78.414207, 17.498638]}, "properties": {"cell_id": 2139, "risk_score": 0.4419, "severity_band": "red", "population_exposed": 1386, "dist_to_drain_km": 0.053, "dist_to_incident_km": 6.092, "rainfall_mm": 60.0}}, {"type": "Feature", "geometry": {"type": "Point", "coordinates": [78.418707, 17.498638]}, "properties": {"cell_id": 2140, "risk_score": 0.3918, "severity_band": "red", "population_exposed": 1362, "dist_to_drain_km": 0.12, "dist_to_incident_km": 6.569, "rainfall_mm": 60.0}}, {"type": "Feature", "geometry": {"type": "Point", "coordinates": [78.423207, 17.498638]}, "properties": {"cell_id": 2141, "risk_score": 0.3457, "severity_band": "red", "population_exposed": 1338, "dist_to_drain_km": 0.292, "dist_to_incident_km": 7.242, "rainfall_mm": 60.0}}, {"type": "Feature", "geometry": {"type": "Point", "coordinates": [78.427707, 17.498638]}, "properties": {"cell_id": 2142, "risk_score": 0.2143, "severity_band": "green", "population_exposed": 1315, "dist_to_drain_km": 0.589, "dist_to_incident_km": 6.93, "rainfall_mm": 60.0}}, {"type": "Feature", "geometry": {"type": "Point", "coordinates": [78.432207, 17.498638]}, "properties": {"cell_id": 2143, "risk_score": 0.1605, "severity_band": "green", "population_exposed": 1292, "dist_to_drain_km": 0.999, "dist_to_incident_km": 6.685, "rainfall_mm": 60.0}}, {"type": "Feature", "geometry": {"type": "Point", "coordinates": [78.436707, 17.498638]}, "properties": {"cell_id": 2144, "risk_score": 0.1273, "severity_band": "green", "population_exposed": 1270, "dist_to_drain_km": 1.414, "dist_to_incident_km": 6.305, "rainfall_mm": 60.0}}, {"type": "Feature", "geometry": {"type": "Point", "coordinates": [78.441207, 17.498638]}, "properties": {"cell_id": 2145, "risk_score": 0.1273, "severity_band": "green", "population_exposed": 1249, "dist_to_drain_km": 1.484, "dist_to_incident_km": 5.934, "rainfall_mm": 60.0}}, {"type": "Feature", "geometry": {"type": "Point", "coordinates": [78.445707, 17.498638]}, "properties": {"cell_id": 2146, "risk_score": 0.1597, "severity_band": "green", "population_exposed": 1230, "dist_to_drain_km": 1.051, "dist_to_incident_km": 5.58, "rainfall_mm": 60.0}}, {"type": "Feature", "geometry": {"type": "Point", "coordinates": [78.450207, 17.498638]}, "properties": {"cell_id": 2147, "risk_score": 0.2039, "severity_band": "green", "population_exposed": 1212, "dist_to_drain_km": 0.643, "dist_to_incident_km": 5.246, "rainfall_mm": 60.0}}, {"type": "Feature", "geometry": {"type": "Point", "coordinates": [78.454707, 17.498638]}, "properties": {"cell_id": 2148, "risk_score": 0.3533, "severity_band": "red", "population_exposed": 1194, "dist_to_drain_km": 0.257, "dist_to_incident_km": 4.935, "rainfall_mm": 60.0}}, {"type": "Feature", "geometry": {"type": "Point", "coordinates": [78.459207, 17.498638]}, "properties": {"cell_id": 2149, "risk_score": 0.4448, "severity_band": "red", "population_exposed": 1178, "dist_to_drain_km": 0.03, "dist_to_incident_km": 4.652, "rainfall_mm": 60.0}}, {"type": "Feature", "geometry": {"type": "Point", "coordinates": [78.463707, 17.498638]}, "properties": {"cell_id": 2150, "risk_score": 0.3207, "severity_band": "red", "population_exposed": 1162, "dist_to_drain_km": 0.324, "dist_to_incident_km": 4.403, "rainfall_mm": 60.0}}, {"type": "Feature", "geometry": {"type": "Point", "coordinates": [78.468207, 17.498638]}, "properties": {"cell_id": 2151, "risk_score": 0.2039, "severity_band": "green", "population_exposed": 1147, "dist_to_drain_km": 0.639, "dist_to_incident_km": 4.193, "rainfall_mm": 60.0}}, {"type": "Feature", "geometry": {"type": "Point", "coordinates": [78.472707, 17.498638]}, "properties": {"cell_id": 2152, "risk_score": 0.2596, "severity_band": "green", "population_exposed": 1132, "dist_to_drain_km": 0.416, "dist_to_incident_km": 4.03, "rainfall_mm": 60.0}}, {"type": "Feature", "geometry": {"type": "Point", "coordinates": [78.477207, 17.498638]}, "properties": {"cell_id": 2153, "risk_score": 0.239, "severity_band": "green", "population_exposed": 1117, "dist_to_drain_km": 0.535, "dist_to_incident_km": 3.918, "rainfall_mm": 60.0}}, {"type": "Feature", "geometry": {"type": "Point", "coordinates": [78.495207, 17.498638]}, "properties": {"cell_id": 2154, "risk_score": 0.1956, "severity_band": "green", "population_exposed": 1053, "dist_to_drain_km": 0.735, "dist_to_incident_km": 4.044, "rainfall_mm": 60.0}}, {"type": "Feature", "geometry": {"type": "Point", "coordinates": [78.499707, 17.498638]}, "properties": {"cell_id": 2155, "risk_score": 0.2564, "severity_band": "green", "population_exposed": 1036, "dist_to_drain_km": 0.459, "dist_to_incident_km": 4.212, "rainfall_mm": 60.0}}, {"type": "Feature", "geometry": {"type": "Point", "coordinates": [78.504207, 17.498638]}, "properties": {"cell_id": 2156, "risk_score": 0.359, "severity_band": "red", "population_exposed": 1018, "dist_to_drain_km": 0.224, "dist_to_incident_km": 4.426, "rainfall_mm": 60.0}}, {"type": "Feature", "geometry": {"type": "Point", "coordinates": [78.508707, 17.498638]}, "properties": {"cell_id": 2157, "risk_score": 0.2603, "severity_band": "green", "population_exposed": 1000, "dist_to_drain_km": 0.413, "dist_to_incident_km": 4.679, "rainfall_mm": 60.0}}, {"type": "Feature", "geometry": {"type": "Point", "coordinates": [78.513207, 17.498638]}, "properties": {"cell_id": 2158, "risk_score": 0.1647, "severity_band": "green", "population_exposed": 980, "dist_to_drain_km": 0.842, "dist_to_incident_km": 4.965, "rainfall_mm": 60.0}}, {"type": "Feature", "geometry": {"type": "Point", "coordinates": [78.535707, 17.498638]}, "properties": {"cell_id": 2159, "risk_score": 0.1273, "severity_band": "green", "population_exposed": 876, "dist_to_drain_km": 1.64, "dist_to_incident_km": 5.279, "rainfall_mm": 60.0}}, {"type": "Feature", "geometry": {"type": "Point", "coordinates": [78.540207, 17.498638]}, "properties": {"cell_id": 2160, "risk_score": 0.1434, "severity_band": "green", "population_exposed": 854, "dist_to_drain_km": 1.169, "dist_to_incident_km": 5.289, "rainfall_mm": 60.0}}, {"type": "Feature", "geometry": {"type": "Point", "coordinates": [78.544707, 17.498638]}, "properties": {"cell_id": 2161, "risk_score": 0.2003, "severity_band": "green", "population_exposed": 832, "dist_to_drain_km": 0.707, "dist_to_incident_km": 5.342, "rainfall_mm": 60.0}}, {"type": "Feature", "geometry": {"type": "Point", "coordinates": [78.549207, 17.498638]}, "properties": {"cell_id": 2162, "risk_score": 0.3365, "severity_band": "red", "population_exposed": 811, "dist_to_drain_km": 0.297, "dist_to_incident_km": 5.437, "rainfall_mm": 60.0}}, {"type": "Feature", "geometry": {"type": "Point", "coordinates": [78.553707, 17.498638]}, "properties": {"cell_id": 2163, "risk_score": 0.4377, "severity_band": "red", "population_exposed": 789, "dist_to_drain_km": 0.056, "dist_to_incident_km": 5.57, "rainfall_mm": 60.0}}, {"type": "Feature", "geometry": {"type": "Point", "coordinates": [78.558207, 17.498638]}, "properties": {"cell_id": 2164, "risk_score": 0.325, "severity_band": "red", "population_exposed": 768, "dist_to_drain_km": 0.316, "dist_to_incident_km": 5.741, "rainfall_mm": 60.0}}, {"type": "Feature", "geometry": {"type": "Point", "coordinates": [78.562707, 17.498638]}, "properties": {"cell_id": 2165, "risk_score": 0.1928, "severity_band": "green", "population_exposed": 748, "dist_to_drain_km": 0.758, "dist_to_incident_km": 5.945, "rainfall_mm": 60.0}}, {"type": "Feature", "geometry": {"type": "Point", "coordinates": [78.567207, 17.498638]}, "properties": {"cell_id": 2166, "risk_score": 0.1321, "severity_band": "green", "population_exposed": 727, "dist_to_drain_km": 1.22, "dist_to_incident_km": 6.179, "rainfall_mm": 60.0}}, {"type": "Feature", "geometry": {"type": "Point", "coordinates": [78.571707, 17.498638]}, "properties": {"cell_id": 2167, "risk_score": 0.1273, "severity_band": "green", "population_exposed": 707, "dist_to_drain_km": 1.683, "dist_to_incident_km": 6.441, "rainfall_mm": 60.0}}, {"type": "Feature", "geometry": {"type": "Point", "coordinates": [78.576207, 17.498638]}, "properties": {"cell_id": 2168, "risk_score": 0.1352, "severity_band": "green", "population_exposed": 688, "dist_to_drain_km": 1.209, "dist_to_incident_km": 6.726, "rainfall_mm": 60.0}}, {"type": "Feature", "geometry": {"type": "Point", "coordinates": [78.580707, 17.498638]}, "properties": {"cell_id": 2169, "risk_score": 0.1936, "severity_band": "green", "population_exposed": 670, "dist_to_drain_km": 0.739, "dist_to_incident_km": 7.031, "rainfall_mm": 60.0}}, {"type": "Feature", "geometry": {"type": "Point", "coordinates": [78.585207, 17.498638]}, "properties": {"cell_id": 2170, "risk_score": 0.3523, "severity_band": "red", "population_exposed": 652, "dist_to_drain_km": 0.278, "dist_to_incident_km": 7.356, "rainfall_mm": 60.0}}, {"type": "Feature", "geometry": {"type": "Point", "coordinates": [78.288207, 17.503138]}, "properties": {"cell_id": 2171, "risk_score": 0.2554, "severity_band": "green", "population_exposed": 648, "dist_to_drain_km": 0.513, "dist_to_incident_km": 7.291, "rainfall_mm": 60.0}}, {"type": "Feature", "geometry": {"type": "Point", "coordinates": [78.306207, 17.503138]}, "properties": {"cell_id": 2172, "risk_score": 0.1627, "severity_band": "green", "population_exposed": 768, "dist_to_drain_km": 0.845, "dist_to_incident_km": 5.39, "rainfall_mm": 60.0}}, {"type": "Feature", "geometry": {"type": "Point", "coordinates": [78.315207, 17.503138]}, "properties": {"cell_id": 2173, "risk_score": 0.4358, "severity_band": "red", "population_exposed": 841, "dist_to_drain_km": 0.063, "dist_to_incident_km": 4.442, "rainfall_mm": 60.0}}, {"type": "Feature", "geometry": {"type": "Point", "coordinates": [78.319707, 17.503138]}, "properties": {"cell_id": 2174, "risk_score": 0.3574, "severity_band": "red", "population_exposed": 881, "dist_to_drain_km": 0.24, "dist_to_incident_km": 3.968, "rainfall_mm": 60.0}}, {"type": "Feature", "geometry": {"type": "Point", "coordinates": [78.324207, 17.503138]}, "properties": {"cell_id": 2175, "risk_score": 0.2718, "severity_band": "green", "population_exposed": 922, "dist_to_drain_km": 0.408, "dist_to_incident_km": 3.497, "rainfall_mm": 60.0}}, {"type": "Feature", "geometry": {"type": "Point", "coordinates": [78.328707, 17.503138]}, "properties": {"cell_id": 2176, "risk_score": 0.4505, "severity_band": "red", "population_exposed": 965, "dist_to_drain_km": 0.048, "dist_to_incident_km": 3.026, "rainfall_mm": 60.0}}, {"type": "Feature", "geometry": {"type": "Point", "coordinates": [78.333207, 17.503138]}, "properties": {"cell_id": 2177, "risk_score": 0.3608, "severity_band": "red", "population_exposed": 1008, "dist_to_drain_km": 0.253, "dist_to_incident_km": 2.559, "rainfall_mm": 60.0}}, {"type": "Feature", "geometry": {"type": "Point", "coordinates": [78.337707, 17.503138]}, "properties": {"cell_id": 2178, "risk_score": 0.3708, "severity_band": "red", "population_exposed": 1053, "dist_to_drain_km": 0.241, "dist_to_incident_km": 2.095, "rainfall_mm": 60.0}}, {"type": "Feature", "geometry": {"type": "Point", "coordinates": [78.342207, 17.503138]}, "properties": {"cell_id": 2179, "risk_score": 0.4888, "severity_band": "red", "population_exposed": 1097, "dist_to_drain_km": 0.021, "dist_to_incident_km": 1.64, "rainfall_mm": 60.0}}, {"type": "Feature", "geometry": {"type": "Point", "coordinates": [78.346707, 17.503138]}, "properties": {"cell_id": 2180, "risk_score": 0.3595, "severity_band": "red", "population_exposed": 1140, "dist_to_drain_km": 0.477, "dist_to_incident_km": 1.201, "rainfall_mm": 60.0}}, {"type": "Feature", "geometry": {"type": "Point", "coordinates": [78.351207, 17.503138]}, "properties": {"cell_id": 2181, "risk_score": 0.4479, "severity_band": "red", "population_exposed": 1182, "dist_to_drain_km": 0.325, "dist_to_incident_km": 0.808, "rainfall_mm": 60.0}}, {"type": "Feature", "geometry": {"type": "Point", "coordinates": [78.355707, 17.503138]}, "properties": {"cell_id": 2182, "risk_score": 0.5016, "severity_band": "red", "population_exposed": 1221, "dist_to_drain_km": 0.28, "dist_to_incident_km": 0.565, "rainfall_mm": 60.0}}, {"type": "Feature", "geometry": {"type": "Point", "coordinates": [78.360207, 17.503138]}, "properties": {"cell_id": 2183, "risk_score": 0.629, "severity_band": "red", "population_exposed": 1256, "dist_to_drain_km": 0.063, "dist_to_incident_km": 0.663, "rainfall_mm": 60.0}}, {"type": "Feature", "geometry": {"type": "Point", "coordinates": [78.364707, 17.503138]}, "properties": {"cell_id": 2184, "risk_score": 0.3639, "severity_band": "red", "population_exposed": 1288, "dist_to_drain_km": 0.495, "dist_to_incident_km": 1.008, "rainfall_mm": 60.0}}, {"type": "Feature", "geometry": {"type": "Point", "coordinates": [78.369207, 17.503138]}, "properties": {"cell_id": 2185, "risk_score": 0.2244, "severity_band": "green", "population_exposed": 1314, "dist_to_drain_km": 0.965, "dist_to_incident_km": 1.431, "rainfall_mm": 60.0}}, {"type": "Feature", "geometry": {"type": "Point", "coordinates": [78.373707, 17.503138]}, "properties": {"cell_id": 2186, "risk_score": 0.2184, "severity_band": "green", "population_exposed": 1335, "dist_to_drain_km": 0.896, "dist_to_incident_km": 1.88, "rainfall_mm": 60.0}}, {"type": "Feature", "geometry": {"type": "Point", "coordinates": [78.378207, 17.503138]}, "properties": {"cell_id": 2187, "risk_score": 0.2977, "severity_band": "red", "population_exposed": 1350, "dist_to_drain_km": 0.399, "dist_to_incident_km": 2.34, "rainfall_mm": 60.0}}, {"type": "Feature", "geometry": {"type": "Point", "coordinates": [78.382707, 17.503138]}, "properties": {"cell_id": 2188, "risk_score": 0.4583, "severity_band": "red", "population_exposed": 1359, "dist_to_drain_km": 0.02, "dist_to_incident_km": 2.806, "rainfall_mm": 60.0}}, {"type": "Feature", "geometry": {"type": "Point", "coordinates": [78.387207, 17.503138]}, "properties": {"cell_id": 2189, "risk_score": 0.3184, "severity_band": "red", "population_exposed": 1362, "dist_to_drain_km": 0.383, "dist_to_incident_km": 3.276, "rainfall_mm": 60.0}}, {"type": "Feature", "geometry": {"type": "Point", "coordinates": [78.391707, 17.503138]}, "properties": {"cell_id": 2190, "risk_score": 0.3711, "severity_band": "red", "population_exposed": 1360, "dist_to_drain_km": 0.183, "dist_to_incident_km": 3.747, "rainfall_mm": 60.0}}, {"type": "Feature", "geometry": {"type": "Point", "coordinates": [78.396207, 17.503138]}, "properties": {"cell_id": 2191, "risk_score": 0.3194, "severity_band": "red", "population_exposed": 1352, "dist_to_drain_km": 0.337, "dist_to_incident_km": 4.219, "rainfall_mm": 60.0}}, {"type": "Feature", "geometry": {"type": "Point", "coordinates": [78.400707, 17.503138]}, "properties": {"cell_id": 2192, "risk_score": 0.3918, "severity_band": "red", "population_exposed": 1341, "dist_to_drain_km": 0.129, "dist_to_incident_km": 4.693, "rainfall_mm": 60.0}}, {"type": "Feature", "geometry": {"type": "Point", "coordinates": [78.405207, 17.503138]}, "properties": {"cell_id": 2193, "risk_score": 0.4076, "severity_band": "red", "population_exposed": 1327, "dist_to_drain_km": 0.098, "dist_to_incident_km": 5.167, "rainfall_mm": 60.0}}, {"type": "Feature", "geometry": {"type": "Point", "coordinates": [78.409707, 17.503138]}, "properties": {"cell_id": 2194, "risk_score": 0.3586, "severity_band": "red", "population_exposed": 1310, "dist_to_drain_km": 0.221, "dist_to_incident_km": 5.642, "rainfall_mm": 60.0}}, {"type": "Feature", "geometry": {"type": "Point", "coordinates": [78.414207, 17.503138]}, "properties": {"cell_id": 2195, "risk_score": 0.4217, "severity_band": "red", "population_exposed": 1291, "dist_to_drain_km": 0.073, "dist_to_incident_km": 6.117, "rainfall_mm": 60.0}}, {"type": "Feature", "geometry": {"type": "Point", "coordinates": [78.418707, 17.503138]}, "properties": {"cell_id": 2196, "risk_score": 0.2338, "severity_band": "green", "population_exposed": 1271, "dist_to_drain_km": 0.543, "dist_to_incident_km": 6.592, "rainfall_mm": 60.0}}, {"type": "Feature", "geometry": {"type": "Point", "coordinates": [78.423207, 17.503138]}, "properties": {"cell_id": 2197, "risk_score": 0.2035, "severity_band": "green", "population_exposed": 1251, "dist_to_drain_km": 0.647, "dist_to_incident_km": 7.068, "rainfall_mm": 60.0}}, {"type": "Feature", "geometry": {"type": "Point", "coordinates": [78.427707, 17.503138]}, "properties": {"cell_id": 2198, "risk_score": 0.1614, "severity_band": "green", "population_exposed": 1231, "dist_to_drain_km": 0.956, "dist_to_incident_km": 7.356, "rainfall_mm": 60.0}}, {"type": "Feature", "geometry": {"type": "Point", "coordinates": [78.432207, 17.503138]}, "properties": {"cell_id": 2199, "risk_score": 0.1298, "severity_band": "green", "population_exposed": 1211, "dist_to_drain_km": 1.28, "dist_to_incident_km": 6.989, "rainfall_mm": 60.0}}, {"type": "Feature", "geometry": {"type": "Point", "coordinates": [78.436707, 17.503138]}, "properties": {"cell_id": 2200, "risk_score": 0.1273, "severity_band": "green", "population_exposed": 1192, "dist_to_drain_km": 1.652, "dist_to_incident_km": 6.622, "rainfall_mm": 60.0}}, {"type": "Feature", "geometry": {"type": "Point", "coordinates": [78.441207, 17.503138]}, "properties": {"cell_id": 2201, "risk_score": 0.1273, "severity_band": "green", "population_exposed": 1174, "dist_to_drain_km": 1.712, "dist_to_incident_km": 6.271, "rainfall_mm": 60.0}}, {"type": "Feature", "geometry": {"type": "Point", "coordinates": [78.445707, 17.503138]}, "properties": {"cell_id": 2202, "risk_score": 0.1273, "severity_band": "green", "population_exposed": 1157, "dist_to_drain_km": 1.332, "dist_to_incident_km": 5.937, "rainfall_mm": 60.0}}, {"type": "Feature", "geometry": {"type": "Point", "coordinates": [78.450207, 17.503138]}, "properties": {"cell_id": 2203, "risk_score": 0.1614, "severity_band": "green", "population_exposed": 1140, "dist_to_drain_km": 0.9, "dist_to_incident_km": 5.624, "rainfall_mm": 60.0}}, {"type": "Feature", "geometry": {"type": "Point", "coordinates": [78.454707, 17.503138]}, "properties": {"cell_id": 2204, "risk_score": 0.2295, "severity_band": "green", "population_exposed": 1124, "dist_to_drain_km": 0.571, "dist_to_incident_km": 5.335, "rainfall_mm": 60.0}}, {"type": "Feature", "geometry": {"type": "Point", "coordinates": [78.459207, 17.503138]}, "properties": {"cell_id": 2205, "risk_score": 0.319, "severity_band": "red", "population_exposed": 1109, "dist_to_drain_km": 0.335, "dist_to_incident_km": 5.074, "rainfall_mm": 60.0}}, {"type": "Feature", "geometry": {"type": "Point", "coordinates": [78.463707, 17.503138]}, "properties": {"cell_id": 2206, "risk_score": 0.4419, "severity_band": "red", "population_exposed": 1095, "dist_to_drain_km": 0.05, "dist_to_incident_km": 4.847, "rainfall_mm": 60.0}}, {"type": "Feature", "geometry": {"type": "Point", "coordinates": [78.468207, 17.503138]}, "properties": {"cell_id": 2207, "risk_score": 0.3691, "severity_band": "red", "population_exposed": 1080, "dist_to_drain_km": 0.191, "dist_to_incident_km": 4.658, "rainfall_mm": 60.0}}, {"type": "Feature", "geometry": {"type": "Point", "coordinates": [78.472707, 17.503138]}, "properties": {"cell_id": 2208, "risk_score": 0.4428, "severity_band": "red", "population_exposed": 1066, "dist_to_drain_km": 0.049, "dist_to_incident_km": 4.511, "rainfall_mm": 60.0}}, {"type": "Feature", "geometry": {"type": "Point", "coordinates": [78.477207, 17.503138]}, "properties": {"cell_id": 2209, "risk_score": 0.3857, "severity_band": "red", "population_exposed": 1052, "dist_to_drain_km": 0.167, "dist_to_incident_km": 4.412, "rainfall_mm": 60.0}}, {"type": "Feature", "geometry": {"type": "Point", "coordinates": [78.481707, 17.503138]}, "properties": {"cell_id": 2210, "risk_score": 0.2075, "severity_band": "green", "population_exposed": 1038, "dist_to_drain_km": 0.627, "dist_to_incident_km": 4.362, "rainfall_mm": 60.0}}, {"type": "Feature", "geometry": {"type": "Point", "coordinates": [78.486207, 17.503138]}, "properties": {"cell_id": 2211, "risk_score": 0.1593, "severity_band": "green", "population_exposed": 1024, "dist_to_drain_km": 1.09, "dist_to_incident_km": 4.365, "rainfall_mm": 60.0}}, {"type": "Feature", "geometry": {"type": "Point", "coordinates": [78.495207, 17.503138]}, "properties": {"cell_id": 2212, "risk_score": 0.2564, "severity_band": "green", "population_exposed": 994, "dist_to_drain_km": 0.443, "dist_to_incident_km": 4.524, "rainfall_mm": 60.0}}, {"type": "Feature", "geometry": {"type": "Point", "coordinates": [78.499707, 17.503138]}, "properties": {"cell_id": 2213, "risk_score": 0.4381, "severity_band": "red", "population_exposed": 978, "dist_to_drain_km": 0.059, "dist_to_incident_km": 4.675, "rainfall_mm": 60.0}}, {"type": "Feature", "geometry": {"type": "Point", "coordinates": [78.504207, 17.503138]}, "properties": {"cell_id": 2214, "risk_score": 0.4457, "severity_band": "red", "population_exposed": 962, "dist_to_drain_km": 0.009, "dist_to_incident_km": 4.868, "rainfall_mm": 60.0}}, {"type": "Feature", "geometry": {"type": "Point", "coordinates": [78.508707, 17.503138]}, "properties": {"cell_id": 2215, "risk_score": 0.319, "severity_band": "red", "population_exposed": 945, "dist_to_drain_km": 0.347, "dist_to_incident_km": 5.099, "rainfall_mm": 60.0}}, {"type": "Feature", "geometry": {"type": "Point", "coordinates": [78.513207, 17.503138]}, "properties": {"cell_id": 2216, "risk_score": 0.1783, "severity_band": "green", "population_exposed": 927, "dist_to_drain_km": 0.807, "dist_to_incident_km": 5.362, "rainfall_mm": 60.0}}, {"type": "Feature", "geometry": {"type": "Point", "coordinates": [78.531207, 17.503138]}, "properties": {"cell_id": 2217, "risk_score": 0.1273, "severity_band": "green", "population_exposed": 853, "dist_to_drain_km": 1.603, "dist_to_incident_km": 5.809, "rainfall_mm": 60.0}}, {"type": "Feature", "geometry": {"type": "Point", "coordinates": [78.535707, 17.503138]}, "properties": {"cell_id": 2218, "risk_score": 0.1273, "severity_band": "green", "population_exposed": 834, "dist_to_drain_km": 1.316, "dist_to_incident_km": 5.779, "rainfall_mm": 60.0}}, {"type": "Feature", "geometry": {"type": "Point", "coordinates": [78.540207, 17.503138]}, "properties": {"cell_id": 2219, "risk_score": 0.1438, "severity_band": "green", "population_exposed": 814, "dist_to_drain_km": 1.162, "dist_to_incident_km": 5.789, "rainfall_mm": 60.0}}, {"type": "Feature", "geometry": {"type": "Point", "coordinates": [78.544707, 17.503138]}, "properties": {"cell_id": 2220, "risk_score": 0.1614, "severity_band": "green", "population_exposed": 794, "dist_to_drain_km": 0.915, "dist_to_incident_km": 5.837, "rainfall_mm": 60.0}}, {"type": "Feature", "geometry": {"type": "Point", "coordinates": [78.549207, 17.503138]}, "properties": {"cell_id": 2221, "risk_score": 0.2286, "severity_band": "green", "population_exposed": 775, "dist_to_drain_km": 0.572, "dist_to_incident_km": 5.923, "rainfall_mm": 60.0}}, {"type": "Feature", "geometry": {"type": "Point", "coordinates": [78.553707, 17.503138]}, "properties": {"cell_id": 2222, "risk_score": 0.2405, "severity_band": "green", "population_exposed": 756, "dist_to_drain_km": 0.523, "dist_to_incident_km": 6.047, "rainfall_mm": 60.0}}, {"type": "Feature", "geometry": {"type": "Point", "coordinates": [78.558207, 17.503138]}, "properties": {"cell_id": 2223, "risk_score": 0.2023, "severity_band": "green", "population_exposed": 737, "dist_to_drain_km": 0.684, "dist_to_incident_km": 6.204, "rainfall_mm": 60.0}}, {"type": "Feature", "geometry": {"type": "Point", "coordinates": [78.562707, 17.503138]}, "properties": {"cell_id": 2224, "risk_score": 0.1605, "severity_band": "green", "population_exposed": 718, "dist_to_drain_km": 0.997, "dist_to_incident_km": 6.393, "rainfall_mm": 60.0}}, {"type": "Feature", "geometry": {"type": "Point", "coordinates": [78.567207, 17.503138]}, "properties": {"cell_id": 2225, "risk_score": 0.1298, "severity_band": "green", "population_exposed": 700, "dist_to_drain_km": 1.275, "dist_to_incident_km": 6.612, "rainfall_mm": 60.0}}, {"type": "Feature", "geometry": {"type": "Point", "coordinates": [78.571707, 17.503138]}, "properties": {"cell_id": 2226, "risk_score": 0.1273, "severity_band": "green", "population_exposed": 682, "dist_to_drain_km": 1.446, "dist_to_incident_km": 6.857, "rainfall_mm": 60.0}}, {"type": "Feature", "geometry": {"type": "Point", "coordinates": [78.576207, 17.503138]}, "properties": {"cell_id": 2227, "risk_score": 0.159, "severity_band": "green", "population_exposed": 664, "dist_to_drain_km": 1.106, "dist_to_incident_km": 7.125, "rainfall_mm": 60.0}}, {"type": "Feature", "geometry": {"type": "Point", "coordinates": [78.580707, 17.503138]}, "properties": {"cell_id": 2228, "risk_score": 0.195, "severity_band": "green", "population_exposed": 648, "dist_to_drain_km": 0.712, "dist_to_incident_km": 7.414, "rainfall_mm": 60.0}}, {"type": "Feature", "geometry": {"type": "Point", "coordinates": [78.283707, 17.507638]}, "properties": {"cell_id": 2229, "risk_score": 0.3365, "severity_band": "red", "population_exposed": 606, "dist_to_drain_km": 0.296, "dist_to_incident_km": 7.819, "rainfall_mm": 60.0}}, {"type": "Feature", "geometry": {"type": "Point", "coordinates": [78.288207, 17.507638]}, "properties": {"cell_id": 2230, "risk_score": 0.3258, "severity_band": "red", "population_exposed": 629, "dist_to_drain_km": 0.315, "dist_to_incident_km": 7.346, "rainfall_mm": 60.0}}, {"type": "Feature", "geometry": {"type": "Point", "coordinates": [78.301707, 17.507638]}, "properties": {"cell_id": 2231, "risk_score": 0.336, "severity_band": "red", "population_exposed": 708, "dist_to_drain_km": 0.299, "dist_to_incident_km": 5.933, "rainfall_mm": 60.0}}, {"type": "Feature", "geometry": {"type": "Point", "coordinates": [78.306207, 17.507638]}, "properties": {"cell_id": 2232, "risk_score": 0.1933, "severity_band": "green", "population_exposed": 738, "dist_to_drain_km": 0.769, "dist_to_incident_km": 5.464, "rainfall_mm": 60.0}}, {"type": "Feature", "geometry": {"type": "Point", "coordinates": [78.310707, 17.507638]}, "properties": {"cell_id": 2233, "risk_score": 0.2396, "severity_band": "green", "population_exposed": 770, "dist_to_drain_km": 0.526, "dist_to_incident_km": 4.996, "rainfall_mm": 60.0}}, {"type": "Feature", "geometry": {"type": "Point", "coordinates": [78.315207, 17.507638]}, "properties": {"cell_id": 2234, "risk_score": 0.358, "severity_band": "red", "population_exposed": 803, "dist_to_drain_km": 0.225, "dist_to_incident_km": 4.531, "rainfall_mm": 60.0}}, {"type": "Feature", "geometry": {"type": "Point", "coordinates": [78.324207, 17.507638]}, "properties": {"cell_id": 2235, "risk_score": 0.3918, "severity_band": "red", "population_exposed": 874, "dist_to_drain_km": 0.134, "dist_to_incident_km": 3.61, "rainfall_mm": 60.0}}, {"type": "Feature", "geometry": {"type": "Point", "coordinates": [78.337707, 17.507638]}, "properties": {"cell_id": 2236, "risk_score": 0.2867, "severity_band": "green", "population_exposed": 988, "dist_to_drain_km": 0.519, "dist_to_incident_km": 2.279, "rainfall_mm": 60.0}}, {"type": "Feature", "geometry": {"type": "Point", "coordinates": [78.342207, 17.507638]}, "properties": {"cell_id": 2237, "risk_score": 0.3482, "severity_band": "red", "population_exposed": 1027, "dist_to_drain_km": 0.361, "dist_to_incident_km": 1.869, "rainfall_mm": 60.0}}, {"type": "Feature", "geometry": {"type": "Point", "coordinates": [78.346707, 17.507638]}, "properties": {"cell_id": 2238, "risk_score": 0.268, "severity_band": "green", "population_exposed": 1064, "dist_to_drain_km": 0.602, "dist_to_incident_km": 1.499, "rainfall_mm": 60.0}}, {"type": "Feature", "geometry": {"type": "Point", "coordinates": [78.351207, 17.507638]}, "properties": {"cell_id": 2239, "risk_score": 0.2829, "severity_band": "green", "population_exposed": 1100, "dist_to_drain_km": 0.81, "dist_to_incident_km": 1.207, "rainfall_mm": 60.0}}, {"type": "Feature", "geometry": {"type": "Point", "coordinates": [78.355707, 17.507638]}, "properties": {"cell_id": 2240, "risk_score": 0.3578, "severity_band": "red", "population_exposed": 1133, "dist_to_drain_km": 0.512, "dist_to_incident_km": 1.06, "rainfall_mm": 60.0}}, {"type": "Feature", "geometry": {"type": "Point", "coordinates": [78.360207, 17.507638]}, "properties": {"cell_id": 2241, "risk_score": 0.3775, "severity_band": "red", "population_exposed": 1164, "dist_to_drain_km": 0.407, "dist_to_incident_km": 1.115, "rainfall_mm": 60.0}}, {"type": "Feature", "geometry": {"type": "Point", "coordinates": [78.364707, 17.507638]}, "properties": {"cell_id": 2242, "risk_score": 0.2964, "severity_band": "red", "population_exposed": 1190, "dist_to_drain_km": 0.69, "dist_to_incident_km": 1.349, "rainfall_mm": 60.0}}, {"type": "Feature", "geometry": {"type": "Point", "coordinates": [78.369207, 17.507638]}, "properties": {"cell_id": 2243, "risk_score": 0.2431, "severity_band": "green", "population_exposed": 1213, "dist_to_drain_km": 0.738, "dist_to_incident_km": 1.689, "rainfall_mm": 60.0}}, {"type": "Feature", "geometry": {"type": "Point", "coordinates": [78.382707, 17.507638]}, "properties": {"cell_id": 2244, "risk_score": 0.3727, "severity_band": "red", "population_exposed": 1253, "dist_to_drain_km": 0.185, "dist_to_incident_km": 2.946, "rainfall_mm": 60.0}}, {"type": "Feature", "geometry": {"type": "Point", "coordinates": [78.387207, 17.507638]}, "properties": {"cell_id": 2245, "risk_score": 0.3194, "severity_band": "red", "population_exposed": 1257, "dist_to_drain_km": 0.347, "dist_to_incident_km": 3.396, "rainfall_mm": 60.0}}, {"type": "Feature", "geometry": {"type": "Point", "coordinates": [78.391707, 17.507638]}, "properties": {"cell_id": 2246, "risk_score": 0.3559, "severity_band": "red", "population_exposed": 1256, "dist_to_drain_km": 0.25, "dist_to_incident_km": 3.853, "rainfall_mm": 60.0}}, {"type": "Feature", "geometry": {"type": "Point", "coordinates": [78.396207, 17.507638]}, "properties": {"cell_id": 2247, "risk_score": 0.2554, "severity_band": "green", "population_exposed": 1252, "dist_to_drain_km": 0.508, "dist_to_incident_km": 4.314, "rainfall_mm": 60.0}}, {"type": "Feature", "geometry": {"type": "Point", "coordinates": [78.405207, 17.507638]}, "properties": {"cell_id": 2248, "risk_score": 0.2295, "severity_band": "green", "population_exposed": 1232, "dist_to_drain_km": 0.558, "dist_to_incident_km": 5.244, "rainfall_mm": 60.0}}, {"type": "Feature", "geometry": {"type": "Point", "coordinates": [78.409707, 17.507638]}, "properties": {"cell_id": 2249, "risk_score": 0.319, "severity_band": "red", "population_exposed": 1218, "dist_to_drain_km": 0.344, "dist_to_incident_km": 5.713, "rainfall_mm": 60.0}}, {"type": "Feature", "geometry": {"type": "Point", "coordinates": [78.414207, 17.507638]}, "properties": {"cell_id": 2250, "risk_score": 0.4457, "severity_band": "red", "population_exposed": 1203, "dist_to_drain_km": 0.021, "dist_to_incident_km": 6.182, "rainfall_mm": 60.0}}, {"type": "Feature", "geometry": {"type": "Point", "coordinates": [78.418707, 17.507638]}, "properties": {"cell_id": 2251, "risk_score": 0.2572, "severity_band": "green", "population_exposed": 1187, "dist_to_drain_km": 0.42, "dist_to_incident_km": 6.653, "rainfall_mm": 60.0}}, {"type": "Feature", "geometry": {"type": "Point", "coordinates": [78.423207, 17.507638]}, "properties": {"cell_id": 2252, "risk_score": 0.2023, "severity_band": "green", "population_exposed": 1170, "dist_to_drain_km": 0.66, "dist_to_incident_km": 7.125, "rainfall_mm": 60.0}}, {"type": "Feature", "geometry": {"type": "Point", "coordinates": [78.427707, 17.507638]}, "properties": {"cell_id": 2253, "risk_score": 0.1601, "severity_band": "green", "population_exposed": 1154, "dist_to_drain_km": 1.017, "dist_to_incident_km": 7.791, "rainfall_mm": 60.0}}, {"type": "Feature", "geometry": {"type": "Point", "coordinates": [78.432207, 17.507638]}, "properties": {"cell_id": 2254, "risk_score": 0.1273, "severity_band": "green", "population_exposed": 1136, "dist_to_drain_km": 1.446, "dist_to_incident_km": 7.311, "rainfall_mm": 60.0}}, {"type": "Feature", "geometry": {"type": "Point", "coordinates": [78.436707, 17.507638]}, "properties": {"cell_id": 2255, "risk_score": 0.1273, "severity_band": "green", "population_exposed": 1120, "dist_to_drain_km": 1.888, "dist_to_incident_km": 6.962, "rainfall_mm": 60.0}}, {"type": "Feature", "geometry": {"type": "Point", "coordinates": [78.441207, 17.507638]}, "properties": {"cell_id": 2256, "risk_score": 0.1273, "severity_band": "green", "population_exposed": 1104, "dist_to_drain_km": 1.975, "dist_to_incident_km": 6.628, "rainfall_mm": 60.0}}, {"type": "Feature", "geometry": {"type": "Point", "coordinates": [78.445707, 17.507638]}, "properties": {"cell_id": 2257, "risk_score": 0.1273, "severity_band": "green", "population_exposed": 1088, "dist_to_drain_km": 1.583, "dist_to_incident_km": 6.313, "rainfall_mm": 60.0}}, {"type": "Feature", "geometry": {"type": "Point", "coordinates": [78.450207, 17.507638]}, "properties": {"cell_id": 2258, "risk_score": 0.1298, "severity_band": "green", "population_exposed": 1074, "dist_to_drain_km": 1.251, "dist_to_incident_km": 6.02, "rainfall_mm": 60.0}}, {"type": "Feature", "geometry": {"type": "Point", "coordinates": [78.454707, 17.507638]}, "properties": {"cell_id": 2259, "risk_score": 0.1605, "severity_band": "green", "population_exposed": 1060, "dist_to_drain_km": 1.012, "dist_to_incident_km": 5.751, "rainfall_mm": 60.0}}, {"type": "Feature", "geometry": {"type": "Point", "coordinates": [78.459207, 17.507638]}, "properties": {"cell_id": 2260, "risk_score": 0.1949, "severity_band": "green", "population_exposed": 1046, "dist_to_drain_km": 0.716, "dist_to_incident_km": 5.51, "rainfall_mm": 60.0}}, {"type": "Feature", "geometry": {"type": "Point", "coordinates": [78.463707, 17.507638]}, "properties": {"cell_id": 2261, "risk_score": 0.319, "severity_band": "red", "population_exposed": 1032, "dist_to_drain_km": 0.335, "dist_to_incident_km": 5.301, "rainfall_mm": 60.0}}, {"type": "Feature", "geometry": {"type": "Point", "coordinates": [78.468207, 17.507638]}, "properties": {"cell_id": 2262, "risk_score": 0.3913, "severity_band": "red", "population_exposed": 1019, "dist_to_drain_km": 0.138, "dist_to_incident_km": 5.129, "rainfall_mm": 60.0}}, {"type": "Feature", "geometry": {"type": "Point", "coordinates": [78.472707, 17.507638]}, "properties": {"cell_id": 2263, "risk_score": 0.3645, "severity_band": "red", "population_exposed": 1006, "dist_to_drain_km": 0.211, "dist_to_incident_km": 4.996, "rainfall_mm": 60.0}}, {"type": "Feature", "geometry": {"type": "Point", "coordinates": [78.477207, 17.507638]}, "properties": {"cell_id": 2264, "risk_score": 0.3913, "severity_band": "red", "population_exposed": 993, "dist_to_drain_km": 0.138, "dist_to_incident_km": 4.906, "rainfall_mm": 60.0}}, {"type": "Feature", "geometry": {"type": "Point", "coordinates": [78.481707, 17.507638]}, "properties": {"cell_id": 2265, "risk_score": 0.2143, "severity_band": "green", "population_exposed": 980, "dist_to_drain_km": 0.596, "dist_to_incident_km": 4.862, "rainfall_mm": 60.0}}, {"type": "Feature", "geometry": {"type": "Point", "coordinates": [78.486207, 17.507638]}, "properties": {"cell_id": 2266, "risk_score": 0.1601, "severity_band": "green", "population_exposed": 967, "dist_to_drain_km": 1.023, "dist_to_incident_km": 4.864, "rainfall_mm": 60.0}}, {"type": "Feature", "geometry": {"type": "Point", "coordinates": [78.490707, 17.507638]}, "properties": {"cell_id": 2267, "risk_score": 0.1691, "severity_band": "green", "population_exposed": 953, "dist_to_drain_km": 0.818, "dist_to_incident_km": 4.913, "rainfall_mm": 60.0}}, {"type": "Feature", "geometry": {"type": "Point", "coordinates": [78.495207, 17.507638]}, "properties": {"cell_id": 2268, "risk_score": 0.319, "severity_band": "red", "population_exposed": 939, "dist_to_drain_km": 0.348, "dist_to_incident_km": 5.008, "rainfall_mm": 60.0}}, {"type": "Feature", "geometry": {"type": "Point", "coordinates": [78.499707, 17.507638]}, "properties": {"cell_id": 2269, "risk_score": 0.3918, "severity_band": "red", "population_exposed": 925, "dist_to_drain_km": 0.118, "dist_to_incident_km": 5.144, "rainfall_mm": 60.0}}, {"type": "Feature", "geometry": {"type": "Point", "coordinates": [78.504207, 17.507638]}, "properties": {"cell_id": 2270, "risk_score": 0.2554, "severity_band": "green", "population_exposed": 910, "dist_to_drain_km": 0.495, "dist_to_incident_km": 5.321, "rainfall_mm": 60.0}}, {"type": "Feature", "geometry": {"type": "Point", "coordinates": [78.508707, 17.507638]}, "properties": {"cell_id": 2271, "risk_score": 0.2027, "severity_band": "green", "population_exposed": 894, "dist_to_drain_km": 0.689, "dist_to_incident_km": 5.533, "rainfall_mm": 60.0}}, {"type": "Feature", "geometry": {"type": "Point", "coordinates": [78.513207, 17.507638]}, "properties": {"cell_id": 2272, "risk_score": 0.1601, "severity_band": "green", "population_exposed": 879, "dist_to_drain_km": 1.017, "dist_to_incident_km": 5.776, "rainfall_mm": 60.0}}, {"type": "Feature", "geometry": {"type": "Point", "coordinates": [78.531207, 17.507638]}, "properties": {"cell_id": 2273, "risk_score": 0.1298, "severity_band": "green", "population_exposed": 812, "dist_to_drain_km": 1.291, "dist_to_incident_km": 6.307, "rainfall_mm": 60.0}}, {"type": "Feature", "geometry": {"type": "Point", "coordinates": [78.535707, 17.507638]}, "properties": {"cell_id": 2274, "risk_score": 0.1614, "severity_band": "green", "population_exposed": 794, "dist_to_drain_km": 0.911, "dist_to_incident_km": 6.28, "rainfall_mm": 60.0}}, {"type": "Feature", "geometry": {"type": "Point", "coordinates": [78.540207, 17.507638]}, "properties": {"cell_id": 2275, "risk_score": 0.2023, "severity_band": "green", "population_exposed": 777, "dist_to_drain_km": 0.67, "dist_to_incident_km": 6.288, "rainfall_mm": 60.0}}, {"type": "Feature", "geometry": {"type": "Point", "coordinates": [78.544707, 17.507638]}, "properties": {"cell_id": 2276, "risk_score": 0.1945, "severity_band": "green", "population_exposed": 760, "dist_to_drain_km": 0.714, "dist_to_incident_km": 6.333, "rainfall_mm": 60.0}}, {"type": "Feature", "geometry": {"type": "Point", "coordinates": [78.549207, 17.507638]}, "properties": {"cell_id": 2277, "risk_score": 0.1605, "severity_band": "green", "population_exposed": 742, "dist_to_drain_km": 1.008, "dist_to_incident_km": 6.413, "rainfall_mm": 60.0}}, {"type": "Feature", "geometry": {"type": "Point", "coordinates": [78.558207, 17.507638]}, "properties": {"cell_id": 2278, "risk_score": 0.1601, "severity_band": "green", "population_exposed": 708, "dist_to_drain_km": 1.02, "dist_to_incident_km": 6.673, "rainfall_mm": 60.0}}, {"type": "Feature", "geometry": {"type": "Point", "coordinates": [78.252207, 17.512138]}, "properties": {"cell_id": 2279, "risk_score": 0.1362, "severity_band": "green", "population_exposed": 485, "dist_to_drain_km": 1.196, "dist_to_incident_km": 11.196, "rainfall_mm": 60.0}}, {"type": "Feature", "geometry": {"type": "Point", "coordinates": [78.256707, 17.512138]}, "properties": {"cell_id": 2280, "risk_score": 0.1627, "severity_band": "green", "population_exposed": 497, "dist_to_drain_km": 0.844, "dist_to_incident_km": 10.724, "rainfall_mm": 60.0}}, {"type": "Feature", "geometry": {"type": "Point", "coordinates": [78.261207, 17.512138]}, "properties": {"cell_id": 2281, "risk_score": 0.2023, "severity_band": "green", "population_exposed": 509, "dist_to_drain_km": 0.665, "dist_to_incident_km": 10.252, "rainfall_mm": 60.0}}, {"type": "Feature", "geometry": {"type": "Point", "coordinates": [78.283707, 17.512138]}, "properties": {"cell_id": 2282, "risk_score": 0.1945, "severity_band": "green", "population_exposed": 591, "dist_to_drain_km": 0.713, "dist_to_incident_km": 7.902, "rainfall_mm": 60.0}}, {"type": "Feature", "geometry": {"type": "Point", "coordinates": [78.288207, 17.512138]}, "properties": {"cell_id": 2283, "risk_score": 0.3533, "severity_band": "red", "population_exposed": 611, "dist_to_drain_km": 0.265, "dist_to_incident_km": 7.434, "rainfall_mm": 60.0}}, {"type": "Feature", "geometry": {"type": "Point", "coordinates": [78.292707, 17.512138]}, "properties": {"cell_id": 2284, "risk_score": 0.3822, "severity_band": "red", "population_exposed": 633, "dist_to_drain_km": 0.175, "dist_to_incident_km": 6.968, "rainfall_mm": 60.0}}, {"type": "Feature", "geometry": {"type": "Point", "coordinates": [78.297207, 17.512138]}, "properties": {"cell_id": 2285, "risk_score": 0.319, "severity_band": "red", "population_exposed": 657, "dist_to_drain_km": 0.345, "dist_to_incident_km": 6.504, "rainfall_mm": 60.0}}, {"type": "Feature", "geometry": {"type": "Point", "coordinates": [78.337707, 17.512138]}, "properties": {"cell_id": 2286, "risk_score": 0.2715, "severity_band": "green", "population_exposed": 930, "dist_to_drain_km": 0.482, "dist_to_incident_km": 2.549, "rainfall_mm": 60.0}}, {"type": "Feature", "geometry": {"type": "Point", "coordinates": [78.342207, 17.512138]}, "properties": {"cell_id": 2287, "risk_score": 0.2086, "severity_band": "green", "population_exposed": 962, "dist_to_drain_km": 0.861, "dist_to_incident_km": 2.19, "rainfall_mm": 60.0}}, {"type": "Feature", "geometry": {"type": "Point", "coordinates": [78.346707, 17.512138]}, "properties": {"cell_id": 2288, "risk_score": 0.2769, "severity_band": "green", "population_exposed": 994, "dist_to_drain_km": 0.527, "dist_to_incident_km": 1.885, "rainfall_mm": 60.0}}, {"type": "Feature", "geometry": {"type": "Point", "coordinates": [78.351207, 17.512138]}, "properties": {"cell_id": 2289, "risk_score": 0.3564, "severity_band": "red", "population_exposed": 1025, "dist_to_drain_km": 0.311, "dist_to_incident_km": 1.662, "rainfall_mm": 60.0}}, {"type": "Feature", "geometry": {"type": "Point", "coordinates": [78.355707, 17.512138]}, "properties": {"cell_id": 2290, "risk_score": 0.2949, "severity_band": "red", "population_exposed": 1054, "dist_to_drain_km": 0.459, "dist_to_incident_km": 1.558, "rainfall_mm": 60.0}}, {"type": "Feature", "geometry": {"type": "Point", "coordinates": [78.360207, 17.512138]}, "properties": {"cell_id": 2291, "risk_score": 0.2214, "severity_band": "green", "population_exposed": 1080, "dist_to_drain_km": 0.865, "dist_to_incident_km": 1.597, "rainfall_mm": 60.0}}, {"type": "Feature", "geometry": {"type": "Point", "coordinates": [78.364707, 17.512138]}, "properties": {"cell_id": 2292, "risk_score": 0.2179, "severity_band": "green", "population_exposed": 1103, "dist_to_drain_km": 1.06, "dist_to_incident_km": 1.768, "rainfall_mm": 60.0}}, {"type": "Feature", "geometry": {"type": "Point", "coordinates": [78.369207, 17.512138]}, "properties": {"cell_id": 2293, "risk_score": 0.246, "severity_band": "green", "population_exposed": 1123, "dist_to_drain_km": 0.64, "dist_to_incident_km": 2.039, "rainfall_mm": 60.0}}, {"type": "Feature", "geometry": {"type": "Point", "coordinates": [78.405207, 17.512138]}, "properties": {"cell_id": 2294, "risk_score": 0.3537, "severity_band": "red", "population_exposed": 1146, "dist_to_drain_km": 0.257, "dist_to_incident_km": 5.367, "rainfall_mm": 60.0}}, {"type": "Feature", "geometry": {"type": "Point", "coordinates": [78.409707, 17.512138]}, "properties": {"cell_id": 2295, "risk_score": 0.325, "severity_band": "red", "population_exposed": 1135, "dist_to_drain_km": 0.315, "dist_to_incident_km": 5.826, "rainfall_mm": 60.0}}, {"type": "Feature", "geometry": {"type": "Point", "coordinates": [78.414207, 17.512138]}, "properties": {"cell_id": 2296, "risk_score": 0.4438, "severity_band": "red", "population_exposed": 1123, "dist_to_drain_km": 0.032, "dist_to_incident_km": 6.287, "rainfall_mm": 60.0}}, {"type": "Feature", "geometry": {"type": "Point", "coordinates": [78.418707, 17.512138]}, "properties": {"cell_id": 2297, "risk_score": 0.4449, "severity_band": "red", "population_exposed": 1110, "dist_to_drain_km": 0.03, "dist_to_incident_km": 6.75, "rainfall_mm": 60.0}}, {"type": "Feature", "geometry": {"type": "Point", "coordinates": [78.423207, 17.512138]}, "properties": {"cell_id": 2298, "risk_score": 0.3176, "severity_band": "red", "population_exposed": 1096, "dist_to_drain_km": 0.39, "dist_to_incident_km": 7.215, "rainfall_mm": 60.0}}, {"type": "Feature", "geometry": {"type": "Point", "coordinates": [78.427707, 17.512138]}, "properties": {"cell_id": 2299, "risk_score": 0.1614, "severity_band": "green", "population_exposed": 1082, "dist_to_drain_km": 0.866, "dist_to_incident_km": 7.682, "rainfall_mm": 60.0}}, {"type": "Feature", "geometry": {"type": "Point", "coordinates": [78.432207, 17.512138]}, "properties": {"cell_id": 2300, "risk_score": 0.1298, "severity_band": "green", "population_exposed": 1067, "dist_to_drain_km": 1.255, "dist_to_incident_km": 7.653, "rainfall_mm": 60.0}}, {"type": "Feature", "geometry": {"type": "Point", "coordinates": [78.436707, 17.512138]}, "properties": {"cell_id": 2301, "risk_score": 0.1273, "severity_band": "green", "population_exposed": 1053, "dist_to_drain_km": 1.448, "dist_to_incident_km": 7.32, "rainfall_mm": 60.0}}, {"type": "Feature", "geometry": {"type": "Point", "coordinates": [78.441207, 17.512138]}, "properties": {"cell_id": 2302, "risk_score": 0.1273, "severity_band": "green", "population_exposed": 1039, "dist_to_drain_km": 1.752, "dist_to_incident_km": 7.003, "rainfall_mm": 60.0}}, {"type": "Feature", "geometry": {"type": "Point", "coordinates": [78.445707, 17.512138]}, "properties": {"cell_id": 2303, "risk_score": 0.1273, "severity_band": "green", "population_exposed": 1026, "dist_to_drain_km": 1.939, "dist_to_incident_km": 6.706, "rainfall_mm": 60.0}}, {"type": "Feature", "geometry": {"type": "Point", "coordinates": [78.450207, 17.512138]}, "properties": {"cell_id": 2304, "risk_score": 0.1273, "severity_band": "green", "population_exposed": 1012, "dist_to_drain_km": 1.559, "dist_to_incident_km": 6.43, "rainfall_mm": 60.0}}, {"type": "Feature", "geometry": {"type": "Point", "coordinates": [78.454707, 17.512138]}, "properties": {"cell_id": 2305, "risk_score": 0.1593, "severity_band": "green", "population_exposed": 1000, "dist_to_drain_km": 1.082, "dist_to_incident_km": 6.179, "rainfall_mm": 60.0}}, {"type": "Feature", "geometry": {"type": "Point", "coordinates": [78.459207, 17.512138]}, "properties": {"cell_id": 2306, "risk_score": 0.2075, "severity_band": "green", "population_exposed": 987, "dist_to_drain_km": 0.605, "dist_to_incident_km": 5.956, "rainfall_mm": 60.0}}, {"type": "Feature", "geometry": {"type": "Point", "coordinates": [78.463707, 17.512138]}, "properties": {"cell_id": 2307, "risk_score": 0.3918, "severity_band": "red", "population_exposed": 975, "dist_to_drain_km": 0.132, "dist_to_incident_km": 5.763, "rainfall_mm": 60.0}}, {"type": "Feature", "geometry": {"type": "Point", "coordinates": [78.468207, 17.512138]}, "properties": {"cell_id": 2308, "risk_score": 0.3476, "severity_band": "red", "population_exposed": 962, "dist_to_drain_km": 0.29, "dist_to_incident_km": 5.605, "rainfall_mm": 60.0}}, {"type": "Feature", "geometry": {"type": "Point", "coordinates": [78.472707, 17.512138]}, "properties": {"cell_id": 2309, "risk_score": 0.2027, "severity_band": "green", "population_exposed": 951, "dist_to_drain_km": 0.655, "dist_to_incident_km": 5.484, "rainfall_mm": 60.0}}, {"type": "Feature", "geometry": {"type": "Point", "coordinates": [78.477207, 17.512138]}, "properties": {"cell_id": 2310, "risk_score": 0.3278, "severity_band": "red", "population_exposed": 939, "dist_to_drain_km": 0.313, "dist_to_incident_km": 5.402, "rainfall_mm": 60.0}}, {"type": "Feature", "geometry": {"type": "Point", "coordinates": [78.481707, 17.512138]}, "properties": {"cell_id": 2311, "risk_score": 0.319, "severity_band": "red", "population_exposed": 927, "dist_to_drain_km": 0.332, "dist_to_incident_km": 5.362, "rainfall_mm": 60.0}}, {"type": "Feature", "geometry": {"type": "Point", "coordinates": [78.486207, 17.512138]}, "properties": {"cell_id": 2312, "risk_score": 0.1932, "severity_band": "green", "population_exposed": 914, "dist_to_drain_km": 0.751, "dist_to_incident_km": 5.364, "rainfall_mm": 60.0}}, {"type": "Feature", "geometry": {"type": "Point", "coordinates": [78.490707, 17.512138]}, "properties": {"cell_id": 2313, "risk_score": 0.1614, "severity_band": "green", "population_exposed": 902, "dist_to_drain_km": 0.925, "dist_to_incident_km": 5.409, "rainfall_mm": 60.0}}, {"type": "Feature", "geometry": {"type": "Point", "coordinates": [78.495207, 17.512138]}, "properties": {"cell_id": 2314, "risk_score": 0.2323, "severity_band": "green", "population_exposed": 889, "dist_to_drain_km": 0.544, "dist_to_incident_km": 5.494, "rainfall_mm": 60.0}}, {"type": "Feature", "geometry": {"type": "Point", "coordinates": [78.499707, 17.512138]}, "properties": {"cell_id": 2315, "risk_score": 0.2564, "severity_band": "green", "population_exposed": 876, "dist_to_drain_km": 0.438, "dist_to_incident_km": 5.619, "rainfall_mm": 60.0}}, {"type": "Feature", "geometry": {"type": "Point", "coordinates": [78.504207, 17.512138]}, "properties": {"cell_id": 2316, "risk_score": 0.1949, "severity_band": "green", "population_exposed": 862, "dist_to_drain_km": 0.737, "dist_to_incident_km": 5.781, "rainfall_mm": 60.0}}, {"type": "Feature", "geometry": {"type": "Point", "coordinates": [78.508707, 17.512138]}, "properties": {"cell_id": 2317, "risk_score": 0.159, "severity_band": "green", "population_exposed": 849, "dist_to_drain_km": 1.112, "dist_to_incident_km": 5.977, "rainfall_mm": 60.0}}, {"type": "Feature", "geometry": {"type": "Point", "coordinates": [78.513207, 17.512138]}, "properties": {"cell_id": 2318, "risk_score": 0.1273, "severity_band": "green", "population_exposed": 834, "dist_to_drain_km": 1.38, "dist_to_incident_km": 6.203, "rainfall_mm": 60.0}}, {"type": "Feature", "geometry": {"type": "Point", "coordinates": [78.540207, 17.512138]}, "properties": {"cell_id": 2319, "risk_score": 0.359, "severity_band": "red", "population_exposed": 743, "dist_to_drain_km": 0.22, "dist_to_incident_km": 6.788, "rainfall_mm": 60.0}}, {"type": "Feature", "geometry": {"type": "Point", "coordinates": [78.544707, 17.512138]}, "properties": {"cell_id": 2320, "risk_score": 0.3246, "severity_band": "red", "population_exposed": 727, "dist_to_drain_km": 0.318, "dist_to_incident_km": 6.829, "rainfall_mm": 60.0}}, {"type": "Feature", "geometry": {"type": "Point", "coordinates": [78.252207, 17.516638]}, "properties": {"cell_id": 2321, "risk_score": 0.1605, "severity_band": "green", "population_exposed": 479, "dist_to_drain_km": 0.966, "dist_to_incident_km": 11.276, "rainfall_mm": 60.0}}, {"type": "Feature", "geometry": {"type": "Point", "coordinates": [78.256707, 17.516638]}, "properties": {"cell_id": 2322, "risk_score": 0.2386, "severity_band": "green", "population_exposed": 489, "dist_to_drain_km": 0.536, "dist_to_incident_km": 10.807, "rainfall_mm": 60.0}}, {"type": "Feature", "geometry": {"type": "Point", "coordinates": [78.261207, 17.516638]}, "properties": {"cell_id": 2323, "risk_score": 0.3854, "severity_band": "red", "population_exposed": 501, "dist_to_drain_km": 0.169, "dist_to_incident_km": 10.339, "rainfall_mm": 60.0}}, {"type": "Feature", "geometry": {"type": "Point", "coordinates": [78.279207, 17.516638]}, "properties": {"cell_id": 2324, "risk_score": 0.2075, "severity_band": "green", "population_exposed": 558, "dist_to_drain_km": 0.628, "dist_to_incident_km": 8.477, "rainfall_mm": 60.0}}, {"type": "Feature", "geometry": {"type": "Point", "coordinates": [78.283707, 17.516638]}, "properties": {"cell_id": 2325, "risk_score": 0.1609, "severity_band": "green", "population_exposed": 576, "dist_to_drain_km": 0.961, "dist_to_incident_km": 8.015, "rainfall_mm": 60.0}}, {"type": "Feature", "geometry": {"type": "Point", "coordinates": [78.288207, 17.516638]}, "properties": {"cell_id": 2326, "risk_score": 0.1985, "severity_band": "green", "population_exposed": 594, "dist_to_drain_km": 0.709, "dist_to_incident_km": 7.555, "rainfall_mm": 60.0}}, {"type": "Feature", "geometry": {"type": "Point", "coordinates": [78.337707, 17.516638]}, "properties": {"cell_id": 2327, "risk_score": 0.3203, "severity_band": "red", "population_exposed": 876, "dist_to_drain_km": 0.35, "dist_to_incident_km": 2.882, "rainfall_mm": 60.0}}, {"type": "Feature", "geometry": {"type": "Point", "coordinates": [78.342207, 17.516638]}, "properties": {"cell_id": 2328, "risk_score": 0.282, "severity_band": "green", "population_exposed": 904, "dist_to_drain_km": 0.401, "dist_to_incident_km": 2.57, "rainfall_mm": 60.0}}, {"type": "Feature", "geometry": {"type": "Point", "coordinates": [78.346707, 17.516638]}, "properties": {"cell_id": 2329, "risk_score": 0.3655, "severity_band": "red", "population_exposed": 932, "dist_to_drain_km": 0.217, "dist_to_incident_km": 2.315, "rainfall_mm": 60.0}}, {"type": "Feature", "geometry": {"type": "Point", "coordinates": [78.351207, 17.516638]}, "properties": {"cell_id": 2330, "risk_score": 0.4631, "severity_band": "red", "population_exposed": 958, "dist_to_drain_km": 0.071, "dist_to_incident_km": 2.137, "rainfall_mm": 60.0}}, {"type": "Feature", "geometry": {"type": "Point", "coordinates": [78.355707, 17.516638]}, "properties": {"cell_id": 2331, "risk_score": 0.346, "severity_band": "red", "population_exposed": 983, "dist_to_drain_km": 0.326, "dist_to_incident_km": 2.058, "rainfall_mm": 60.0}}, {"type": "Feature", "geometry": {"type": "Point", "coordinates": [78.360207, 17.516638]}, "properties": {"cell_id": 2332, "risk_score": 0.2336, "severity_band": "green", "population_exposed": 1006, "dist_to_drain_km": 0.789, "dist_to_incident_km": 2.087, "rainfall_mm": 60.0}}, {"type": "Feature", "geometry": {"type": "Point", "coordinates": [78.364707, 17.516638]}, "properties": {"cell_id": 2333, "risk_score": 0.1946, "severity_band": "green", "population_exposed": 1026, "dist_to_drain_km": 1.227, "dist_to_incident_km": 2.221, "rainfall_mm": 60.0}}, {"type": "Feature", "geometry": {"type": "Point", "coordinates": [78.369207, 17.516638]}, "properties": {"cell_id": 2334, "risk_score": 0.2268, "severity_band": "green", "population_exposed": 1043, "dist_to_drain_km": 0.756, "dist_to_incident_km": 2.442, "rainfall_mm": 60.0}}, {"type": "Feature", "geometry": {"type": "Point", "coordinates": [78.405207, 17.516638]}, "properties": {"cell_id": 2335, "risk_score": 0.3586, "severity_band": "red", "population_exposed": 1068, "dist_to_drain_km": 0.223, "dist_to_incident_km": 5.533, "rainfall_mm": 60.0}}, {"type": "Feature", "geometry": {"type": "Point", "coordinates": [78.409707, 17.516638]}, "properties": {"cell_id": 2336, "risk_score": 0.4064, "severity_band": "red", "population_exposed": 1060, "dist_to_drain_km": 0.105, "dist_to_incident_km": 5.979, "rainfall_mm": 60.0}}, {"type": "Feature", "geometry": {"type": "Point", "coordinates": [78.414207, 17.516638]}, "properties": {"cell_id": 2337, "risk_score": 0.3707, "severity_band": "red", "population_exposed": 1050, "dist_to_drain_km": 0.187, "dist_to_incident_km": 6.429, "rainfall_mm": 60.0}}, {"type": "Feature", "geometry": {"type": "Point", "coordinates": [78.418707, 17.516638]}, "properties": {"cell_id": 2338, "risk_score": 0.319, "severity_band": "red", "population_exposed": 1039, "dist_to_drain_km": 0.347, "dist_to_incident_km": 6.883, "rainfall_mm": 60.0}}, {"type": "Feature", "geometry": {"type": "Point", "coordinates": [78.423207, 17.516638]}, "properties": {"cell_id": 2339, "risk_score": 0.2125, "severity_band": "green", "population_exposed": 1028, "dist_to_drain_km": 0.601, "dist_to_incident_km": 7.339, "rainfall_mm": 60.0}}, {"type": "Feature", "geometry": {"type": "Point", "coordinates": [78.427707, 17.516638]}, "properties": {"cell_id": 2340, "risk_score": 0.1945, "severity_band": "green", "population_exposed": 1016, "dist_to_drain_km": 0.73, "dist_to_incident_km": 7.799, "rainfall_mm": 60.0}}, {"type": "Feature", "geometry": {"type": "Point", "coordinates": [78.432207, 17.516638]}, "properties": {"cell_id": 2341, "risk_score": 0.1913, "severity_band": "green", "population_exposed": 1003, "dist_to_drain_km": 0.78, "dist_to_incident_km": 8.011, "rainfall_mm": 60.0}}, {"type": "Feature", "geometry": {"type": "Point", "coordinates": [78.436707, 17.516638]}, "properties": {"cell_id": 2342, "risk_score": 0.1597, "severity_band": "green", "population_exposed": 991, "dist_to_drain_km": 1.062, "dist_to_incident_km": 7.693, "rainfall_mm": 60.0}}, {"type": "Feature", "geometry": {"type": "Point", "coordinates": [78.441207, 17.516638]}, "properties": {"cell_id": 2343, "risk_score": 0.1273, "severity_band": "green", "population_exposed": 979, "dist_to_drain_km": 1.447, "dist_to_incident_km": 7.393, "rainfall_mm": 60.0}}, {"type": "Feature", "geometry": {"type": "Point", "coordinates": [78.445707, 17.516638]}, "properties": {"cell_id": 2344, "risk_score": 0.1273, "severity_band": "green", "population_exposed": 967, "dist_to_drain_km": 1.881, "dist_to_incident_km": 7.112, "rainfall_mm": 60.0}}, {"type": "Feature", "geometry": {"type": "Point", "coordinates": [78.450207, 17.516638]}, "properties": {"cell_id": 2345, "risk_score": 0.1273, "severity_band": "green", "population_exposed": 955, "dist_to_drain_km": 1.561, "dist_to_incident_km": 6.853, "rainfall_mm": 60.0}}, {"type": "Feature", "geometry": {"type": "Point", "coordinates": [78.454707, 17.516638]}, "properties": {"cell_id": 2346, "risk_score": 0.1593, "severity_band": "green", "population_exposed": 944, "dist_to_drain_km": 1.085, "dist_to_incident_km": 6.618, "rainfall_mm": 60.0}}, {"type": "Feature", "geometry": {"type": "Point", "coordinates": [78.459207, 17.516638]}, "properties": {"cell_id": 2347, "risk_score": 0.2075, "severity_band": "green", "population_exposed": 932, "dist_to_drain_km": 0.61, "dist_to_incident_km": 6.41, "rainfall_mm": 60.0}}, {"type": "Feature", "geometry": {"type": "Point", "coordinates": [78.463707, 17.516638]}, "properties": {"cell_id": 2348, "risk_score": 0.3869, "severity_band": "red", "population_exposed": 922, "dist_to_drain_km": 0.144, "dist_to_incident_km": 6.231, "rainfall_mm": 60.0}}, {"type": "Feature", "geometry": {"type": "Point", "coordinates": [78.468207, 17.516638]}, "properties": {"cell_id": 2349, "risk_score": 0.3282, "severity_band": "red", "population_exposed": 910, "dist_to_drain_km": 0.308, "dist_to_incident_km": 6.085, "rainfall_mm": 60.0}}, {"type": "Feature", "geometry": {"type": "Point", "coordinates": [78.472707, 17.516638]}, "properties": {"cell_id": 2350, "risk_score": 0.319, "severity_band": "red", "population_exposed": 900, "dist_to_drain_km": 0.36, "dist_to_incident_km": 5.974, "rainfall_mm": 60.0}}, {"type": "Feature", "geometry": {"type": "Point", "coordinates": [78.477207, 17.516638]}, "properties": {"cell_id": 2351, "risk_score": 0.3599, "severity_band": "red", "population_exposed": 889, "dist_to_drain_km": 0.216, "dist_to_incident_km": 5.899, "rainfall_mm": 60.0}}, {"type": "Feature", "geometry": {"type": "Point", "coordinates": [78.481707, 17.516638]}, "properties": {"cell_id": 2352, "risk_score": 0.336, "severity_band": "red", "population_exposed": 878, "dist_to_drain_km": 0.299, "dist_to_incident_km": 5.862, "rainfall_mm": 60.0}}, {"type": "Feature", "geometry": {"type": "Point", "coordinates": [78.486207, 17.516638]}, "properties": {"cell_id": 2353, "risk_score": 0.1945, "severity_band": "green", "population_exposed": 866, "dist_to_drain_km": 0.731, "dist_to_incident_km": 5.864, "rainfall_mm": 60.0}}, {"type": "Feature", "geometry": {"type": "Point", "coordinates": [78.490707, 17.516638]}, "properties": {"cell_id": 2354, "risk_score": 0.23, "severity_band": "green", "population_exposed": 855, "dist_to_drain_km": 0.556, "dist_to_incident_km": 5.905, "rainfall_mm": 60.0}}, {"type": "Feature", "geometry": {"type": "Point", "coordinates": [78.495207, 17.516638]}, "properties": {"cell_id": 2355, "risk_score": 0.2313, "severity_band": "green", "population_exposed": 844, "dist_to_drain_km": 0.546, "dist_to_incident_km": 5.983, "rainfall_mm": 60.0}}, {"type": "Feature", "geometry": {"type": "Point", "coordinates": [78.499707, 17.516638]}, "properties": {"cell_id": 2356, "risk_score": 0.1618, "severity_band": "green", "population_exposed": 832, "dist_to_drain_km": 0.859, "dist_to_incident_km": 6.098, "rainfall_mm": 60.0}}, {"type": "Feature", "geometry": {"type": "Point", "coordinates": [78.504207, 17.516638]}, "properties": {"cell_id": 2357, "risk_score": 0.1593, "severity_band": "green", "population_exposed": 819, "dist_to_drain_km": 1.101, "dist_to_incident_km": 6.248, "rainfall_mm": 60.0}}, {"type": "Feature", "geometry": {"type": "Point", "coordinates": [78.508707, 17.516638]}, "properties": {"cell_id": 2358, "risk_score": 0.1273, "severity_band": "green", "population_exposed": 807, "dist_to_drain_km": 1.421, "dist_to_incident_km": 6.429, "rainfall_mm": 60.0}}, {"type": "Feature", "geometry": {"type": "Point", "coordinates": [78.513207, 17.516638]}, "properties": {"cell_id": 2359, "risk_score": 0.1273, "severity_band": "green", "population_exposed": 794, "dist_to_drain_km": 1.784, "dist_to_incident_km": 6.64, "rainfall_mm": 60.0}}, {"type": "Feature", "geometry": {"type": "Point", "coordinates": [78.540207, 17.516638]}, "properties": {"cell_id": 2360, "risk_score": 0.3576, "severity_band": "red", "population_exposed": 712, "dist_to_drain_km": 0.224, "dist_to_incident_km": 7.287, "rainfall_mm": 60.0}}, {"type": "Feature", "geometry": {"type": "Point", "coordinates": [78.544707, 17.516638]}, "properties": {"cell_id": 2361, "risk_score": 0.3869, "severity_band": "red", "population_exposed": 698, "dist_to_drain_km": 0.143, "dist_to_incident_km": 7.326, "rainfall_mm": 60.0}}, {"type": "Feature", "geometry": {"type": "Point", "coordinates": [78.256707, 17.521138]}, "properties": {"cell_id": 2362, "risk_score": 0.3189, "severity_band": "red", "population_exposed": 482, "dist_to_drain_km": 0.365, "dist_to_incident_km": 10.913, "rainfall_mm": 60.0}}, {"type": "Feature", "geometry": {"type": "Point", "coordinates": [78.261207, 17.521138]}, "properties": {"cell_id": 2363, "risk_score": 0.4064, "severity_band": "red", "population_exposed": 493, "dist_to_drain_km": 0.108, "dist_to_incident_km": 10.45, "rainfall_mm": 60.0}}, {"type": "Feature", "geometry": {"type": "Point", "coordinates": [78.265707, 17.521138]}, "properties": {"cell_id": 2364, "risk_score": 0.4064, "severity_band": "red", "population_exposed": 504, "dist_to_drain_km": 0.107, "dist_to_incident_km": 9.988, "rainfall_mm": 60.0}}, {"type": "Feature", "geometry": {"type": "Point", "coordinates": [78.274707, 17.521138]}, "properties": {"cell_id": 2365, "risk_score": 0.2295, "severity_band": "green", "population_exposed": 530, "dist_to_drain_km": 0.56, "dist_to_incident_km": 9.069, "rainfall_mm": 60.0}}, {"type": "Feature", "geometry": {"type": "Point", "coordinates": [78.279207, 17.521138]}, "properties": {"cell_id": 2366, "risk_score": 0.2019, "severity_band": "green", "population_exposed": 545, "dist_to_drain_km": 0.702, "dist_to_incident_km": 8.612, "rainfall_mm": 60.0}}, {"type": "Feature", "geometry": {"type": "Point", "coordinates": [78.283707, 17.521138]}, "properties": {"cell_id": 2367, "risk_score": 0.2564, "severity_band": "green", "population_exposed": 561, "dist_to_drain_km": 0.462, "dist_to_incident_km": 8.157, "rainfall_mm": 60.0}}, {"type": "Feature", "geometry": {"type": "Point", "coordinates": [78.351207, 17.521138]}, "properties": {"cell_id": 2368, "risk_score": 0.3517, "severity_band": "red", "population_exposed": 898, "dist_to_drain_km": 0.287, "dist_to_incident_km": 2.622, "rainfall_mm": 60.0}}, {"type": "Feature", "geometry": {"type": "Point", "coordinates": [78.400707, 17.521138]}, "properties": {"cell_id": 2369, "risk_score": 0.3707, "severity_band": "red", "population_exposed": 1002, "dist_to_drain_km": 0.185, "dist_to_incident_km": 5.314, "rainfall_mm": 60.0}}, {"type": "Feature", "geometry": {"type": "Point", "coordinates": [78.405207, 17.521138]}, "properties": {"cell_id": 2370, "risk_score": 0.3606, "severity_band": "red", "population_exposed": 998, "dist_to_drain_km": 0.215, "dist_to_incident_km": 5.737, "rainfall_mm": 60.0}}, {"type": "Feature", "geometry": {"type": "Point", "coordinates": [78.409707, 17.521138]}, "properties": {"cell_id": 2371, "risk_score": 0.2564, "severity_band": "green", "population_exposed": 991, "dist_to_drain_km": 0.452, "dist_to_incident_km": 6.168, "rainfall_mm": 60.0}}, {"type": "Feature", "geometry": {"type": "Point", "coordinates": [78.414207, 17.521138]}, "properties": {"cell_id": 2372, "risk_score": 0.2554, "severity_band": "green", "population_exposed": 983, "dist_to_drain_km": 0.496, "dist_to_incident_km": 6.606, "rainfall_mm": 60.0}}, {"type": "Feature", "geometry": {"type": "Point", "coordinates": [78.418707, 17.521138]}, "properties": {"cell_id": 2373, "risk_score": 0.1945, "severity_band": "green", "population_exposed": 974, "dist_to_drain_km": 0.715, "dist_to_incident_km": 7.048, "rainfall_mm": 60.0}}, {"type": "Feature", "geometry": {"type": "Point", "coordinates": [78.423207, 17.521138]}, "properties": {"cell_id": 2374, "risk_score": 0.2035, "severity_band": "green", "population_exposed": 965, "dist_to_drain_km": 0.64, "dist_to_incident_km": 7.495, "rainfall_mm": 60.0}}, {"type": "Feature", "geometry": {"type": "Point", "coordinates": [78.427707, 17.521138]}, "properties": {"cell_id": 2375, "risk_score": 0.3555, "severity_band": "red", "population_exposed": 955, "dist_to_drain_km": 0.254, "dist_to_incident_km": 7.945, "rainfall_mm": 60.0}}, {"type": "Feature", "geometry": {"type": "Point", "coordinates": [78.432207, 17.521138]}, "properties": {"cell_id": 2376, "risk_score": 0.3189, "severity_band": "red", "population_exposed": 944, "dist_to_drain_km": 0.374, "dist_to_incident_km": 8.384, "rainfall_mm": 60.0}}, {"type": "Feature", "geometry": {"type": "Point", "coordinates": [78.436707, 17.521138]}, "properties": {"cell_id": 2377, "risk_score": 0.1863, "severity_band": "green", "population_exposed": 934, "dist_to_drain_km": 0.799, "dist_to_incident_km": 8.081, "rainfall_mm": 60.0}}, {"type": "Feature", "geometry": {"type": "Point", "coordinates": [78.441207, 17.521138]}, "properties": {"cell_id": 2378, "risk_score": 0.1298, "severity_band": "green", "population_exposed": 924, "dist_to_drain_km": 1.259, "dist_to_incident_km": 7.796, "rainfall_mm": 60.0}}, {"type": "Feature", "geometry": {"type": "Point", "coordinates": [78.445707, 17.521138]}, "properties": {"cell_id": 2379, "risk_score": 0.1273, "severity_band": "green", "population_exposed": 913, "dist_to_drain_km": 1.381, "dist_to_incident_km": 7.529, "rainfall_mm": 60.0}}, {"type": "Feature", "geometry": {"type": "Point", "coordinates": [78.450207, 17.521138]}, "properties": {"cell_id": 2380, "risk_score": 0.1273, "severity_band": "green", "population_exposed": 903, "dist_to_drain_km": 1.366, "dist_to_incident_km": 7.285, "rainfall_mm": 60.0}}, {"type": "Feature", "geometry": {"type": "Point", "coordinates": [78.454707, 17.521138]}, "properties": {"cell_id": 2381, "risk_score": 0.1614, "severity_band": "green", "population_exposed": 893, "dist_to_drain_km": 0.932, "dist_to_incident_km": 7.064, "rainfall_mm": 60.0}}, {"type": "Feature", "geometry": {"type": "Point", "coordinates": [78.459207, 17.521138]}, "properties": {"cell_id": 2382, "risk_score": 0.2295, "severity_band": "green", "population_exposed": 882, "dist_to_drain_km": 0.561, "dist_to_incident_km": 6.87, "rainfall_mm": 60.0}}, {"type": "Feature", "geometry": {"type": "Point", "coordinates": [78.463707, 17.521138]}, "properties": {"cell_id": 2383, "risk_score": 0.3373, "severity_band": "red", "population_exposed": 872, "dist_to_drain_km": 0.295, "dist_to_incident_km": 6.704, "rainfall_mm": 60.0}}, {"type": "Feature", "geometry": {"type": "Point", "coordinates": [78.468207, 17.521138]}, "properties": {"cell_id": 2384, "risk_score": 0.3869, "severity_band": "red", "population_exposed": 862, "dist_to_drain_km": 0.144, "dist_to_incident_km": 6.568, "rainfall_mm": 60.0}}, {"type": "Feature", "geometry": {"type": "Point", "coordinates": [78.472707, 17.521138]}, "properties": {"cell_id": 2385, "risk_score": 0.4081, "severity_band": "red", "population_exposed": 853, "dist_to_drain_km": 0.095, "dist_to_incident_km": 6.465, "rainfall_mm": 60.0}}, {"type": "Feature", "geometry": {"type": "Point", "coordinates": [78.477207, 17.521138]}, "properties": {"cell_id": 2386, "risk_score": 0.3918, "severity_band": "red", "population_exposed": 843, "dist_to_drain_km": 0.125, "dist_to_incident_km": 6.396, "rainfall_mm": 60.0}}, {"type": "Feature", "geometry": {"type": "Point", "coordinates": [78.481707, 17.521138]}, "properties": {"cell_id": 2387, "risk_score": 0.2295, "severity_band": "green", "population_exposed": 833, "dist_to_drain_km": 0.557, "dist_to_incident_km": 6.362, "rainfall_mm": 60.0}}, {"type": "Feature", "geometry": {"type": "Point", "coordinates": [78.486207, 17.521138]}, "properties": {"cell_id": 2388, "risk_score": 0.1945, "severity_band": "green", "population_exposed": 822, "dist_to_drain_km": 0.723, "dist_to_incident_km": 6.364, "rainfall_mm": 60.0}}, {"type": "Feature", "geometry": {"type": "Point", "coordinates": [78.490707, 17.521138]}, "properties": {"cell_id": 2389, "risk_score": 0.356, "severity_band": "red", "population_exposed": 812, "dist_to_drain_km": 0.246, "dist_to_incident_km": 6.401, "rainfall_mm": 60.0}}, {"type": "Feature", "geometry": {"type": "Point", "coordinates": [78.495207, 17.521138]}, "properties": {"cell_id": 2390, "risk_score": 0.3599, "severity_band": "red", "population_exposed": 802, "dist_to_drain_km": 0.217, "dist_to_incident_km": 6.474, "rainfall_mm": 60.0}}, {"type": "Feature", "geometry": {"type": "Point", "coordinates": [78.499707, 17.521138]}, "properties": {"cell_id": 2391, "risk_score": 0.2019, "severity_band": "green", "population_exposed": 791, "dist_to_drain_km": 0.693, "dist_to_incident_km": 6.58, "rainfall_mm": 60.0}}, {"type": "Feature", "geometry": {"type": "Point", "coordinates": [78.504207, 17.521138]}, "properties": {"cell_id": 2392, "risk_score": 0.1434, "severity_band": "green", "population_exposed": 780, "dist_to_drain_km": 1.17, "dist_to_incident_km": 6.719, "rainfall_mm": 60.0}}, {"type": "Feature", "geometry": {"type": "Point", "coordinates": [78.508707, 17.521138]}, "properties": {"cell_id": 2393, "risk_score": 0.1273, "severity_band": "green", "population_exposed": 768, "dist_to_drain_km": 1.647, "dist_to_incident_km": 6.888, "rainfall_mm": 60.0}}, {"type": "Feature", "geometry": {"type": "Point", "coordinates": [78.513207, 17.521138]}, "properties": {"cell_id": 2394, "risk_score": 0.1273, "severity_band": "green", "population_exposed": 757, "dist_to_drain_km": 2.109, "dist_to_incident_km": 7.085, "rainfall_mm": 60.0}}, {"type": "Feature", "geometry": {"type": "Point", "coordinates": [78.540207, 17.521138]}, "properties": {"cell_id": 2395, "risk_score": 0.2386, "severity_band": "green", "population_exposed": 683, "dist_to_drain_km": 0.534, "dist_to_incident_km": 7.787, "rainfall_mm": 60.0}}, {"type": "Feature", "geometry": {"type": "Point", "coordinates": [78.544707, 17.521138]}, "properties": {"cell_id": 2396, "risk_score": 0.2554, "severity_band": "green", "population_exposed": 670, "dist_to_drain_km": 0.498, "dist_to_incident_km": 7.823, "rainfall_mm": 60.0}}, {"type": "Feature", "geometry": {"type": "Point", "coordinates": [78.252207, 17.525638]}, "properties": {"cell_id": 2397, "risk_score": 0.1936, "severity_band": "green", "population_exposed": 466, "dist_to_drain_km": 0.741, "dist_to_incident_km": 11.501, "rainfall_mm": 60.0}}, {"type": "Feature", "geometry": {"type": "Point", "coordinates": [78.256707, 17.525638]}, "properties": {"cell_id": 2398, "risk_score": 0.3287, "severity_band": "red", "population_exposed": 475, "dist_to_drain_km": 0.305, "dist_to_incident_km": 11.041, "rainfall_mm": 60.0}}, {"type": "Feature", "geometry": {"type": "Point", "coordinates": [78.261207, 17.525638]}, "properties": {"cell_id": 2399, "risk_score": 0.4457, "severity_band": "red", "population_exposed": 485, "dist_to_drain_km": 0.008, "dist_to_incident_km": 10.583, "rainfall_mm": 60.0}}, {"type": "Feature", "geometry": {"type": "Point", "coordinates": [78.265707, 17.525638]}, "properties": {"cell_id": 2400, "risk_score": 0.357, "severity_band": "red", "population_exposed": 496, "dist_to_drain_km": 0.242, "dist_to_incident_km": 10.128, "rainfall_mm": 60.0}}, {"type": "Feature", "geometry": {"type": "Point", "coordinates": [78.270207, 17.525638]}, "properties": {"cell_id": 2401, "risk_score": 0.2304, "severity_band": "green", "population_exposed": 507, "dist_to_drain_km": 0.548, "dist_to_incident_km": 9.674, "rainfall_mm": 60.0}}, {"type": "Feature", "geometry": {"type": "Point", "coordinates": [78.274707, 17.525638]}, "properties": {"cell_id": 2402, "risk_score": 0.1614, "severity_band": "green", "population_exposed": 519, "dist_to_drain_km": 0.922, "dist_to_incident_km": 9.222, "rainfall_mm": 60.0}}, {"type": "Feature", "geometry": {"type": "Point", "coordinates": [78.279207, 17.525638]}, "properties": {"cell_id": 2403, "risk_score": 0.2549, "severity_band": "green", "population_exposed": 532, "dist_to_drain_km": 0.515, "dist_to_incident_km": 8.773, "rainfall_mm": 60.0}}, {"type": "Feature", "geometry": {"type": "Point", "coordinates": [78.283707, 17.525638]}, "properties": {"cell_id": 2404, "risk_score": 0.4419, "severity_band": "red", "population_exposed": 547, "dist_to_drain_km": 0.043, "dist_to_incident_km": 8.328, "rainfall_mm": 60.0}}, {"type": "Feature", "geometry": {"type": "Point", "coordinates": [78.396207, 17.525638]}, "properties": {"cell_id": 2405, "risk_score": 0.1913, "severity_band": "green", "population_exposed": 939, "dist_to_drain_km": 0.796, "dist_to_incident_km": 5.18, "rainfall_mm": 60.0}}, {"type": "Feature", "geometry": {"type": "Point", "coordinates": [78.400707, 17.525638]}, "properties": {"cell_id": 2406, "risk_score": 0.2564, "severity_band": "green", "population_exposed": 938, "dist_to_drain_km": 0.477, "dist_to_incident_km": 5.572, "rainfall_mm": 60.0}}, {"type": "Feature", "geometry": {"type": "Point", "coordinates": [78.405207, 17.525638]}, "properties": {"cell_id": 2407, "risk_score": 0.2554, "severity_band": "green", "population_exposed": 934, "dist_to_drain_km": 0.498, "dist_to_incident_km": 5.977, "rainfall_mm": 60.0}}, {"type": "Feature", "geometry": {"type": "Point", "coordinates": [78.409707, 17.525638]}, "properties": {"cell_id": 2408, "risk_score": 0.2228, "severity_band": "green", "population_exposed": 929, "dist_to_drain_km": 0.579, "dist_to_incident_km": 6.392, "rainfall_mm": 60.0}}, {"type": "Feature", "geometry": {"type": "Point", "coordinates": [78.414207, 17.525638]}, "properties": {"cell_id": 2409, "risk_score": 0.2035, "severity_band": "green", "population_exposed": 923, "dist_to_drain_km": 0.639, "dist_to_incident_km": 6.815, "rainfall_mm": 60.0}}, {"type": "Feature", "geometry": {"type": "Point", "coordinates": [78.418707, 17.525638]}, "properties": {"cell_id": 2410, "risk_score": 0.319, "severity_band": "red", "population_exposed": 916, "dist_to_drain_km": 0.329, "dist_to_incident_km": 7.244, "rainfall_mm": 60.0}}, {"type": "Feature", "geometry": {"type": "Point", "coordinates": [78.423207, 17.525638]}, "properties": {"cell_id": 2411, "risk_score": 0.2564, "severity_band": "green", "population_exposed": 908, "dist_to_drain_km": 0.435, "dist_to_incident_km": 7.68, "rainfall_mm": 60.0}}, {"type": "Feature", "geometry": {"type": "Point", "coordinates": [78.427707, 17.525638]}, "properties": {"cell_id": 2412, "risk_score": 0.357, "severity_band": "red", "population_exposed": 900, "dist_to_drain_km": 0.235, "dist_to_incident_km": 8.12, "rainfall_mm": 60.0}}, {"type": "Feature", "geometry": {"type": "Point", "coordinates": [78.432207, 17.525638]}, "properties": {"cell_id": 2413, "risk_score": 0.319, "severity_band": "red", "population_exposed": 891, "dist_to_drain_km": 0.354, "dist_to_incident_km": 8.564, "rainfall_mm": 60.0}}, {"type": "Feature", "geometry": {"type": "Point", "coordinates": [78.436707, 17.525638]}, "properties": {"cell_id": 2414, "risk_score": 0.1913, "severity_band": "green", "population_exposed": 882, "dist_to_drain_km": 0.785, "dist_to_incident_km": 8.48, "rainfall_mm": 60.0}}, {"type": "Feature", "geometry": {"type": "Point", "coordinates": [78.441207, 17.525638]}, "properties": {"cell_id": 2415, "risk_score": 0.1601, "severity_band": "green", "population_exposed": 873, "dist_to_drain_km": 1.031, "dist_to_incident_km": 8.209, "rainfall_mm": 60.0}}, {"type": "Feature", "geometry": {"type": "Point", "coordinates": [78.445707, 17.525638]}, "properties": {"cell_id": 2416, "risk_score": 0.1614, "severity_band": "green", "population_exposed": 864, "dist_to_drain_km": 0.881, "dist_to_incident_km": 7.957, "rainfall_mm": 60.0}}, {"type": "Feature", "geometry": {"type": "Point", "coordinates": [78.450207, 17.525638]}, "properties": {"cell_id": 2417, "risk_score": 0.1605, "severity_band": "green", "population_exposed": 854, "dist_to_drain_km": 0.972, "dist_to_incident_km": 7.726, "rainfall_mm": 60.0}}, {"type": "Feature", "geometry": {"type": "Point", "coordinates": [78.454707, 17.525638]}, "properties": {"cell_id": 2418, "risk_score": 0.178, "severity_band": "green", "population_exposed": 846, "dist_to_drain_km": 0.807, "dist_to_incident_km": 7.518, "rainfall_mm": 60.0}}, {"type": "Feature", "geometry": {"type": "Point", "coordinates": [78.459207, 17.525638]}, "properties": {"cell_id": 2419, "risk_score": 0.319, "severity_band": "red", "population_exposed": 836, "dist_to_drain_km": 0.33, "dist_to_incident_km": 7.335, "rainfall_mm": 60.0}}, {"type": "Feature", "geometry": {"type": "Point", "coordinates": [78.463707, 17.525638]}, "properties": {"cell_id": 2420, "risk_score": 0.4114, "severity_band": "red", "population_exposed": 828, "dist_to_drain_km": 0.078, "dist_to_incident_km": 7.18, "rainfall_mm": 60.0}}, {"type": "Feature", "geometry": {"type": "Point", "coordinates": [78.468207, 17.525638]}, "properties": {"cell_id": 2421, "risk_score": 0.357, "severity_band": "red", "population_exposed": 819, "dist_to_drain_km": 0.237, "dist_to_incident_km": 7.054, "rainfall_mm": 60.0}}, {"type": "Feature", "geometry": {"type": "Point", "coordinates": [78.472707, 17.525638]}, "properties": {"cell_id": 2422, "risk_score": 0.359, "severity_band": "red", "population_exposed": 810, "dist_to_drain_km": 0.22, "dist_to_incident_km": 6.958, "rainfall_mm": 60.0}}, {"type": "Feature", "geometry": {"type": "Point", "coordinates": [78.486207, 17.525638]}, "properties": {"cell_id": 2423, "risk_score": 0.1614, "severity_band": "green", "population_exposed": 782, "dist_to_drain_km": 0.865, "dist_to_incident_km": 6.864, "rainfall_mm": 60.0}}, {"type": "Feature", "geometry": {"type": "Point", "coordinates": [78.490707, 17.525638]}, "properties": {"cell_id": 2424, "risk_score": 0.2386, "severity_band": "green", "population_exposed": 773, "dist_to_drain_km": 0.531, "dist_to_incident_km": 6.899, "rainfall_mm": 60.0}}, {"type": "Feature", "geometry": {"type": "Point", "coordinates": [78.495207, 17.525638]}, "properties": {"cell_id": 2425, "risk_score": 0.2554, "severity_band": "green", "population_exposed": 763, "dist_to_drain_km": 0.514, "dist_to_incident_km": 6.966, "rainfall_mm": 60.0}}, {"type": "Feature", "geometry": {"type": "Point", "coordinates": [78.499707, 17.525638]}, "properties": {"cell_id": 2426, "risk_score": 0.1651, "severity_band": "green", "population_exposed": 754, "dist_to_drain_km": 0.836, "dist_to_incident_km": 7.065, "rainfall_mm": 60.0}}, {"type": "Feature", "geometry": {"type": "Point", "coordinates": [78.504207, 17.525638]}, "properties": {"cell_id": 2427, "risk_score": 0.1298, "severity_band": "green", "population_exposed": 744, "dist_to_drain_km": 1.26, "dist_to_incident_km": 7.194, "rainfall_mm": 60.0}}, {"type": "Feature", "geometry": {"type": "Point", "coordinates": [78.508707, 17.525638]}, "properties": {"cell_id": 2428, "risk_score": 0.1273, "severity_band": "green", "population_exposed": 733, "dist_to_drain_km": 1.713, "dist_to_incident_km": 7.353, "rainfall_mm": 60.0}}, {"type": "Feature", "geometry": {"type": "Point", "coordinates": [78.513207, 17.525638]}, "properties": {"cell_id": 2429, "risk_score": 0.1273, "severity_band": "green", "population_exposed": 723, "dist_to_drain_km": 1.855, "dist_to_incident_km": 7.538, "rainfall_mm": 60.0}}, {"type": "Feature", "geometry": {"type": "Point", "coordinates": [78.535707, 17.525638]}, "properties": {"cell_id": 2430, "risk_score": 0.1614, "severity_band": "green", "population_exposed": 668, "dist_to_drain_km": 0.89, "dist_to_incident_km": 8.281, "rainfall_mm": 60.0}}, {"type": "Feature", "geometry": {"type": "Point", "coordinates": [78.540207, 17.525638]}, "properties": {"cell_id": 2431, "risk_score": 0.2295, "severity_band": "green", "population_exposed": 656, "dist_to_drain_km": 0.562, "dist_to_incident_km": 8.287, "rainfall_mm": 60.0}}, {"type": "Feature", "geometry": {"type": "Point", "coordinates": [78.544707, 17.525638]}, "properties": {"cell_id": 2432, "risk_score": 0.357, "severity_band": "red", "population_exposed": 645, "dist_to_drain_km": 0.236, "dist_to_incident_km": 8.321, "rainfall_mm": 60.0}}, {"type": "Feature", "geometry": {"type": "Point", "coordinates": [78.243207, 17.530138]}, "properties": {"cell_id": 2433, "risk_score": 0.3747, "severity_band": "red", "population_exposed": 446, "dist_to_drain_km": 0.176, "dist_to_incident_km": 12.555, "rainfall_mm": 60.0}}, {"type": "Feature", "geometry": {"type": "Point", "coordinates": [78.247707, 17.530138]}, "properties": {"cell_id": 2434, "risk_score": 0.2075, "severity_band": "green", "population_exposed": 452, "dist_to_drain_km": 0.618, "dist_to_incident_km": 12.099, "rainfall_mm": 60.0}}, {"type": "Feature", "geometry": {"type": "Point", "coordinates": [78.252207, 17.530138]}, "properties": {"cell_id": 2435, "risk_score": 0.1627, "severity_band": "green", "population_exposed": 460, "dist_to_drain_km": 0.845, "dist_to_incident_km": 11.643, "rainfall_mm": 60.0}}, {"type": "Feature", "geometry": {"type": "Point", "coordinates": [78.256707, 17.530138]}, "properties": {"cell_id": 2436, "risk_score": 0.2603, "severity_band": "green", "population_exposed": 468, "dist_to_drain_km": 0.413, "dist_to_incident_km": 11.19, "rainfall_mm": 60.0}}, {"type": "Feature", "geometry": {"type": "Point", "coordinates": [78.261207, 17.530138]}, "properties": {"cell_id": 2437, "risk_score": 0.4091, "severity_band": "red", "population_exposed": 477, "dist_to_drain_km": 0.091, "dist_to_incident_km": 10.739, "rainfall_mm": 60.0}}, {"type": "Feature", "geometry": {"type": "Point", "coordinates": [78.265707, 17.530138]}, "properties": {"cell_id": 2438, "risk_score": 0.319, "severity_band": "red", "population_exposed": 487, "dist_to_drain_km": 0.344, "dist_to_incident_km": 10.289, "rainfall_mm": 60.0}}, {"type": "Feature", "geometry": {"type": "Point", "coordinates": [78.270207, 17.530138]}, "properties": {"cell_id": 2439, "risk_score": 0.2143, "severity_band": "green", "population_exposed": 497, "dist_to_drain_km": 0.588, "dist_to_incident_km": 9.843, "rainfall_mm": 60.0}}, {"type": "Feature", "geometry": {"type": "Point", "coordinates": [78.274707, 17.530138]}, "properties": {"cell_id": 2440, "risk_score": 0.1945, "severity_band": "green", "population_exposed": 508, "dist_to_drain_km": 0.732, "dist_to_incident_km": 9.4, "rainfall_mm": 60.0}}, {"type": "Feature", "geometry": {"type": "Point", "coordinates": [78.279207, 17.530138]}, "properties": {"cell_id": 2441, "risk_score": 0.2405, "severity_band": "green", "population_exposed": 520, "dist_to_drain_km": 0.521, "dist_to_incident_km": 8.96, "rainfall_mm": 60.0}}, {"type": "Feature", "geometry": {"type": "Point", "coordinates": [78.283707, 17.530138]}, "properties": {"cell_id": 2442, "risk_score": 0.3869, "severity_band": "red", "population_exposed": 534, "dist_to_drain_km": 0.155, "dist_to_incident_km": 8.524, "rainfall_mm": 60.0}}, {"type": "Feature", "geometry": {"type": "Point", "coordinates": [78.288207, 17.530138]}, "properties": {"cell_id": 2443, "risk_score": 0.319, "severity_band": "red", "population_exposed": 547, "dist_to_drain_km": 0.358, "dist_to_incident_km": 8.093, "rainfall_mm": 60.0}}, {"type": "Feature", "geometry": {"type": "Point", "coordinates": [78.396207, 17.530138]}, "properties": {"cell_id": 2444, "risk_score": 0.1601, "severity_band": "green", "population_exposed": 880, "dist_to_drain_km": 1.05, "dist_to_incident_km": 5.49, "rainfall_mm": 60.0}}, {"type": "Feature", "geometry": {"type": "Point", "coordinates": [78.400707, 17.530138]}, "properties": {"cell_id": 2445, "risk_score": 0.1945, "severity_band": "green", "population_exposed": 879, "dist_to_drain_km": 0.728, "dist_to_incident_km": 5.862, "rainfall_mm": 60.0}}, {"type": "Feature", "geometry": {"type": "Point", "coordinates": [78.405207, 17.530138]}, "properties": {"cell_id": 2446, "risk_score": 0.2564, "severity_band": "green", "population_exposed": 876, "dist_to_drain_km": 0.428, "dist_to_incident_km": 6.248, "rainfall_mm": 60.0}}, {"type": "Feature", "geometry": {"type": "Point", "coordinates": [78.409707, 17.530138]}, "properties": {"cell_id": 2447, "risk_score": 0.4099, "severity_band": "red", "population_exposed": 873, "dist_to_drain_km": 0.079, "dist_to_incident_km": 6.645, "rainfall_mm": 60.0}}, {"type": "Feature", "geometry": {"type": "Point", "coordinates": [78.414207, 17.530138]}, "properties": {"cell_id": 2448, "risk_score": 0.3599, "severity_band": "red", "population_exposed": 868, "dist_to_drain_km": 0.218, "dist_to_incident_km": 7.053, "rainfall_mm": 60.0}}, {"type": "Feature", "geometry": {"type": "Point", "coordinates": [78.418707, 17.530138]}, "properties": {"cell_id": 2449, "risk_score": 0.4457, "severity_band": "red", "population_exposed": 862, "dist_to_drain_km": 0.003, "dist_to_incident_km": 7.469, "rainfall_mm": 60.0}}, {"type": "Feature", "geometry": {"type": "Point", "coordinates": [78.423207, 17.530138]}, "properties": {"cell_id": 2450, "risk_score": 0.319, "severity_band": "red", "population_exposed": 856, "dist_to_drain_km": 0.337, "dist_to_incident_km": 7.892, "rainfall_mm": 60.0}}, {"type": "Feature", "geometry": {"type": "Point", "coordinates": [78.427707, 17.530138]}, "properties": {"cell_id": 2451, "risk_score": 0.2554, "severity_band": "green", "population_exposed": 849, "dist_to_drain_km": 0.506, "dist_to_incident_km": 8.321, "rainfall_mm": 60.0}}, {"type": "Feature", "geometry": {"type": "Point", "coordinates": [78.432207, 17.530138]}, "properties": {"cell_id": 2452, "risk_score": 0.2295, "severity_band": "green", "population_exposed": 842, "dist_to_drain_km": 0.559, "dist_to_incident_km": 8.755, "rainfall_mm": 60.0}}, {"type": "Feature", "geometry": {"type": "Point", "coordinates": [78.436707, 17.530138]}, "properties": {"cell_id": 2453, "risk_score": 0.1614, "severity_band": "green", "population_exposed": 834, "dist_to_drain_km": 0.883, "dist_to_incident_km": 8.89, "rainfall_mm": 60.0}}, {"type": "Feature", "geometry": {"type": "Point", "coordinates": [78.441207, 17.530138]}, "properties": {"cell_id": 2454, "risk_score": 0.2023, "severity_band": "green", "population_exposed": 826, "dist_to_drain_km": 0.659, "dist_to_incident_km": 8.631, "rainfall_mm": 60.0}}, {"type": "Feature", "geometry": {"type": "Point", "coordinates": [78.445707, 17.530138]}, "properties": {"cell_id": 2455, "risk_score": 0.318, "severity_band": "red", "population_exposed": 818, "dist_to_drain_km": 0.384, "dist_to_incident_km": 8.392, "rainfall_mm": 60.0}}, {"type": "Feature", "geometry": {"type": "Point", "coordinates": [78.450207, 17.530138]}, "properties": {"cell_id": 2456, "risk_score": 0.2295, "severity_band": "green", "population_exposed": 810, "dist_to_drain_km": 0.562, "dist_to_incident_km": 8.173, "rainfall_mm": 60.0}}, {"type": "Feature", "geometry": {"type": "Point", "coordinates": [78.454707, 17.530138]}, "properties": {"cell_id": 2457, "risk_score": 0.2023, "severity_band": "green", "population_exposed": 802, "dist_to_drain_km": 0.688, "dist_to_incident_km": 7.977, "rainfall_mm": 60.0}}, {"type": "Feature", "geometry": {"type": "Point", "coordinates": [78.490707, 17.530138]}, "properties": {"cell_id": 2458, "risk_score": 0.1614, "severity_band": "green", "population_exposed": 737, "dist_to_drain_km": 0.936, "dist_to_incident_km": 7.396, "rainfall_mm": 60.0}}, {"type": "Feature", "geometry": {"type": "Point", "coordinates": [78.504207, 17.530138]}, "properties": {"cell_id": 2459, "risk_score": 0.1273, "severity_band": "green", "population_exposed": 710, "dist_to_drain_km": 1.519, "dist_to_incident_km": 7.673, "rainfall_mm": 60.0}}, {"type": "Feature", "geometry": {"type": "Point", "coordinates": [78.508707, 17.530138]}, "properties": {"cell_id": 2460, "risk_score": 0.1273, "severity_band": "green", "population_exposed": 701, "dist_to_drain_km": 1.467, "dist_to_incident_km": 7.821, "rainfall_mm": 60.0}}, {"type": "Feature", "geometry": {"type": "Point", "coordinates": [78.513207, 17.530138]}, "properties": {"cell_id": 2461, "risk_score": 0.1273, "severity_band": "green", "population_exposed": 692, "dist_to_drain_km": 1.355, "dist_to_incident_km": 7.996, "rainfall_mm": 60.0}}, {"type": "Feature", "geometry": {"type": "Point", "coordinates": [78.517707, 17.530138]}, "properties": {"cell_id": 2462, "risk_score": 0.1273, "severity_band": "green", "population_exposed": 682, "dist_to_drain_km": 1.405, "dist_to_incident_km": 8.194, "rainfall_mm": 60.0}}, {"type": "Feature", "geometry": {"type": "Point", "coordinates": [78.535707, 17.530138]}, "properties": {"cell_id": 2463, "risk_score": 0.2718, "severity_band": "green", "population_exposed": 642, "dist_to_drain_km": 0.405, "dist_to_incident_km": 8.781, "rainfall_mm": 60.0}}, {"type": "Feature", "geometry": {"type": "Point", "coordinates": [78.540207, 17.530138]}, "properties": {"cell_id": 2464, "risk_score": 0.23, "severity_band": "green", "population_exposed": 632, "dist_to_drain_km": 0.556, "dist_to_incident_km": 8.787, "rainfall_mm": 60.0}}, {"type": "Feature", "geometry": {"type": "Point", "coordinates": [78.544707, 17.530138]}, "properties": {"cell_id": 2465, "risk_score": 0.3899, "severity_band": "red", "population_exposed": 622, "dist_to_drain_km": 0.141, "dist_to_incident_km": 8.819, "rainfall_mm": 60.0}}, {"type": "Feature", "geometry": {"type": "Point", "coordinates": [78.243207, 17.534638]}, "properties": {"cell_id": 2466, "risk_score": 0.2603, "severity_band": "green", "population_exposed": 441, "dist_to_drain_km": 0.412, "dist_to_incident_km": 12.706, "rainfall_mm": 60.0}}, {"type": "Feature", "geometry": {"type": "Point", "coordinates": [78.247707, 17.534638]}, "properties": {"cell_id": 2467, "risk_score": 0.2549, "severity_band": "green", "population_exposed": 447, "dist_to_drain_km": 0.518, "dist_to_incident_km": 12.255, "rainfall_mm": 60.0}}, {"type": "Feature", "geometry": {"type": "Point", "coordinates": [78.252207, 17.534638]}, "properties": {"cell_id": 2468, "risk_score": 0.2386, "severity_band": "green", "population_exposed": 454, "dist_to_drain_km": 0.528, "dist_to_incident_km": 11.806, "rainfall_mm": 60.0}}, {"type": "Feature", "geometry": {"type": "Point", "coordinates": [78.256707, 17.534638]}, "properties": {"cell_id": 2469, "risk_score": 0.2572, "severity_band": "green", "population_exposed": 462, "dist_to_drain_km": 0.419, "dist_to_incident_km": 11.359, "rainfall_mm": 60.0}}, {"type": "Feature", "geometry": {"type": "Point", "coordinates": [78.261207, 17.534638]}, "properties": {"cell_id": 2470, "risk_score": 0.2554, "severity_band": "green", "population_exposed": 470, "dist_to_drain_km": 0.5, "dist_to_incident_km": 10.914, "rainfall_mm": 60.0}}, {"type": "Feature", "geometry": {"type": "Point", "coordinates": [78.265707, 17.534638]}, "properties": {"cell_id": 2471, "risk_score": 0.4419, "severity_band": "red", "population_exposed": 479, "dist_to_drain_km": 0.042, "dist_to_incident_km": 10.473, "rainfall_mm": 60.0}}, {"type": "Feature", "geometry": {"type": "Point", "coordinates": [78.270207, 17.534638]}, "properties": {"cell_id": 2472, "risk_score": 0.3918, "severity_band": "red", "population_exposed": 488, "dist_to_drain_km": 0.126, "dist_to_incident_km": 10.035, "rainfall_mm": 60.0}}, {"type": "Feature", "geometry": {"type": "Point", "coordinates": [78.274707, 17.534638]}, "properties": {"cell_id": 2473, "risk_score": 0.3189, "severity_band": "red", "population_exposed": 498, "dist_to_drain_km": 0.371, "dist_to_incident_km": 9.6, "rainfall_mm": 60.0}}, {"type": "Feature", "geometry": {"type": "Point", "coordinates": [78.279207, 17.534638]}, "properties": {"cell_id": 2474, "risk_score": 0.1678, "severity_band": "green", "population_exposed": 509, "dist_to_drain_km": 0.824, "dist_to_incident_km": 9.17, "rainfall_mm": 60.0}}, {"type": "Feature", "geometry": {"type": "Point", "coordinates": [78.283707, 17.534638]}, "properties": {"cell_id": 2475, "risk_score": 0.2023, "severity_band": "green", "population_exposed": 521, "dist_to_drain_km": 0.654, "dist_to_incident_km": 8.744, "rainfall_mm": 60.0}}, {"type": "Feature", "geometry": {"type": "Point", "coordinates": [78.396207, 17.534638]}, "properties": {"cell_id": 2476, "risk_score": 0.1614, "severity_band": "green", "population_exposed": 827, "dist_to_drain_km": 0.933, "dist_to_incident_km": 5.826, "rainfall_mm": 60.0}}, {"type": "Feature", "geometry": {"type": "Point", "coordinates": [78.400707, 17.534638]}, "properties": {"cell_id": 2477, "risk_score": 0.2139, "severity_band": "green", "population_exposed": 827, "dist_to_drain_km": 0.598, "dist_to_incident_km": 6.178, "rainfall_mm": 60.0}}, {"type": "Feature", "geometry": {"type": "Point", "coordinates": [78.405207, 17.534638]}, "properties": {"cell_id": 2478, "risk_score": 0.3918, "severity_band": "red", "population_exposed": 825, "dist_to_drain_km": 0.124, "dist_to_incident_km": 6.545, "rainfall_mm": 60.0}}, {"type": "Feature", "geometry": {"type": "Point", "coordinates": [78.409707, 17.534638]}, "properties": {"cell_id": 2479, "risk_score": 0.4211, "severity_band": "red", "population_exposed": 822, "dist_to_drain_km": 0.077, "dist_to_incident_km": 6.926, "rainfall_mm": 60.0}}, {"type": "Feature", "geometry": {"type": "Point", "coordinates": [78.414207, 17.534638]}, "properties": {"cell_id": 2480, "risk_score": 0.4351, "severity_band": "red", "population_exposed": 818, "dist_to_drain_km": 0.06, "dist_to_incident_km": 7.318, "rainfall_mm": 60.0}}, {"type": "Feature", "geometry": {"type": "Point", "coordinates": [78.418707, 17.534638]}, "properties": {"cell_id": 2481, "risk_score": 0.357, "severity_band": "red", "population_exposed": 814, "dist_to_drain_km": 0.239, "dist_to_incident_km": 7.72, "rainfall_mm": 60.0}}, {"type": "Feature", "geometry": {"type": "Point", "coordinates": [78.423207, 17.534638]}, "properties": {"cell_id": 2482, "risk_score": 0.2125, "severity_band": "green", "population_exposed": 808, "dist_to_drain_km": 0.602, "dist_to_incident_km": 8.13, "rainfall_mm": 60.0}}, {"type": "Feature", "geometry": {"type": "Point", "coordinates": [78.427707, 17.534638]}, "properties": {"cell_id": 2483, "risk_score": 0.3869, "severity_band": "red", "population_exposed": 803, "dist_to_drain_km": 0.144, "dist_to_incident_km": 8.547, "rainfall_mm": 60.0}}, {"type": "Feature", "geometry": {"type": "Point", "coordinates": [78.432207, 17.534638]}, "properties": {"cell_id": 2484, "risk_score": 0.357, "severity_band": "red", "population_exposed": 796, "dist_to_drain_km": 0.243, "dist_to_incident_km": 8.97, "rainfall_mm": 60.0}}, {"type": "Feature", "geometry": {"type": "Point", "coordinates": [78.436707, 17.534638]}, "properties": {"cell_id": 2485, "risk_score": 0.1945, "severity_band": "green", "population_exposed": 790, "dist_to_drain_km": 0.719, "dist_to_incident_km": 9.308, "rainfall_mm": 60.0}}, {"type": "Feature", "geometry": {"type": "Point", "coordinates": [78.441207, 17.534638]}, "properties": {"cell_id": 2486, "risk_score": 0.318, "severity_band": "red", "population_exposed": 784, "dist_to_drain_km": 0.381, "dist_to_incident_km": 9.062, "rainfall_mm": 60.0}}, {"type": "Feature", "geometry": {"type": "Point", "coordinates": [78.508707, 17.534638]}, "properties": {"cell_id": 2487, "risk_score": 0.1601, "severity_band": "green", "population_exposed": 672, "dist_to_drain_km": 1.024, "dist_to_incident_km": 8.294, "rainfall_mm": 60.0}}, {"type": "Feature", "geometry": {"type": "Point", "coordinates": [78.513207, 17.534638]}, "properties": {"cell_id": 2488, "risk_score": 0.1618, "severity_band": "green", "population_exposed": 663, "dist_to_drain_km": 0.857, "dist_to_incident_km": 8.458, "rainfall_mm": 60.0}}, {"type": "Feature", "geometry": {"type": "Point", "coordinates": [78.517707, 17.534638]}, "properties": {"cell_id": 2489, "risk_score": 0.1614, "severity_band": "green", "population_exposed": 655, "dist_to_drain_km": 0.932, "dist_to_incident_km": 8.646, "rainfall_mm": 60.0}}, {"type": "Feature", "geometry": {"type": "Point", "coordinates": [78.535707, 17.534638]}, "properties": {"cell_id": 2490, "risk_score": 0.3869, "severity_band": "red", "population_exposed": 619, "dist_to_drain_km": 0.146, "dist_to_incident_km": 9.281, "rainfall_mm": 60.0}}, {"type": "Feature", "geometry": {"type": "Point", "coordinates": [78.540207, 17.534638]}, "properties": {"cell_id": 2491, "risk_score": 0.319, "severity_band": "red", "population_exposed": 610, "dist_to_drain_km": 0.338, "dist_to_incident_km": 9.287, "rainfall_mm": 60.0}}, {"type": "Feature", "geometry": {"type": "Point", "coordinates": [78.544707, 17.534638]}, "properties": {"cell_id": 2492, "risk_score": 0.393, "severity_band": "red", "population_exposed": 600, "dist_to_drain_km": 0.116, "dist_to_incident_km": 9.317, "rainfall_mm": 60.0}}, {"type": "Feature", "geometry": {"type": "Point", "coordinates": [78.243207, 17.539138]}, "properties": {"cell_id": 2493, "risk_score": 0.4291, "severity_band": "red", "population_exposed": 436, "dist_to_drain_km": 0.071, "dist_to_incident_km": 12.874, "rainfall_mm": 60.0}}, {"type": "Feature", "geometry": {"type": "Point", "coordinates": [78.247707, 17.539138]}, "properties": {"cell_id": 2494, "risk_score": 0.4457, "severity_band": "red", "population_exposed": 442, "dist_to_drain_km": 0.026, "dist_to_incident_km": 12.429, "rainfall_mm": 60.0}}, {"type": "Feature", "geometry": {"type": "Point", "coordinates": [78.252207, 17.539138]}, "properties": {"cell_id": 2495, "risk_score": 0.4419, "severity_band": "red", "population_exposed": 449, "dist_to_drain_km": 0.053, "dist_to_incident_km": 11.987, "rainfall_mm": 60.0}}, {"type": "Feature", "geometry": {"type": "Point", "coordinates": [78.256707, 17.539138]}, "properties": {"cell_id": 2496, "risk_score": 0.4419, "severity_band": "red", "population_exposed": 456, "dist_to_drain_km": 0.044, "dist_to_incident_km": 11.547, "rainfall_mm": 60.0}}, {"type": "Feature", "geometry": {"type": "Point", "coordinates": [78.261207, 17.539138]}, "properties": {"cell_id": 2497, "risk_score": 0.357, "severity_band": "red", "population_exposed": 463, "dist_to_drain_km": 0.24, "dist_to_incident_km": 11.11, "rainfall_mm": 60.0}}, {"type": "Feature", "geometry": {"type": "Point", "coordinates": [78.265707, 17.539138]}, "properties": {"cell_id": 2498, "risk_score": 0.3645, "severity_band": "red", "population_exposed": 471, "dist_to_drain_km": 0.209, "dist_to_incident_km": 10.676, "rainfall_mm": 60.0}}, {"type": "Feature", "geometry": {"type": "Point", "coordinates": [78.270207, 17.539138]}, "properties": {"cell_id": 2499, "risk_score": 0.3664, "severity_band": "red", "population_exposed": 480, "dist_to_drain_km": 0.198, "dist_to_incident_km": 10.247, "rainfall_mm": 60.0}}, {"type": "Feature", "geometry": {"type": "Point", "coordinates": [78.274707, 17.539138]}, "properties": {"cell_id": 2500, "risk_score": 0.2564, "severity_band": "green", "population_exposed": 489, "dist_to_drain_km": 0.435, "dist_to_incident_km": 9.822, "rainfall_mm": 60.0}}, {"type": "Feature", "geometry": {"type": "Point", "coordinates": [78.279207, 17.539138]}, "properties": {"cell_id": 2501, "risk_score": 0.1614, "severity_band": "green", "population_exposed": 499, "dist_to_drain_km": 0.864, "dist_to_incident_km": 9.402, "rainfall_mm": 60.0}}, {"type": "Feature", "geometry": {"type": "Point", "coordinates": [78.396207, 17.539138]}, "properties": {"cell_id": 2502, "risk_score": 0.2564, "severity_band": "green", "population_exposed": 780, "dist_to_drain_km": 0.465, "dist_to_incident_km": 6.185, "rainfall_mm": 60.0}}, {"type": "Feature", "geometry": {"type": "Point", "coordinates": [78.400707, 17.539138]}, "properties": {"cell_id": 2503, "risk_score": 0.2564, "severity_band": "green", "population_exposed": 780, "dist_to_drain_km": 0.472, "dist_to_incident_km": 6.517, "rainfall_mm": 60.0}}, {"type": "Feature", "geometry": {"type": "Point", "coordinates": [78.405207, 17.539138]}, "properties": {"cell_id": 2504, "risk_score": 0.3747, "severity_band": "red", "population_exposed": 779, "dist_to_drain_km": 0.177, "dist_to_incident_km": 6.867, "rainfall_mm": 60.0}}, {"type": "Feature", "geometry": {"type": "Point", "coordinates": [78.409707, 17.539138]}, "properties": {"cell_id": 2505, "risk_score": 0.3649, "severity_band": "red", "population_exposed": 776, "dist_to_drain_km": 0.204, "dist_to_incident_km": 7.23, "rainfall_mm": 60.0}}, {"type": "Feature", "geometry": {"type": "Point", "coordinates": [78.414207, 17.539138]}, "properties": {"cell_id": 2506, "risk_score": 0.23, "severity_band": "green", "population_exposed": 774, "dist_to_drain_km": 0.55, "dist_to_incident_km": 7.607, "rainfall_mm": 60.0}}, {"type": "Feature", "geometry": {"type": "Point", "coordinates": [78.418707, 17.539138]}, "properties": {"cell_id": 2507, "risk_score": 0.2023, "severity_band": "green", "population_exposed": 770, "dist_to_drain_km": 0.685, "dist_to_incident_km": 7.994, "rainfall_mm": 60.0}}, {"type": "Feature", "geometry": {"type": "Point", "coordinates": [78.423207, 17.539138]}, "properties": {"cell_id": 2508, "risk_score": 0.1913, "severity_band": "green", "population_exposed": 766, "dist_to_drain_km": 0.78, "dist_to_incident_km": 8.391, "rainfall_mm": 60.0}}, {"type": "Feature", "geometry": {"type": "Point", "coordinates": [78.427707, 17.539138]}, "properties": {"cell_id": 2509, "risk_score": 0.2564, "severity_band": "green", "population_exposed": 761, "dist_to_drain_km": 0.469, "dist_to_incident_km": 8.795, "rainfall_mm": 60.0}}, {"type": "Feature", "geometry": {"type": "Point", "coordinates": [78.432207, 17.539138]}, "properties": {"cell_id": 2510, "risk_score": 0.2396, "severity_band": "green", "population_exposed": 756, "dist_to_drain_km": 0.526, "dist_to_incident_km": 9.207, "rainfall_mm": 60.0}}, {"type": "Feature", "geometry": {"type": "Point", "coordinates": [78.436707, 17.539138]}, "properties": {"cell_id": 2511, "risk_score": 0.1913, "severity_band": "green", "population_exposed": 750, "dist_to_drain_km": 0.78, "dist_to_incident_km": 9.734, "rainfall_mm": 60.0}}, {"type": "Feature", "geometry": {"type": "Point", "coordinates": [78.441207, 17.539138]}, "properties": {"cell_id": 2512, "risk_score": 0.319, "severity_band": "red", "population_exposed": 744, "dist_to_drain_km": 0.353, "dist_to_incident_km": 9.499, "rainfall_mm": 60.0}}, {"type": "Feature", "geometry": {"type": "Point", "coordinates": [78.508707, 17.539138]}, "properties": {"cell_id": 2513, "risk_score": 0.2023, "severity_band": "green", "population_exposed": 645, "dist_to_drain_km": 0.668, "dist_to_incident_km": 8.77, "rainfall_mm": 60.0}}, {"type": "Feature", "geometry": {"type": "Point", "coordinates": [78.513207, 17.539138]}, "properties": {"cell_id": 2514, "risk_score": 0.319, "severity_band": "red", "population_exposed": 637, "dist_to_drain_km": 0.363, "dist_to_incident_km": 8.925, "rainfall_mm": 60.0}}, {"type": "Feature", "geometry": {"type": "Point", "coordinates": [78.549207, 17.539138]}, "properties": {"cell_id": 2515, "risk_score": 0.2386, "severity_band": "green", "population_exposed": 573, "dist_to_drain_km": 0.537, "dist_to_incident_km": 9.868, "rainfall_mm": 60.0}}, {"type": "Feature", "geometry": {"type": "Point", "coordinates": [78.252207, 17.543638]}, "properties": {"cell_id": 2516, "risk_score": 0.2564, "severity_band": "green", "population_exposed": 444, "dist_to_drain_km": 0.436, "dist_to_incident_km": 12.186, "rainfall_mm": 60.0}}, {"type": "Feature", "geometry": {"type": "Point", "coordinates": [78.256707, 17.543638]}, "properties": {"cell_id": 2517, "risk_score": 0.2564, "severity_band": "green", "population_exposed": 450, "dist_to_drain_km": 0.467, "dist_to_incident_km": 11.753, "rainfall_mm": 60.0}}, {"type": "Feature", "geometry": {"type": "Point", "coordinates": [78.261207, 17.543638]}, "properties": {"cell_id": 2518, "risk_score": 0.2295, "severity_band": "green", "population_exposed": 456, "dist_to_drain_km": 0.557, "dist_to_incident_km": 11.324, "rainfall_mm": 60.0}}, {"type": "Feature", "geometry": {"type": "Point", "coordinates": [78.265707, 17.543638]}, "properties": {"cell_id": 2519, "risk_score": 0.2386, "severity_band": "green", "population_exposed": 464, "dist_to_drain_km": 0.536, "dist_to_incident_km": 10.899, "rainfall_mm": 60.0}}, {"type": "Feature", "geometry": {"type": "Point", "coordinates": [78.270207, 17.543638]}, "properties": {"cell_id": 2520, "risk_score": 0.2023, "severity_band": "green", "population_exposed": 472, "dist_to_drain_km": 0.679, "dist_to_incident_km": 10.479, "rainfall_mm": 60.0}}, {"type": "Feature", "geometry": {"type": "Point", "coordinates": [78.274707, 17.543638]}, "properties": {"cell_id": 2521, "risk_score": 0.1651, "severity_band": "green", "population_exposed": 480, "dist_to_drain_km": 0.833, "dist_to_incident_km": 10.064, "rainfall_mm": 60.0}}, {"type": "Feature", "geometry": {"type": "Point", "coordinates": [78.279207, 17.543638]}, "properties": {"cell_id": 2522, "risk_score": 0.1605, "severity_band": "green", "population_exposed": 489, "dist_to_drain_km": 1.006, "dist_to_incident_km": 9.654, "rainfall_mm": 60.0}}, {"type": "Feature", "geometry": {"type": "Point", "coordinates": [78.400707, 17.543638]}, "properties": {"cell_id": 2523, "risk_score": 0.3555, "severity_band": "red", "population_exposed": 738, "dist_to_drain_km": 0.25, "dist_to_incident_km": 6.876, "rainfall_mm": 60.0}}, {"type": "Feature", "geometry": {"type": "Point", "coordinates": [78.405207, 17.543638]}, "properties": {"cell_id": 2524, "risk_score": 0.2295, "severity_band": "green", "population_exposed": 737, "dist_to_drain_km": 0.562, "dist_to_incident_km": 7.208, "rainfall_mm": 60.0}}, {"type": "Feature", "geometry": {"type": "Point", "coordinates": [78.409707, 17.543638]}, "properties": {"cell_id": 2525, "risk_score": 0.2075, "severity_band": "green", "population_exposed": 736, "dist_to_drain_km": 0.608, "dist_to_incident_km": 7.556, "rainfall_mm": 60.0}}, {"type": "Feature", "geometry": {"type": "Point", "coordinates": [78.414207, 17.543638]}, "properties": {"cell_id": 2526, "risk_score": 0.1614, "severity_band": "green", "population_exposed": 733, "dist_to_drain_km": 0.894, "dist_to_incident_km": 7.917, "rainfall_mm": 60.0}}, {"type": "Feature", "geometry": {"type": "Point", "coordinates": [78.418707, 17.543638]}, "properties": {"cell_id": 2527, "risk_score": 0.2295, "severity_band": "green", "population_exposed": 730, "dist_to_drain_km": 0.559, "dist_to_incident_km": 8.289, "rainfall_mm": 60.0}}, {"type": "Feature", "geometry": {"type": "Point", "coordinates": [78.423207, 17.543638]}, "properties": {"cell_id": 2528, "risk_score": 0.319, "severity_band": "red", "population_exposed": 727, "dist_to_drain_km": 0.35, "dist_to_incident_km": 8.672, "rainfall_mm": 60.0}}, {"type": "Feature", "geometry": {"type": "Point", "coordinates": [78.427707, 17.543638]}, "properties": {"cell_id": 2529, "risk_score": 0.2172, "severity_band": "green", "population_exposed": 723, "dist_to_drain_km": 0.582, "dist_to_incident_km": 9.064, "rainfall_mm": 60.0}}, {"type": "Feature", "geometry": {"type": "Point", "coordinates": [78.432207, 17.543638]}, "properties": {"cell_id": 2530, "risk_score": 0.2572, "severity_band": "green", "population_exposed": 718, "dist_to_drain_km": 0.421, "dist_to_incident_km": 9.464, "rainfall_mm": 60.0}}, {"type": "Feature", "geometry": {"type": "Point", "coordinates": [78.436707, 17.543638]}, "properties": {"cell_id": 2531, "risk_score": 0.2564, "severity_band": "green", "population_exposed": 714, "dist_to_drain_km": 0.433, "dist_to_incident_km": 9.871, "rainfall_mm": 60.0}}, {"type": "Feature", "geometry": {"type": "Point", "coordinates": [78.441207, 17.543638]}, "properties": {"cell_id": 2532, "risk_score": 0.1913, "severity_band": "green", "population_exposed": 709, "dist_to_drain_km": 0.778, "dist_to_incident_km": 9.942, "rainfall_mm": 60.0}}, {"type": "Feature", "geometry": {"type": "Point", "coordinates": [78.508707, 17.543638]}, "properties": {"cell_id": 2533, "risk_score": 0.2228, "severity_band": "green", "population_exposed": 620, "dist_to_drain_km": 0.578, "dist_to_incident_km": 9.248, "rainfall_mm": 60.0}}, {"type": "Feature", "geometry": {"type": "Point", "coordinates": [78.513207, 17.543638]}, "properties": {"cell_id": 2534, "risk_score": 0.3869, "severity_band": "red", "population_exposed": 614, "dist_to_drain_km": 0.151, "dist_to_incident_km": 9.396, "rainfall_mm": 60.0}}, {"type": "Feature", "geometry": {"type": "Point", "coordinates": [78.252207, 17.548138]}, "properties": {"cell_id": 2535, "risk_score": 0.3523, "severity_band": "red", "population_exposed": 438, "dist_to_drain_km": 0.277, "dist_to_incident_km": 12.401, "rainfall_mm": 60.0}}, {"type": "Feature", "geometry": {"type": "Point", "coordinates": [78.256707, 17.548138]}, "properties": {"cell_id": 2536, "risk_score": 0.357, "severity_band": "red", "population_exposed": 444, "dist_to_drain_km": 0.235, "dist_to_incident_km": 11.977, "rainfall_mm": 60.0}}, {"type": "Feature", "geometry": {"type": "Point", "coordinates": [78.261207, 17.548138]}, "properties": {"cell_id": 2537, "risk_score": 0.3527, "severity_band": "red", "population_exposed": 450, "dist_to_drain_km": 0.275, "dist_to_incident_km": 11.556, "rainfall_mm": 60.0}}, {"type": "Feature", "geometry": {"type": "Point", "coordinates": [78.265707, 17.548138]}, "properties": {"cell_id": 2538, "risk_score": 0.4382, "severity_band": "red", "population_exposed": 457, "dist_to_drain_km": 0.055, "dist_to_incident_km": 11.14, "rainfall_mm": 60.0}}, {"type": "Feature", "geometry": {"type": "Point", "coordinates": [78.270207, 17.548138]}, "properties": {"cell_id": 2539, "risk_score": 0.319, "severity_band": "red", "population_exposed": 464, "dist_to_drain_km": 0.363, "dist_to_incident_km": 10.729, "rainfall_mm": 60.0}}, {"type": "Feature", "geometry": {"type": "Point", "coordinates": [78.274707, 17.548138]}, "properties": {"cell_id": 2540, "risk_score": 0.2564, "severity_band": "green", "population_exposed": 471, "dist_to_drain_km": 0.454, "dist_to_incident_km": 10.324, "rainfall_mm": 60.0}}, {"type": "Feature", "geometry": {"type": "Point", "coordinates": [78.279207, 17.548138]}, "properties": {"cell_id": 2541, "risk_score": 0.2023, "severity_band": "green", "population_exposed": 479, "dist_to_drain_km": 0.655, "dist_to_incident_km": 9.925, "rainfall_mm": 60.0}}, {"type": "Feature", "geometry": {"type": "Point", "coordinates": [78.414207, 17.548138]}, "properties": {"cell_id": 2542, "risk_score": 0.1614, "severity_band": "green", "population_exposed": 697, "dist_to_drain_km": 0.914, "dist_to_incident_km": 8.245, "rainfall_mm": 60.0}}, {"type": "Feature", "geometry": {"type": "Point", "coordinates": [78.418707, 17.548138]}, "properties": {"cell_id": 2543, "risk_score": 0.2564, "severity_band": "green", "population_exposed": 694, "dist_to_drain_km": 0.44, "dist_to_incident_km": 8.604, "rainfall_mm": 60.0}}, {"type": "Feature", "geometry": {"type": "Point", "coordinates": [78.423207, 17.548138]}, "properties": {"cell_id": 2544, "risk_score": 0.4091, "severity_band": "red", "population_exposed": 692, "dist_to_drain_km": 0.093, "dist_to_incident_km": 8.973, "rainfall_mm": 60.0}}, {"type": "Feature", "geometry": {"type": "Point", "coordinates": [78.427707, 17.548138]}, "properties": {"cell_id": 2545, "risk_score": 0.2564, "severity_band": "green", "population_exposed": 688, "dist_to_drain_km": 0.443, "dist_to_incident_km": 9.353, "rainfall_mm": 60.0}}, {"type": "Feature", "geometry": {"type": "Point", "coordinates": [78.432207, 17.548138]}, "properties": {"cell_id": 2546, "risk_score": 0.4081, "severity_band": "red", "population_exposed": 685, "dist_to_drain_km": 0.095, "dist_to_incident_km": 9.741, "rainfall_mm": 60.0}}, {"type": "Feature", "geometry": {"type": "Point", "coordinates": [78.436707, 17.548138]}, "properties": {"cell_id": 2547, "risk_score": 0.3711, "severity_band": "red", "population_exposed": 681, "dist_to_drain_km": 0.183, "dist_to_incident_km": 10.136, "rainfall_mm": 60.0}}, {"type": "Feature", "geometry": {"type": "Point", "coordinates": [78.441207, 17.548138]}, "properties": {"cell_id": 2548, "risk_score": 0.2023, "severity_band": "green", "population_exposed": 677, "dist_to_drain_km": 0.657, "dist_to_incident_km": 10.39, "rainfall_mm": 60.0}}, {"type": "Feature", "geometry": {"type": "Point", "coordinates": [78.279207, 17.552638]}, "properties": {"cell_id": 2549, "risk_score": 0.3869, "severity_band": "red", "population_exposed": 470, "dist_to_drain_km": 0.161, "dist_to_incident_km": 10.214, "rainfall_mm": 60.0}}, {"type": "Feature", "geometry": {"type": "Point", "coordinates": [78.418707, 17.552638]}, "properties": {"cell_id": 2550, "risk_score": 0.357, "severity_band": "red", "population_exposed": 662, "dist_to_drain_km": 0.243, "dist_to_incident_km": 8.935, "rainfall_mm": 60.0}}, {"type": "Feature", "geometry": {"type": "Point", "coordinates": [78.423207, 17.552638]}, "properties": {"cell_id": 2551, "risk_score": 0.4091, "severity_band": "red", "population_exposed": 660, "dist_to_drain_km": 0.092, "dist_to_incident_km": 9.291, "rainfall_mm": 60.0}}, {"type": "Feature", "geometry": {"type": "Point", "coordinates": [78.427707, 17.552638]}, "properties": {"cell_id": 2552, "risk_score": 0.319, "severity_band": "red", "population_exposed": 657, "dist_to_drain_km": 0.329, "dist_to_incident_km": 9.658, "rainfall_mm": 60.0}}, {"type": "Feature", "geometry": {"type": "Point", "coordinates": [78.432207, 17.552638]}, "properties": {"cell_id": 2553, "risk_score": 0.3198, "severity_band": "red", "population_exposed": 654, "dist_to_drain_km": 0.325, "dist_to_incident_km": 10.034, "rainfall_mm": 60.0}}, {"type": "Feature", "geometry": {"type": "Point", "coordinates": [78.436707, 17.552638]}, "properties": {"cell_id": 2554, "risk_score": 0.319, "severity_band": "red", "population_exposed": 651, "dist_to_drain_km": 0.341, "dist_to_incident_km": 10.419, "rainfall_mm": 60.0}}, {"type": "Feature", "geometry": {"type": "Point", "coordinates": [78.441207, 17.552638]}, "properties": {"cell_id": 2555, "risk_score": 0.1932, "severity_band": "green", "population_exposed": 648, "dist_to_drain_km": 0.748, "dist_to_incident_km": 10.843, "rainfall_mm": 60.0}}, {"type": "Feature", "geometry": {"type": "Point", "coordinates": [78.418707, 17.557138]}, "properties": {"cell_id": 2556, "risk_score": 0.3682, "severity_band": "red", "population_exposed": 633, "dist_to_drain_km": 0.195, "dist_to_incident_km": 9.282, "rainfall_mm": 60.0}}, {"type": "Feature", "geometry": {"type": "Point", "coordinates": [78.423207, 17.557138]}, "properties": {"cell_id": 2557, "risk_score": 0.3869, "severity_band": "red", "population_exposed": 631, "dist_to_drain_km": 0.151, "dist_to_incident_km": 9.625, "rainfall_mm": 60.0}}]}